timestamp,time_s,T_CPU,T_CASE,T_AMBIENT,noise,pwm,rpm,mode,raw_line
2026-05-13T12:36:49,2.05,33.88,31.81,25.56,28.2,0.0,,FUZZY,"33.88,31.81,25.56,28.20,0.00,FUZZY"
2026-05-13T12:36:50,3.41,33.94,31.81,25.62,40.08,7.51,,FUZZY,"33.94,31.81,25.62,40.08,7.51,FUZZY"
2026-05-13T12:36:52,4.82,33.94,31.75,25.56,43.03,13.22,,FUZZY,"33.94,31.75,25.56,43.03,13.22,FUZZY"
2026-05-13T12:36:53,6.25,33.94,31.75,25.62,48.41,19.29,,FUZZY,"33.94,31.75,25.62,48.41,19.29,FUZZY"
2026-05-13T12:36:54,7.66,34.0,31.75,25.56,55.97,14.47,,FUZZY,"34.00,31.75,25.56,55.97,14.47,FUZZY"
2026-05-13T12:36:56,9.09,34.0,31.69,25.62,48.79,20.02,,FUZZY,"34.00,31.69,25.62,48.79,20.02,FUZZY"
2026-05-13T12:36:57,10.5,34.0,31.69,25.56,53.71,15.02,,FUZZY,"34.00,31.69,25.56,53.71,15.02,FUZZY"
2026-05-13T12:36:59,11.92,34.06,31.69,25.56,55.09,11.26,,FUZZY,"34.06,31.69,25.56,55.09,11.26,FUZZY"
2026-05-13T12:37:00,13.34,34.13,31.69,25.56,49.63,16.23,,FUZZY,"34.13,31.69,25.56,49.63,16.23,FUZZY"
2026-05-13T12:37:02,14.76,34.13,31.62,25.56,43.85,21.13,,FUZZY,"34.13,31.62,25.56,43.85,21.13,FUZZY"
2026-05-13T12:37:03,16.19,34.13,31.62,25.56,49.94,23.48,,FUZZY,"34.13,31.62,25.56,49.94,23.48,FUZZY"
2026-05-13T12:37:04,17.61,34.19,31.62,25.62,48.18,27.27,,FUZZY,"34.19,31.62,25.62,48.18,27.27,FUZZY"
2026-05-13T12:37:06,19.04,34.19,31.62,25.56,48.07,30.23,,FUZZY,"34.19,31.62,25.56,48.07,30.23,FUZZY"
2026-05-13T12:37:07,20.45,34.19,31.62,25.62,50.43,31.17,,FUZZY,"34.19,31.62,25.62,50.43,31.17,FUZZY"
2026-05-13T12:37:09,21.87,34.25,31.56,25.56,56.17,23.38,,FUZZY,"34.25,31.56,25.56,56.17,23.38,FUZZY"
2026-05-13T12:37:10,23.28,34.31,31.56,25.56,52.47,25.06,,FUZZY,"34.31,31.56,25.56,52.47,25.06,FUZZY"
2026-05-13T12:37:11,24.7,34.31,31.56,25.56,54.59,26.32,,FUZZY,"34.31,31.56,25.56,54.59,26.32,FUZZY"
2026-05-13T12:37:13,26.11,34.31,31.56,25.56,53.03,27.27,,FUZZY,"34.31,31.56,25.56,53.03,27.27,FUZZY"
2026-05-13T12:37:14,27.52,34.31,31.5,25.56,52.41,27.97,,FUZZY,"34.31,31.50,25.56,52.41,27.97,FUZZY"
2026-05-13T12:37:16,28.94,34.38,31.5,25.56,54.57,28.7,,FUZZY,"34.38,31.50,25.56,54.57,28.70,FUZZY"
2026-05-13T12:37:17,30.35,34.38,31.5,25.56,51.83,29.25,,FUZZY,"34.38,31.50,25.56,51.83,29.25,FUZZY"
2026-05-13T12:37:19,31.77,34.38,31.5,25.56,42.33,32.12,,FUZZY,"34.38,31.50,25.56,42.33,32.12,FUZZY"
2026-05-13T12:37:20,33.19,34.44,31.44,25.56,47.53,34.75,,FUZZY,"34.44,31.44,25.56,47.53,34.75,FUZZY"
2026-05-13T12:37:21,34.61,34.44,31.44,25.56,51.41,33.98,,FUZZY,"34.44,31.44,25.56,51.41,33.98,FUZZY"
2026-05-13T12:37:23,36.02,34.44,31.44,25.56,44.57,36.03,,FUZZY,"34.44,31.44,25.56,44.57,36.03,FUZZY"
2026-05-13T12:37:24,37.43,34.5,31.44,25.56,50.23,35.13,,FUZZY,"34.50,31.44,25.56,50.23,35.13,FUZZY"
2026-05-13T12:37:26,38.85,34.5,31.44,25.56,44.69,37.23,,FUZZY,"34.50,31.44,25.56,44.69,37.23,FUZZY"
2026-05-13T12:37:27,40.26,34.5,31.44,25.56,53.88,36.03,,FUZZY,"34.50,31.44,25.56,53.88,36.03,FUZZY"
2026-05-13T12:37:28,41.68,34.5,31.37,25.56,53.95,35.12,,FUZZY,"34.50,31.37,25.56,53.95,35.12,FUZZY"
2026-05-13T12:37:30,43.09,34.56,31.37,25.56,53.98,34.63,,FUZZY,"34.56,31.37,25.56,53.98,34.63,FUZZY"
2026-05-13T12:37:31,44.5,34.56,31.37,25.56,50.39,34.27,,FUZZY,"34.56,31.37,25.56,50.39,34.27,FUZZY"
2026-05-13T12:37:33,45.92,34.63,31.37,25.56,51.96,34.18,,FUZZY,"34.63,31.37,25.56,51.96,34.18,FUZZY"
2026-05-13T12:37:34,47.33,34.63,31.37,25.56,52.58,34.11,,FUZZY,"34.63,31.37,25.56,52.58,34.11,FUZZY"
2026-05-13T12:37:36,48.75,34.63,31.37,25.56,40.83,37.15,,FUZZY,"34.63,31.37,25.56,40.83,37.15,FUZZY"
2026-05-13T12:37:37,50.16,34.69,31.37,25.56,51.73,36.52,,FUZZY,"34.69,31.37,25.56,51.73,36.52,FUZZY"
2026-05-13T12:37:38,51.59,34.69,31.37,25.56,47.09,38.17,,FUZZY,"34.69,31.37,25.56,47.09,38.17,FUZZY"
2026-05-13T12:37:40,53.01,34.69,31.37,25.56,47.04,39.42,,FUZZY,"34.69,31.37,25.56,47.04,39.42,FUZZY"
2026-05-13T12:37:41,54.43,34.69,31.37,25.56,54.81,38.23,,FUZZY,"34.69,31.37,25.56,54.81,38.23,FUZZY"
2026-05-13T12:37:43,55.84,34.75,31.37,25.5,59.13,36.59,,FUZZY,"34.75,31.37,25.50,59.13,36.59,FUZZY"
2026-05-13T12:37:44,57.24,34.75,31.31,25.5,53.65,35.37,,FUZZY,"34.75,31.31,25.50,53.65,35.37,FUZZY"
2026-05-13T12:37:45,58.66,34.75,31.37,25.5,47.26,37.29,,FUZZY,"34.75,31.37,25.50,47.26,37.29,FUZZY"
2026-05-13T12:37:47,60.07,34.75,31.31,25.56,52.5,36.8,,FUZZY,"34.75,31.31,25.56,52.50,36.80,FUZZY"
2026-05-13T12:37:48,61.48,34.81,31.37,25.5,57.0,35.73,,FUZZY,"34.81,31.37,25.50,57.00,35.73,FUZZY"
2026-05-13T12:37:50,62.9,34.81,31.31,25.56,50.4,35.68,,FUZZY,"34.81,31.31,25.56,50.40,35.68,FUZZY"
2026-05-13T12:37:51,64.31,34.81,31.37,25.56,53.16,35.78,,FUZZY,"34.81,31.37,25.56,53.16,35.78,FUZZY"
2026-05-13T12:37:52,65.72,34.81,31.31,25.56,53.66,35.85,,FUZZY,"34.81,31.31,25.56,53.66,35.85,FUZZY"
2026-05-13T12:37:54,67.14,34.88,31.31,25.56,57.47,36.09,,FUZZY,"34.88,31.31,25.56,57.47,36.09,FUZZY"
2026-05-13T12:37:55,68.55,34.88,31.31,25.56,57.79,36.27,,FUZZY,"34.88,31.31,25.56,57.79,36.27,FUZZY"
2026-05-13T12:37:57,69.96,34.88,31.31,25.56,60.31,36.4,,FUZZY,"34.88,31.31,25.56,60.31,36.40,FUZZY"
2026-05-13T12:37:58,71.38,34.94,31.31,25.56,57.73,36.68,,FUZZY,"34.94,31.31,25.56,57.73,36.68,FUZZY"
2026-05-13T12:38:00,72.79,34.94,31.31,25.56,50.09,36.69,,FUZZY,"34.94,31.31,25.56,50.09,36.69,FUZZY"
2026-05-13T12:38:01,74.22,35.0,31.31,25.56,48.84,36.98,,FUZZY,"35.00,31.31,25.56,48.84,36.98,FUZZY"
2026-05-13T12:38:02,75.65,35.0,31.31,25.56,47.13,38.81,,FUZZY,"35.00,31.31,25.56,47.13,38.81,FUZZY"
2026-05-13T12:38:04,77.06,35.06,31.31,25.56,54.85,38.85,,FUZZY,"35.06,31.31,25.56,54.85,38.85,FUZZY"
2026-05-13T12:38:05,78.47,35.13,31.31,25.56,51.34,39.0,,FUZZY,"35.13,31.31,25.56,51.34,39.00,FUZZY"
2026-05-13T12:38:07,79.89,35.19,31.31,25.56,54.74,39.37,,FUZZY,"35.19,31.31,25.56,54.74,39.37,FUZZY"
2026-05-13T12:38:08,81.3,35.19,31.31,25.56,56.09,39.65,,FUZZY,"35.19,31.31,25.56,56.09,39.65,FUZZY"
2026-05-13T12:38:09,82.72,35.25,31.25,25.56,62.04,40.04,,FUZZY,"35.25,31.25,25.56,62.04,40.04,FUZZY"
2026-05-13T12:38:11,84.13,35.31,31.31,25.56,61.42,40.54,,FUZZY,"35.31,31.31,25.56,61.42,40.54,FUZZY"
2026-05-13T12:38:12,85.54,35.38,31.31,25.56,57.57,41.12,,FUZZY,"35.38,31.31,25.56,57.57,41.12,FUZZY"
2026-05-13T12:38:14,86.96,35.44,31.25,25.56,58.43,41.76,,FUZZY,"35.44,31.25,25.56,58.43,41.76,FUZZY"
2026-05-13T12:38:15,88.37,35.44,31.25,25.56,60.57,42.23,,FUZZY,"35.44,31.25,25.56,60.57,42.23,FUZZY"
2026-05-13T12:38:17,89.78,35.5,31.25,25.56,51.83,42.96,,FUZZY,"35.50,31.25,25.56,51.83,42.96,FUZZY"
2026-05-13T12:38:18,91.18,35.56,31.31,25.56,57.33,43.34,,FUZZY,"35.56,31.31,25.56,57.33,43.34,FUZZY"
2026-05-13T12:38:19,92.59,35.63,31.25,25.56,62.53,43.62,,FUZZY,"35.63,31.25,25.56,62.53,43.62,FUZZY"
2026-05-13T12:38:21,94.0,35.69,31.31,25.56,49.01,44.43,,FUZZY,"35.69,31.31,25.56,49.01,44.43,FUZZY"
2026-05-13T12:38:22,95.41,35.75,31.31,25.56,55.61,44.43,,FUZZY,"35.75,31.31,25.56,55.61,44.43,FUZZY"
2026-05-13T12:38:24,96.81,35.81,31.31,25.56,52.24,44.58,,FUZZY,"35.81,31.31,25.56,52.24,44.58,FUZZY"
2026-05-13T12:38:25,98.22,35.88,31.31,25.56,46.1,48.83,,FUZZY,"35.88,31.31,25.56,46.10,48.83,FUZZY"
2026-05-13T12:38:26,99.63,35.94,31.31,25.56,56.24,47.72,,FUZZY,"35.94,31.31,25.56,56.24,47.72,FUZZY"
2026-05-13T12:38:28,101.04,36.0,31.31,25.56,53.7,46.97,,FUZZY,"36.00,31.31,25.56,53.70,46.97,FUZZY"
2026-05-13T12:38:29,102.45,36.06,31.31,25.56,47.28,49.14,,FUZZY,"36.06,31.31,25.56,47.28,49.14,FUZZY"
2026-05-13T12:38:31,103.86,36.13,31.31,25.56,48.31,49.47,,FUZZY,"36.13,31.31,25.56,48.31,49.47,FUZZY"
2026-05-13T12:38:32,105.26,36.19,31.31,25.56,55.92,48.21,,FUZZY,"36.19,31.31,25.56,55.92,48.21,FUZZY"
2026-05-13T12:38:33,106.67,36.25,31.31,25.56,43.97,52.95,,FUZZY,"36.25,31.31,25.56,43.97,52.95,FUZZY"
2026-05-13T12:38:35,108.08,36.31,31.31,25.56,43.39,56.51,,FUZZY,"36.31,31.31,25.56,43.39,56.51,FUZZY"
2026-05-13T12:38:36,109.48,36.38,31.31,25.56,52.76,53.61,,FUZZY,"36.38,31.31,25.56,52.76,53.61,FUZZY"
2026-05-13T12:38:38,110.89,36.44,31.31,25.62,52.3,52.11,,FUZZY,"36.44,31.31,25.62,52.30,52.11,FUZZY"
2026-05-13T12:38:39,112.3,36.5,31.37,25.56,46.12,54.44,,FUZZY,"36.50,31.37,25.56,46.12,54.44,FUZZY"
2026-05-13T12:38:40,113.71,36.56,31.37,25.56,51.45,52.15,,FUZZY,"36.56,31.37,25.56,51.45,52.15,FUZZY"
2026-05-13T12:38:42,115.11,36.63,31.37,25.56,59.58,50.18,,FUZZY,"36.63,31.37,25.56,59.58,50.18,FUZZY"
2026-05-13T12:38:43,116.52,36.69,31.37,25.56,62.83,48.72,,FUZZY,"36.69,31.37,25.56,62.83,48.72,FUZZY"
2026-05-13T12:38:45,117.92,36.75,31.37,25.56,64.13,47.64,,FUZZY,"36.75,31.37,25.56,64.13,47.64,FUZZY"
2026-05-13T12:38:46,119.33,36.81,31.37,25.56,58.65,46.8,,FUZZY,"36.81,31.37,25.56,58.65,46.80,FUZZY"
2026-05-13T12:38:47,120.74,36.88,31.37,25.56,53.46,46.29,,FUZZY,"36.88,31.37,25.56,53.46,46.29,FUZZY"
2026-05-13T12:38:49,122.15,36.94,31.37,25.56,47.18,48.76,,FUZZY,"36.94,31.37,25.56,47.18,48.76,FUZZY"
2026-05-13T12:38:50,123.55,37.0,31.44,25.5,56.07,46.98,,FUZZY,"37.00,31.44,25.50,56.07,46.98,FUZZY"
2026-05-13T12:38:52,124.96,37.06,31.37,25.56,51.23,46.57,,FUZZY,"37.06,31.37,25.56,51.23,46.57,FUZZY"
2026-05-13T12:38:53,126.36,37.13,31.37,25.56,54.09,46.09,,FUZZY,"37.13,31.37,25.56,54.09,46.09,FUZZY"
2026-05-13T12:38:55,127.77,37.19,31.44,25.62,52.24,46.48,,FUZZY,"37.19,31.44,25.62,52.24,46.48,FUZZY"
2026-05-13T12:38:56,129.18,37.25,31.44,25.56,62.29,45.96,,FUZZY,"37.25,31.44,25.56,62.29,45.96,FUZZY"
2026-05-13T12:38:57,130.59,37.25,31.44,25.56,47.72,47.82,,FUZZY,"37.25,31.44,25.56,47.72,47.82,FUZZY"
2026-05-13T12:38:59,132.0,37.31,31.44,25.56,65.89,47.03,,FUZZY,"37.31,31.44,25.56,65.89,47.03,FUZZY"
2026-05-13T12:39:00,133.4,37.38,31.44,25.62,55.75,46.94,,FUZZY,"37.38,31.44,25.62,55.75,46.94,FUZZY"
2026-05-13T12:39:02,134.81,37.38,31.44,25.56,58.9,46.32,,FUZZY,"37.38,31.44,25.56,58.90,46.32,FUZZY"
2026-05-13T12:39:03,136.22,37.44,31.44,25.62,72.16,47.72,,FUZZY,"37.44,31.44,25.62,72.16,47.72,FUZZY"
2026-05-13T12:39:04,137.62,37.5,31.44,25.62,50.46,47.95,,FUZZY,"37.50,31.44,25.62,50.46,47.95,FUZZY"
2026-05-13T12:39:06,139.03,37.5,31.5,25.62,54.39,47.7,,FUZZY,"37.50,31.50,25.62,54.39,47.70,FUZZY"
2026-05-13T12:39:07,140.44,37.5,31.5,25.62,54.75,47.48,,FUZZY,"37.50,31.50,25.62,54.75,47.48,FUZZY"
2026-05-13T12:39:09,141.85,37.5,31.5,25.62,46.5,50.5,,FUZZY,"37.50,31.50,25.62,46.50,50.50,FUZZY"
2026-05-13T12:39:10,143.26,37.56,31.5,25.62,45.0,54.88,,FUZZY,"37.56,31.50,25.62,45.00,54.88,FUZZY"
2026-05-13T12:39:11,144.67,37.63,31.5,25.62,66.0,53.28,,FUZZY,"37.63,31.50,25.62,66.00,53.28,FUZZY"
2026-05-13T12:39:13,146.08,37.63,31.5,25.56,78.6,51.31,,FUZZY,"37.63,31.50,25.56,78.60,51.31,FUZZY"
2026-05-13T12:39:14,147.49,37.63,31.5,25.56,59.04,50.04,,FUZZY,"37.63,31.50,25.56,59.04,50.04,FUZZY"
2026-05-13T12:39:16,148.91,37.69,31.5,25.56,53.62,49.34,,FUZZY,"37.69,31.50,25.56,53.62,49.34,FUZZY"
2026-05-13T12:39:17,150.32,37.69,31.5,25.62,58.05,49.28,,FUZZY,"37.69,31.50,25.62,58.05,49.28,FUZZY"
2026-05-13T12:39:18,151.73,37.69,31.56,25.62,44.22,54.32,,FUZZY,"37.69,31.56,25.62,44.22,54.32,FUZZY"
2026-05-13T12:39:20,153.14,37.69,31.56,25.56,51.29,52.81,,FUZZY,"37.69,31.56,25.56,51.29,52.81,FUZZY"
2026-05-13T12:39:21,154.55,37.69,31.56,25.62,55.31,51.89,,FUZZY,"37.69,31.56,25.62,55.31,51.89,FUZZY"
2026-05-13T12:39:23,155.98,37.69,31.56,25.62,49.13,52.3,,FUZZY,"37.69,31.56,25.62,49.13,52.30,FUZZY"
2026-05-13T12:39:24,157.39,37.69,31.56,25.62,58.65,51.51,,FUZZY,"37.69,31.56,25.62,58.65,51.51,FUZZY"
2026-05-13T12:39:26,158.8,37.69,31.56,25.62,53.46,50.97,,FUZZY,"37.69,31.56,25.62,53.46,50.97,FUZZY"
2026-05-13T12:39:27,160.21,37.75,31.56,25.62,54.98,50.71,,FUZZY,"37.75,31.56,25.62,54.98,50.71,FUZZY"
2026-05-13T12:39:28,161.63,37.69,31.56,25.62,51.39,50.66,,FUZZY,"37.69,31.56,25.62,51.39,50.66,FUZZY"
2026-05-13T12:39:30,163.04,37.75,31.62,25.62,56.56,50.48,,FUZZY,"37.75,31.62,25.62,56.56,50.48,FUZZY"
2026-05-13T12:39:31,164.45,37.75,31.62,25.62,59.82,50.34,,FUZZY,"37.75,31.62,25.62,59.82,50.34,FUZZY"
2026-05-13T12:39:33,165.86,37.75,31.62,25.62,81.53,49.93,,FUZZY,"37.75,31.62,25.62,81.53,49.93,FUZZY"
2026-05-13T12:39:34,167.28,37.75,31.62,25.62,70.41,50.73,,FUZZY,"37.75,31.62,25.62,70.41,50.73,FUZZY"
2026-05-13T12:39:35,168.69,37.75,31.62,25.62,61.16,50.53,,FUZZY,"37.75,31.62,25.62,61.16,50.53,FUZZY"
2026-05-13T12:39:37,170.11,37.75,31.62,25.62,75.47,50.31,,FUZZY,"37.75,31.62,25.62,75.47,50.31,FUZZY"
2026-05-13T12:39:38,171.52,37.75,31.62,25.62,60.19,50.21,,FUZZY,"37.75,31.62,25.62,60.19,50.21,FUZZY"
2026-05-13T12:39:40,172.93,37.69,31.62,25.62,54.67,49.94,,FUZZY,"37.69,31.62,25.62,54.67,49.94,FUZZY"
2026-05-13T12:39:41,174.34,37.69,31.62,25.62,59.07,49.73,,FUZZY,"37.69,31.62,25.62,59.07,49.73,FUZZY"
2026-05-13T12:39:43,175.75,37.69,31.62,25.62,55.43,49.58,,FUZZY,"37.69,31.62,25.62,55.43,49.58,FUZZY"
2026-05-13T12:39:44,177.18,37.69,31.62,25.62,46.77,52.58,,FUZZY,"37.69,31.62,25.62,46.77,52.58,FUZZY"
2026-05-13T12:39:45,178.59,37.69,31.62,25.62,67.31,51.86,,FUZZY,"37.69,31.62,25.62,67.31,51.86,FUZZY"
2026-05-13T12:39:47,180.0,37.69,31.62,25.62,53.32,51.25,,FUZZY,"37.69,31.62,25.62,53.32,51.25,FUZZY"
2026-05-13T12:39:48,181.41,37.69,31.62,25.62,50.73,51.19,,FUZZY,"37.69,31.62,25.62,50.73,51.19,FUZZY"
2026-05-13T12:39:50,182.82,37.69,31.69,25.62,58.69,50.67,,FUZZY,"37.69,31.69,25.62,58.69,50.67,FUZZY"
2026-05-13T12:39:51,184.23,37.69,31.69,25.62,69.08,50.72,,FUZZY,"37.69,31.69,25.62,69.08,50.72,FUZZY"
2026-05-13T12:39:52,185.65,37.63,31.69,25.62,75.03,49.63,,FUZZY,"37.63,31.69,25.62,75.03,49.63,FUZZY"
2026-05-13T12:39:54,187.06,37.63,31.69,25.62,66.61,49.39,,FUZZY,"37.63,31.69,25.62,66.61,49.39,FUZZY"
2026-05-13T12:39:55,188.48,37.63,31.69,25.62,47.04,51.87,,FUZZY,"37.63,31.69,25.62,47.04,51.87,FUZZY"
2026-05-13T12:39:57,189.89,37.63,31.75,25.62,52.42,51.18,,FUZZY,"37.63,31.75,25.62,52.42,51.18,FUZZY"
2026-05-13T12:39:58,191.3,37.63,31.75,25.69,56.37,50.88,,FUZZY,"37.63,31.75,25.69,56.37,50.88,FUZZY"
2026-05-13T12:39:59,192.72,37.63,31.75,25.62,67.55,50.44,,FUZZY,"37.63,31.75,25.62,67.55,50.44,FUZZY"
2026-05-13T12:40:01,194.13,37.63,31.75,25.62,52.82,50.06,,FUZZY,"37.63,31.75,25.62,52.82,50.06,FUZZY"
2026-05-13T12:40:02,195.54,37.63,31.75,25.62,50.53,50.14,,FUZZY,"37.63,31.75,25.62,50.53,50.14,FUZZY"
2026-05-13T12:40:04,196.95,37.56,31.75,25.62,68.21,49.77,,FUZZY,"37.56,31.75,25.62,68.21,49.77,FUZZY"
2026-05-13T12:40:05,198.36,37.56,31.75,25.62,69.28,49.67,,FUZZY,"37.56,31.75,25.62,69.28,49.67,FUZZY"
2026-05-13T12:40:07,199.78,37.56,31.75,25.62,48.11,50.48,,FUZZY,"37.56,31.75,25.62,48.11,50.48,FUZZY"
2026-05-13T12:40:08,201.2,37.5,31.75,25.62,45.05,54.59,,FUZZY,"37.50,31.75,25.62,45.05,54.59,FUZZY"
2026-05-13T12:40:09,202.6,37.5,31.75,25.62,44.42,57.74,,FUZZY,"37.50,31.75,25.62,44.42,57.74,FUZZY"
2026-05-13T12:40:11,204.01,37.5,31.75,25.62,74.17,54.65,,FUZZY,"37.50,31.75,25.62,74.17,54.65,FUZZY"
2026-05-13T12:40:12,205.43,37.5,31.75,25.62,71.07,53.53,,FUZZY,"37.50,31.75,25.62,71.07,53.53,FUZZY"
2026-05-13T12:40:14,206.83,37.5,31.75,25.62,60.83,51.84,,FUZZY,"37.50,31.75,25.62,60.83,51.84,FUZZY"
2026-05-13T12:40:15,208.24,37.5,31.81,25.69,65.73,51.08,,FUZZY,"37.50,31.81,25.69,65.73,51.08,FUZZY"
2026-05-13T12:40:16,209.64,37.44,31.81,25.62,65.29,50.02,,FUZZY,"37.44,31.81,25.62,65.29,50.02,FUZZY"
2026-05-13T12:40:18,211.05,37.44,31.81,25.69,60.92,49.65,,FUZZY,"37.44,31.81,25.69,60.92,49.65,FUZZY"
2026-05-13T12:40:19,212.46,37.44,31.81,25.69,74.17,48.59,,FUZZY,"37.44,31.81,25.69,74.17,48.59,FUZZY"
2026-05-13T12:40:21,213.87,37.38,31.81,25.69,60.27,48.55,,FUZZY,"37.38,31.81,25.69,60.27,48.55,FUZZY"
2026-05-13T12:40:22,215.27,37.38,31.81,25.69,55.31,48.54,,FUZZY,"37.38,31.81,25.69,55.31,48.54,FUZZY"
2026-05-13T12:40:23,216.68,37.38,31.75,25.69,51.52,48.92,,FUZZY,"37.38,31.75,25.69,51.52,48.92,FUZZY"
2026-05-13T12:40:25,218.09,37.38,31.81,25.69,65.01,48.84,,FUZZY,"37.38,31.81,25.69,65.01,48.84,FUZZY"
2026-05-13T12:40:26,219.49,37.38,31.81,25.69,59.6,48.74,,FUZZY,"37.38,31.81,25.69,59.60,48.74,FUZZY"
2026-05-13T12:40:28,220.9,37.38,31.81,25.69,55.64,48.67,,FUZZY,"37.38,31.81,25.69,55.64,48.67,FUZZY"
2026-05-13T12:40:29,222.31,37.31,31.81,25.69,49.26,49.53,,FUZZY,"37.31,31.81,25.69,49.26,49.53,FUZZY"
2026-05-13T12:40:30,223.71,37.31,31.81,25.69,69.5,49.85,,FUZZY,"37.31,31.81,25.69,69.50,49.85,FUZZY"
2026-05-13T12:40:32,225.12,37.31,31.81,25.69,57.8,49.49,,FUZZY,"37.31,31.81,25.69,57.80,49.49,FUZZY"
2026-05-13T12:40:33,226.53,37.31,31.81,25.69,57.92,49.21,,FUZZY,"37.31,31.81,25.69,57.92,49.21,FUZZY"
2026-05-13T12:40:35,227.93,37.25,31.81,25.69,53.17,49.21,,FUZZY,"37.25,31.81,25.69,53.17,49.21,FUZZY"
2026-05-13T12:40:36,229.34,37.25,31.81,25.69,52.47,49.28,,FUZZY,"37.25,31.81,25.69,52.47,49.28,FUZZY"
2026-05-13T12:40:38,230.75,37.25,31.81,25.69,44.99,53.75,,FUZZY,"37.25,31.81,25.69,44.99,53.75,FUZZY"
2026-05-13T12:40:39,232.15,37.25,31.81,25.69,56.99,52.39,,FUZZY,"37.25,31.81,25.69,56.99,52.39,FUZZY"
2026-05-13T12:40:40,233.56,37.19,31.81,25.69,56.4,51.37,,FUZZY,"37.19,31.81,25.69,56.40,51.37,FUZZY"
2026-05-13T12:40:42,234.96,37.19,31.81,25.69,60.96,50.6,,FUZZY,"37.19,31.81,25.69,60.96,50.60,FUZZY"
2026-05-13T12:40:43,236.37,37.19,31.81,25.69,49.58,50.88,,FUZZY,"37.19,31.81,25.69,49.58,50.88,FUZZY"
2026-05-13T12:40:45,237.78,37.19,31.81,25.69,43.83,54.96,,FUZZY,"37.19,31.81,25.69,43.83,54.96,FUZZY"
2026-05-13T12:40:46,239.19,37.19,31.87,25.69,51.13,53.79,,FUZZY,"37.19,31.87,25.69,51.13,53.79,FUZZY"
2026-05-13T12:40:47,240.59,37.19,31.81,25.69,80.45,50.76,,FUZZY,"37.19,31.81,25.69,80.45,50.76,FUZZY"
2026-05-13T12:40:49,242.0,37.13,31.87,25.69,90.38,48.48,,FUZZY,"37.13,31.87,25.69,90.38,48.48,FUZZY"
2026-05-13T12:40:50,243.4,37.13,31.87,25.69,67.95,48.79,,FUZZY,"37.13,31.87,25.69,67.95,48.79,FUZZY"
2026-05-13T12:40:52,244.81,37.13,31.87,25.62,64.98,48.29,,FUZZY,"37.13,31.87,25.62,64.98,48.29,FUZZY"
2026-05-13T12:40:53,246.22,37.06,31.81,25.69,61.99,48.27,,FUZZY,"37.06,31.81,25.69,61.99,48.27,FUZZY"
2026-05-13T12:40:54,247.62,37.06,31.87,25.69,60.8,48.25,,FUZZY,"37.06,31.87,25.69,60.80,48.25,FUZZY"
2026-05-13T12:40:56,249.03,37.06,31.87,25.69,61.52,48.23,,FUZZY,"37.06,31.87,25.69,61.52,48.23,FUZZY"
2026-05-13T12:40:57,250.43,37.06,31.87,25.69,42.01,52.98,,FUZZY,"37.06,31.87,25.69,42.01,52.98,FUZZY"
2026-05-13T12:40:59,251.84,37.06,31.87,25.69,67.2,52.07,,FUZZY,"37.06,31.87,25.69,67.20,52.07,FUZZY"
2026-05-13T12:41:00,253.25,37.06,31.87,25.62,78.48,49.47,,FUZZY,"37.06,31.87,25.62,78.48,49.47,FUZZY"
2026-05-13T12:41:01,254.65,37.06,31.87,25.62,55.99,48.75,,FUZZY,"37.06,31.87,25.62,55.99,48.75,FUZZY"
2026-05-13T12:41:03,256.06,37.13,31.87,25.69,66.8,48.86,,FUZZY,"37.13,31.87,25.69,66.80,48.86,FUZZY"
2026-05-13T12:41:04,257.47,37.13,31.87,25.69,60.92,48.7,,FUZZY,"37.13,31.87,25.69,60.92,48.70,FUZZY"
2026-05-13T12:41:06,258.87,37.13,31.87,25.69,57.37,48.58,,FUZZY,"37.13,31.87,25.69,57.37,48.58,FUZZY"
2026-05-13T12:41:07,260.28,37.13,31.87,25.62,49.95,48.71,,FUZZY,"37.13,31.87,25.62,49.95,48.71,FUZZY"
2026-05-13T12:41:08,261.69,37.19,31.87,25.69,51.78,49.0,,FUZZY,"37.19,31.87,25.69,51.78,49.00,FUZZY"
2026-05-13T12:41:10,263.1,37.19,31.87,25.69,50.11,49.54,,FUZZY,"37.19,31.87,25.69,50.11,49.54,FUZZY"
2026-05-13T12:41:11,264.5,37.19,31.94,25.69,66.84,49.46,,FUZZY,"37.19,31.94,25.69,66.84,49.46,FUZZY"
2026-05-13T12:41:13,265.91,37.25,31.87,25.69,78.94,47.51,,FUZZY,"37.25,31.87,25.69,78.94,47.51,FUZZY"
2026-05-13T12:41:14,267.31,37.25,31.94,25.69,53.78,47.87,,FUZZY,"37.25,31.94,25.69,53.78,47.87,FUZZY"
2026-05-13T12:41:15,268.73,37.31,31.94,25.69,45.51,52.04,,FUZZY,"37.31,31.94,25.69,45.51,52.04,FUZZY"
2026-05-13T12:41:17,270.13,37.31,31.94,25.69,55.4,51.15,,FUZZY,"37.31,31.94,25.69,55.40,51.15,FUZZY"
2026-05-13T12:41:18,271.54,37.38,31.94,25.69,70.76,51.4,,FUZZY,"37.38,31.94,25.69,70.76,51.40,FUZZY"
2026-05-13T12:41:20,272.95,37.38,31.94,25.69,85.9,48.96,,FUZZY,"37.38,31.94,25.69,85.90,48.96,FUZZY"
2026-05-13T12:41:21,274.35,37.44,31.94,25.69,59.56,48.85,,FUZZY,"37.44,31.94,25.69,59.56,48.85,FUZZY"
2026-05-13T12:41:23,275.76,37.44,31.94,25.69,65.22,48.8,,FUZZY,"37.44,31.94,25.69,65.22,48.80,FUZZY"
2026-05-13T12:41:24,277.17,37.5,31.94,25.69,62.69,48.75,,FUZZY,"37.50,31.94,25.69,62.69,48.75,FUZZY"
2026-05-13T12:41:25,278.58,37.56,31.94,25.69,57.48,48.88,,FUZZY,"37.56,31.94,25.69,57.48,48.88,FUZZY"
2026-05-13T12:41:27,279.99,37.63,31.94,25.69,58.39,49.17,,FUZZY,"37.63,31.94,25.69,58.39,49.17,FUZZY"
2026-05-13T12:41:28,281.4,37.63,31.94,25.75,52.16,49.98,,FUZZY,"37.63,31.94,25.75,52.16,49.98,FUZZY"
2026-05-13T12:41:30,282.81,37.69,31.94,25.75,53.26,50.58,,FUZZY,"37.69,31.94,25.75,53.26,50.58,FUZZY"
2026-05-13T12:41:31,284.22,37.75,31.94,25.69,56.7,50.8,,FUZZY,"37.75,31.94,25.69,56.70,50.80,FUZZY"
2026-05-13T12:41:32,285.65,37.75,32.0,25.69,73.68,51.06,,FUZZY,"37.75,32.00,25.69,73.68,51.06,FUZZY"
2026-05-13T12:41:34,287.06,37.81,31.94,25.75,54.67,51.64,,FUZZY,"37.81,31.94,25.75,54.67,51.64,FUZZY"
2026-05-13T12:41:35,288.47,37.88,32.0,25.75,55.47,52.24,,FUZZY,"37.88,32.00,25.75,55.47,52.24,FUZZY"
2026-05-13T12:41:37,289.89,37.88,32.0,25.75,46.79,55.28,,FUZZY,"37.88,32.00,25.75,46.79,55.28,FUZZY"
2026-05-13T12:41:38,291.3,37.94,32.0,25.75,64.92,55.14,,FUZZY,"37.94,32.00,25.75,64.92,55.14,FUZZY"
2026-05-13T12:41:39,292.73,38.0,32.0,25.75,74.57,55.28,,FUZZY,"38.00,32.00,25.75,74.57,55.28,FUZZY"
2026-05-13T12:41:41,294.14,38.0,31.94,25.75,60.43,55.32,,FUZZY,"38.00,31.94,25.75,60.43,55.32,FUZZY"
2026-05-13T12:41:42,295.55,38.06,32.0,25.75,60.17,55.53,,FUZZY,"38.06,32.00,25.75,60.17,55.53,FUZZY"
2026-05-13T12:41:44,296.96,38.13,32.0,25.75,53.47,55.88,,FUZZY,"38.13,32.00,25.75,53.47,55.88,FUZZY"
2026-05-13T12:41:45,298.37,38.19,32.0,25.75,81.39,56.25,,FUZZY,"38.19,32.00,25.75,81.39,56.25,FUZZY"
2026-05-13T12:41:47,299.79,38.25,32.0,25.75,63.75,56.79,,FUZZY,"38.25,32.00,25.75,63.75,56.79,FUZZY"
2026-05-13T12:41:48,301.2,38.31,32.0,25.75,64.5,57.4,,FUZZY,"38.31,32.00,25.75,64.50,57.40,FUZZY"
2026-05-13T12:41:49,302.61,38.31,32.0,25.75,85.8,57.78,,FUZZY,"38.31,32.00,25.75,85.80,57.78,FUZZY"
2026-05-13T12:41:51,304.02,38.38,32.06,25.75,76.32,58.2,,FUZZY,"38.38,32.06,25.75,76.32,58.20,FUZZY"
2026-05-13T12:41:52,305.43,38.44,32.06,25.75,79.73,58.66,,FUZZY,"38.44,32.06,25.75,79.73,58.66,FUZZY"
2026-05-13T12:41:54,306.86,38.44,32.06,25.81,70.89,59.49,,FUZZY,"38.44,32.06,25.81,70.89,59.49,FUZZY"
2026-05-13T12:41:55,308.27,38.5,32.06,25.81,85.36,60.05,,FUZZY,"38.50,32.06,25.81,85.36,60.05,FUZZY"
2026-05-13T12:41:56,309.68,38.56,32.06,25.75,83.34,60.32,,FUZZY,"38.56,32.06,25.75,83.34,60.32,FUZZY"
2026-05-13T12:41:58,311.1,38.63,32.06,25.75,83.14,60.67,,FUZZY,"38.63,32.06,25.75,83.14,60.67,FUZZY"
2026-05-13T12:41:59,312.51,38.69,32.06,25.81,86.05,61.35,,FUZZY,"38.69,32.06,25.81,86.05,61.35,FUZZY"
2026-05-13T12:42:01,313.92,38.75,32.06,25.75,75.82,61.73,,FUZZY,"38.75,32.06,25.75,75.82,61.73,FUZZY"
2026-05-13T12:42:02,315.33,38.75,32.06,25.81,83.73,62.29,,FUZZY,"38.75,32.06,25.81,83.73,62.29,FUZZY"
2026-05-13T12:42:03,316.74,38.81,32.13,25.75,87.49,62.59,,FUZZY,"38.81,32.13,25.75,87.49,62.59,FUZZY"
2026-05-13T12:42:05,318.16,38.88,32.13,25.81,95.0,63.24,,FUZZY,"38.88,32.13,25.81,95.00,63.24,FUZZY"
2026-05-13T12:42:06,319.57,38.88,32.13,25.81,83.0,63.72,,FUZZY,"38.88,32.13,25.81,83.00,63.72,FUZZY"
2026-05-13T12:42:08,320.98,38.94,32.13,25.81,93.2,64.24,,FUZZY,"38.94,32.13,25.81,93.20,64.24,FUZZY"
2026-05-13T12:42:09,322.39,38.94,32.13,25.75,97.28,64.37,,FUZZY,"38.94,32.13,25.75,97.28,64.37,FUZZY"
2026-05-13T12:42:11,323.8,39.0,32.19,25.81,98.91,64.89,,FUZZY,"39.00,32.19,25.81,98.91,64.89,FUZZY"
2026-05-13T12:42:12,325.22,39.06,32.13,25.81,99.56,65.44,,FUZZY,"39.06,32.13,25.81,99.56,65.44,FUZZY"
2026-05-13T12:42:13,326.63,39.13,32.19,25.81,99.83,66.03,,FUZZY,"39.13,32.19,25.81,99.83,66.03,FUZZY"
2026-05-13T12:42:15,328.04,39.13,32.19,25.81,97.53,66.46,,FUZZY,"39.13,32.19,25.81,97.53,66.46,FUZZY"
2026-05-13T12:42:16,329.45,39.19,32.19,25.81,99.01,66.97,,FUZZY,"39.19,32.19,25.81,99.01,66.97,FUZZY"
2026-05-13T12:42:18,330.86,39.25,32.25,25.81,99.6,67.53,,FUZZY,"39.25,32.25,25.81,99.60,67.53,FUZZY"
2026-05-13T12:42:19,332.27,39.31,32.25,25.81,86.64,68.13,,FUZZY,"39.31,32.25,25.81,86.64,68.13,FUZZY"
2026-05-13T12:42:20,333.69,39.31,32.25,25.81,94.66,68.59,,FUZZY,"39.31,32.25,25.81,94.66,68.59,FUZZY"
2026-05-13T12:42:22,335.1,39.38,32.25,25.81,97.86,69.12,,FUZZY,"39.38,32.25,25.81,97.86,69.12,FUZZY"
2026-05-13T12:42:23,336.51,39.38,32.25,25.81,99.15,69.53,,FUZZY,"39.38,32.25,25.81,99.15,69.53,FUZZY"
2026-05-13T12:42:25,337.92,39.44,32.25,25.81,99.66,70.03,,FUZZY,"39.44,32.25,25.81,99.66,70.03,FUZZY"
2026-05-13T12:42:26,339.33,39.44,32.25,25.81,99.86,70.41,,FUZZY,"39.44,32.25,25.81,99.86,70.41,FUZZY"
2026-05-13T12:42:27,340.74,39.5,32.31,25.81,99.95,70.9,,FUZZY,"39.50,32.31,25.81,99.95,70.90,FUZZY"
2026-05-13T12:42:29,342.14,39.5,32.31,25.81,99.98,71.27,,FUZZY,"39.50,32.31,25.81,99.98,71.27,FUZZY"
2026-05-13T12:42:30,343.55,39.63,32.31,25.81,99.99,71.54,,FUZZY,"39.63,32.31,25.81,99.99,71.54,FUZZY"
2026-05-13T12:42:32,344.96,39.63,32.31,25.81,100.0,71.74,,FUZZY,"39.63,32.31,25.81,100.00,71.74,FUZZY"
2026-05-13T12:42:33,346.36,39.69,32.31,25.81,100.0,71.88,,FUZZY,"39.69,32.31,25.81,100.00,71.88,FUZZY"
2026-05-13T12:42:35,347.77,39.69,32.38,25.81,100.0,72.0,,FUZZY,"39.69,32.38,25.81,100.00,72.00,FUZZY"
2026-05-13T12:42:36,349.17,39.75,32.38,25.81,100.0,72.08,,FUZZY,"39.75,32.38,25.81,100.00,72.08,FUZZY"
2026-05-13T12:42:37,350.58,39.75,32.38,25.81,100.0,72.14,,FUZZY,"39.75,32.38,25.81,100.00,72.14,FUZZY"
2026-05-13T12:42:39,351.98,39.81,32.44,25.81,100.0,72.19,,FUZZY,"39.81,32.44,25.81,100.00,72.19,FUZZY"
2026-05-13T12:42:40,353.39,39.81,32.44,25.81,100.0,72.22,,FUZZY,"39.81,32.44,25.81,100.00,72.22,FUZZY"
2026-05-13T12:42:42,354.8,39.88,32.44,25.81,100.0,72.25,,FUZZY,"39.88,32.44,25.81,100.00,72.25,FUZZY"
2026-05-13T12:42:43,356.2,39.88,32.44,25.81,100.0,72.27,,FUZZY,"39.88,32.44,25.81,100.00,72.27,FUZZY"
2026-05-13T12:42:44,357.61,39.94,32.44,25.81,100.0,72.29,,FUZZY,"39.94,32.44,25.81,100.00,72.29,FUZZY"
2026-05-13T12:42:46,359.01,39.94,32.5,25.81,100.0,72.3,,FUZZY,"39.94,32.50,25.81,100.00,72.30,FUZZY"
2026-05-13T12:42:47,360.42,40.0,32.5,25.81,100.0,72.31,,FUZZY,"40.00,32.50,25.81,100.00,72.31,FUZZY"
2026-05-13T12:42:49,361.82,40.0,32.5,25.81,100.0,72.31,,FUZZY,"40.00,32.50,25.81,100.00,72.31,FUZZY"
2026-05-13T12:42:50,363.23,40.06,32.5,25.81,100.0,72.32,,FUZZY,"40.06,32.50,25.81,100.00,72.32,FUZZY"
2026-05-13T12:42:51,364.64,40.06,32.5,25.81,100.0,72.32,,FUZZY,"40.06,32.50,25.81,100.00,72.32,FUZZY"
2026-05-13T12:42:53,366.04,40.13,32.56,25.81,95.8,72.32,,FUZZY,"40.13,32.56,25.81,95.80,72.32,FUZZY"
2026-05-13T12:42:54,367.45,40.13,32.56,25.87,98.32,72.54,,FUZZY,"40.13,32.56,25.87,98.32,72.54,FUZZY"
2026-05-13T12:42:56,368.85,40.19,32.56,25.81,99.33,72.49,,FUZZY,"40.19,32.56,25.81,99.33,72.49,FUZZY"
2026-05-13T12:42:57,370.26,40.19,32.56,25.81,99.73,72.45,,FUZZY,"40.19,32.56,25.81,99.73,72.45,FUZZY"
2026-05-13T12:42:58,371.66,40.19,32.56,25.87,99.89,72.64,,FUZZY,"40.19,32.56,25.87,99.89,72.64,FUZZY"
2026-05-13T12:43:00,373.07,40.19,32.56,25.87,99.96,72.78,,FUZZY,"40.19,32.56,25.87,99.96,72.78,FUZZY"
2026-05-13T12:43:01,374.48,40.19,32.63,25.87,99.98,72.88,,FUZZY,"40.19,32.63,25.87,99.98,72.88,FUZZY"
2026-05-13T12:43:03,375.88,40.19,32.63,25.87,99.99,72.96,,FUZZY,"40.19,32.63,25.87,99.99,72.96,FUZZY"
2026-05-13T12:43:04,377.29,40.19,32.63,25.87,100.0,73.02,,FUZZY,"40.19,32.63,25.87,100.00,73.02,FUZZY"
2026-05-13T12:43:05,378.69,40.19,32.63,25.87,100.0,73.06,,FUZZY,"40.19,32.63,25.87,100.00,73.06,FUZZY"
2026-05-13T12:43:07,380.1,40.19,32.63,25.87,100.0,73.1,,FUZZY,"40.19,32.63,25.87,100.00,73.10,FUZZY"
2026-05-13T12:43:08,381.5,40.19,32.63,25.87,100.0,73.12,,FUZZY,"40.19,32.63,25.87,100.00,73.12,FUZZY"
2026-05-13T12:43:10,382.91,40.19,32.63,25.87,100.0,73.14,,FUZZY,"40.19,32.63,25.87,100.00,73.14,FUZZY"
2026-05-13T12:43:11,384.32,40.13,32.63,25.87,100.0,73.16,,FUZZY,"40.13,32.63,25.87,100.00,73.16,FUZZY"
2026-05-13T12:43:12,385.72,40.13,32.69,25.87,100.0,73.17,,FUZZY,"40.13,32.69,25.87,100.00,73.17,FUZZY"
2026-05-13T12:43:14,387.13,40.13,32.69,25.87,100.0,73.17,,FUZZY,"40.13,32.69,25.87,100.00,73.17,FUZZY"
2026-05-13T12:43:15,388.53,40.13,32.69,25.87,100.0,73.18,,FUZZY,"40.13,32.69,25.87,100.00,73.18,FUZZY"
2026-05-13T12:43:17,389.94,40.06,32.69,25.87,100.0,73.18,,FUZZY,"40.06,32.69,25.87,100.00,73.18,FUZZY"
2026-05-13T12:43:18,391.34,40.0,32.75,25.87,100.0,73.19,,FUZZY,"40.00,32.75,25.87,100.00,73.19,FUZZY"
2026-05-13T12:43:20,392.75,40.0,32.69,25.87,100.0,73.19,,FUZZY,"40.00,32.69,25.87,100.00,73.19,FUZZY"
2026-05-13T12:43:21,394.16,40.0,32.75,25.87,100.0,73.19,,FUZZY,"40.00,32.75,25.87,100.00,73.19,FUZZY"
2026-05-13T12:43:22,395.56,39.94,32.75,25.87,100.0,73.19,,FUZZY,"39.94,32.75,25.87,100.00,73.19,FUZZY"
2026-05-13T12:43:24,396.97,39.94,32.75,25.87,100.0,73.19,,FUZZY,"39.94,32.75,25.87,100.00,73.19,FUZZY"
2026-05-13T12:43:25,398.37,39.88,32.75,25.87,100.0,73.2,,FUZZY,"39.88,32.75,25.87,100.00,73.20,FUZZY"
2026-05-13T12:43:27,399.78,39.88,32.75,25.94,100.0,73.41,,FUZZY,"39.88,32.75,25.94,100.00,73.41,FUZZY"
2026-05-13T12:43:28,401.18,39.81,32.81,25.87,100.0,73.36,,FUZZY,"39.81,32.81,25.87,100.00,73.36,FUZZY"
2026-05-13T12:43:29,402.59,39.75,32.75,25.94,100.0,73.53,,FUZZY,"39.75,32.75,25.94,100.00,73.53,FUZZY"
2026-05-13T12:43:31,404.0,39.75,32.81,25.94,100.0,73.66,,FUZZY,"39.75,32.81,25.94,100.00,73.66,FUZZY"
2026-05-13T12:43:32,405.4,39.75,32.81,25.94,100.0,73.76,,FUZZY,"39.75,32.81,25.94,100.00,73.76,FUZZY"
2026-05-13T12:43:34,406.81,39.69,32.81,25.87,100.0,73.62,,FUZZY,"39.69,32.81,25.87,100.00,73.62,FUZZY"
2026-05-13T12:43:35,408.21,39.63,32.81,25.94,100.0,73.72,,FUZZY,"39.63,32.81,25.94,100.00,73.72,FUZZY"
2026-05-13T12:43:36,409.62,39.63,32.81,25.94,100.0,73.81,,FUZZY,"39.63,32.81,25.94,100.00,73.81,FUZZY"
2026-05-13T12:43:38,411.02,39.56,32.81,25.94,100.0,73.87,,FUZZY,"39.56,32.81,25.94,100.00,73.87,FUZZY"
2026-05-13T12:43:39,412.43,39.5,32.81,25.94,100.0,73.91,,FUZZY,"39.50,32.81,25.94,100.00,73.91,FUZZY"
2026-05-13T12:43:41,413.84,39.5,32.81,25.94,100.0,73.95,,FUZZY,"39.50,32.81,25.94,100.00,73.95,FUZZY"
2026-05-13T12:43:42,415.25,39.44,32.88,25.94,100.0,73.75,,FUZZY,"39.44,32.88,25.94,100.00,73.75,FUZZY"
2026-05-13T12:43:43,416.66,39.44,32.88,25.94,100.0,73.6,,FUZZY,"39.44,32.88,25.94,100.00,73.60,FUZZY"
2026-05-13T12:43:45,418.07,39.38,32.88,25.94,100.0,73.27,,FUZZY,"39.38,32.88,25.94,100.00,73.27,FUZZY"
2026-05-13T12:43:46,419.48,39.38,32.88,25.94,100.0,73.03,,FUZZY,"39.38,32.88,25.94,100.00,73.03,FUZZY"
2026-05-13T12:43:48,420.9,39.31,32.88,25.94,100.0,72.64,,FUZZY,"39.31,32.88,25.94,100.00,72.64,FUZZY"
2026-05-13T12:43:49,422.31,39.25,32.88,25.94,100.0,72.16,,FUZZY,"39.25,32.88,25.94,100.00,72.16,FUZZY"
2026-05-13T12:43:50,423.72,39.19,32.88,25.94,100.0,71.62,,FUZZY,"39.19,32.88,25.94,100.00,71.62,FUZZY"
2026-05-13T12:43:52,425.13,39.19,32.88,25.94,100.0,71.22,,FUZZY,"39.19,32.88,25.94,100.00,71.22,FUZZY"
2026-05-13T12:43:53,426.55,39.13,32.88,25.94,99.4,70.75,,FUZZY,"39.13,32.88,25.94,99.40,70.75,FUZZY"
2026-05-13T12:43:55,427.96,39.06,32.88,25.94,99.76,70.24,,FUZZY,"39.06,32.88,25.94,99.76,70.24,FUZZY"
2026-05-13T12:43:56,429.37,39.0,32.88,25.94,99.9,69.71,,FUZZY,"39.00,32.88,25.94,99.90,69.71,FUZZY"
2026-05-13T12:43:58,430.78,39.0,32.88,26.0,99.96,69.47,,FUZZY,"39.00,32.88,26.00,99.96,69.47,FUZZY"
2026-05-13T12:43:59,432.19,38.94,32.88,25.94,99.98,68.98,,FUZZY,"38.94,32.88,25.94,99.98,68.98,FUZZY"
2026-05-13T12:44:00,433.6,38.94,32.88,26.0,99.99,68.72,,FUZZY,"38.94,32.88,26.00,99.99,68.72,FUZZY"
2026-05-13T12:44:02,435.02,38.88,32.88,26.0,82.0,68.33,,FUZZY,"38.88,32.88,26.00,82.00,68.33,FUZZY"
2026-05-13T12:44:03,436.43,38.88,32.94,26.0,92.8,68.04,,FUZZY,"38.88,32.94,26.00,92.80,68.04,FUZZY"
2026-05-13T12:44:05,437.84,38.81,32.94,26.0,97.12,67.62,,FUZZY,"38.81,32.94,26.00,97.12,67.62,FUZZY"
2026-05-13T12:44:06,439.25,38.75,32.94,25.94,98.85,67.09,,FUZZY,"38.75,32.94,25.94,98.85,67.09,FUZZY"
2026-05-13T12:44:07,440.66,38.75,32.94,25.94,99.54,66.7,,FUZZY,"38.75,32.94,25.94,99.54,66.70,FUZZY"
2026-05-13T12:44:09,442.07,38.69,32.94,26.0,99.82,66.2,,FUZZY,"38.69,32.94,26.00,99.82,66.20,FUZZY"
2026-05-13T12:44:10,443.48,38.69,32.94,26.0,99.93,65.83,,FUZZY,"38.69,32.94,26.00,99.93,65.83,FUZZY"
2026-05-13T12:44:12,444.9,38.63,32.94,26.0,99.97,65.33,,FUZZY,"38.63,32.94,26.00,99.97,65.33,FUZZY"
2026-05-13T12:44:13,446.31,38.56,32.94,26.0,90.99,64.75,,FUZZY,"38.56,32.94,26.00,90.99,64.75,FUZZY"
2026-05-13T12:44:14,447.72,38.56,32.94,26.0,96.4,64.31,,FUZZY,"38.56,32.94,26.00,96.40,64.31,FUZZY"
2026-05-13T12:44:16,449.13,38.5,32.94,26.0,98.56,63.76,,FUZZY,"38.50,32.94,26.00,98.56,63.76,FUZZY"
2026-05-13T12:44:17,450.54,38.5,32.94,26.0,99.42,63.35,,FUZZY,"38.50,32.94,26.00,99.42,63.35,FUZZY"
2026-05-13T12:44:19,451.95,38.44,32.94,26.0,99.77,62.82,,FUZZY,"38.44,32.94,26.00,99.77,62.82,FUZZY"
2026-05-13T12:44:20,453.36,38.44,32.94,26.0,99.91,62.42,,FUZZY,"38.44,32.94,26.00,99.91,62.42,FUZZY"
2026-05-13T12:44:22,454.78,38.38,32.94,26.0,92.76,61.9,,FUZZY,"38.38,32.94,26.00,92.76,61.90,FUZZY"
2026-05-13T12:44:23,456.19,38.31,32.94,26.0,85.71,61.26,,FUZZY,"38.31,32.94,26.00,85.71,61.26,FUZZY"
2026-05-13T12:44:24,457.6,38.31,32.94,26.0,78.08,60.79,,FUZZY,"38.31,32.94,26.00,78.08,60.79,FUZZY"
2026-05-13T12:44:26,459.01,38.25,32.94,26.0,89.43,60.19,,FUZZY,"38.25,32.94,26.00,89.43,60.19,FUZZY"
2026-05-13T12:44:27,460.42,38.25,32.94,26.0,93.37,59.74,,FUZZY,"38.25,32.94,26.00,93.37,59.74,FUZZY"
2026-05-13T12:44:29,461.83,38.19,32.94,26.0,90.15,59.15,,FUZZY,"38.19,32.94,26.00,90.15,59.15,FUZZY"
2026-05-13T12:44:30,463.24,38.19,32.94,26.0,94.26,58.71,,FUZZY,"38.19,32.94,26.00,94.26,58.71,FUZZY"
2026-05-13T12:44:31,464.66,38.13,32.94,26.0,92.9,58.12,,FUZZY,"38.13,32.94,26.00,92.90,58.12,FUZZY"
2026-05-13T12:44:33,466.07,38.13,32.94,26.0,82.76,57.67,,FUZZY,"38.13,32.94,26.00,82.76,57.67,FUZZY"
2026-05-13T12:44:34,467.48,38.06,32.94,26.0,84.1,57.06,,FUZZY,"38.06,32.94,26.00,84.10,57.06,FUZZY"
2026-05-13T12:44:36,468.89,38.0,32.94,26.0,66.04,57.25,,FUZZY,"38.00,32.94,26.00,66.04,57.25,FUZZY"
2026-05-13T12:44:37,470.3,38.0,32.94,26.0,65.42,57.4,,FUZZY,"38.00,32.94,26.00,65.42,57.40,FUZZY"
2026-05-13T12:44:38,471.71,38.0,32.94,26.0,59.77,57.5,,FUZZY,"38.00,32.94,26.00,59.77,57.50,FUZZY"
2026-05-13T12:44:40,473.12,37.94,32.94,26.06,78.51,56.33,,FUZZY,"37.94,32.94,26.06,78.51,56.33,FUZZY"
2026-05-13T12:44:41,474.54,37.88,32.94,26.0,91.4,55.23,,FUZZY,"37.88,32.94,26.00,91.40,55.23,FUZZY"
2026-05-13T12:44:43,475.96,37.88,32.94,26.0,73.16,55.37,,FUZZY,"37.88,32.94,26.00,73.16,55.37,FUZZY"
2026-05-13T12:44:44,477.38,37.88,32.88,26.06,71.86,56.36,,FUZZY,"37.88,32.88,26.06,71.86,56.36,FUZZY"
2026-05-13T12:44:46,478.79,37.88,32.94,26.06,76.75,55.15,,FUZZY,"37.88,32.94,26.06,76.75,55.15,FUZZY"
2026-05-13T12:44:47,480.21,37.81,32.94,26.0,76.3,54.03,,FUZZY,"37.81,32.94,26.00,76.30,54.03,FUZZY"
2026-05-13T12:44:48,481.62,37.81,32.94,26.06,53.92,54.96,,FUZZY,"37.81,32.94,26.06,53.92,54.96,FUZZY"
2026-05-13T12:44:50,483.03,37.75,32.94,26.06,56.37,55.57,,FUZZY,"37.75,32.94,26.06,56.37,55.57,FUZZY"
2026-05-13T12:44:51,484.44,37.75,32.88,26.06,76.55,53.91,,FUZZY,"37.75,32.88,26.06,76.55,53.91,FUZZY"
2026-05-13T12:44:53,485.86,37.69,32.88,26.06,75.62,52.4,,FUZZY,"37.69,32.88,26.06,75.62,52.40,FUZZY"
2026-05-13T12:44:54,487.28,37.69,32.88,26.06,72.25,53.6,,FUZZY,"37.69,32.88,26.06,72.25,53.60,FUZZY"
2026-05-13T12:44:55,488.69,37.69,32.88,26.06,57.1,54.45,,FUZZY,"37.69,32.88,26.06,57.10,54.45,FUZZY"
2026-05-13T12:44:57,490.1,37.63,32.88,26.06,69.64,54.75,,FUZZY,"37.63,32.88,26.06,69.64,54.75,FUZZY"
2026-05-13T12:44:58,491.52,37.63,32.88,26.12,70.46,55.02,,FUZZY,"37.63,32.88,26.12,70.46,55.02,FUZZY"
2026-05-13T12:45:00,492.94,37.63,32.88,26.06,77.98,52.67,,FUZZY,"37.63,32.88,26.06,77.98,52.67,FUZZY"
2026-05-13T12:45:01,494.35,37.63,32.88,26.06,68.39,53.39,,FUZZY,"37.63,32.88,26.06,68.39,53.39,FUZZY"
2026-05-13T12:45:03,495.76,37.63,32.88,26.06,54.36,54.19,,FUZZY,"37.63,32.88,26.06,54.36,54.19,FUZZY"
2026-05-13T12:45:04,497.17,37.63,32.88,26.06,76.34,52.08,,FUZZY,"37.63,32.88,26.06,76.34,52.08,FUZZY"
2026-05-13T12:45:05,498.58,37.69,32.88,26.06,69.54,53.1,,FUZZY,"37.69,32.88,26.06,69.54,53.10,FUZZY"
2026-05-13T12:45:07,500.0,37.63,32.88,26.12,60.21,54.25,,FUZZY,"37.63,32.88,26.12,60.21,54.25,FUZZY"
2026-05-13T12:45:08,501.41,37.69,32.88,26.12,56.49,55.19,,FUZZY,"37.69,32.88,26.12,56.49,55.19,FUZZY"
2026-05-13T12:45:10,502.82,37.69,32.88,26.12,69.39,55.43,,FUZZY,"37.69,32.88,26.12,69.39,55.43,FUZZY"
2026-05-13T12:45:11,504.23,37.69,32.88,26.06,76.96,53.39,,FUZZY,"37.69,32.88,26.06,76.96,53.39,FUZZY"
2026-05-13T12:45:12,505.64,37.75,32.88,26.12,66.18,54.62,,FUZZY,"37.75,32.88,26.12,66.18,54.62,FUZZY"
2026-05-13T12:45:14,507.06,37.75,32.88,26.12,64.87,55.54,,FUZZY,"37.75,32.88,26.12,64.87,55.54,FUZZY"
2026-05-13T12:45:15,508.47,37.75,32.88,26.12,78.15,53.82,,FUZZY,"37.75,32.88,26.12,78.15,53.82,FUZZY"
2026-05-13T12:45:17,509.88,37.81,32.88,26.12,67.86,54.87,,FUZZY,"37.81,32.88,26.12,67.86,54.87,FUZZY"
2026-05-13T12:45:18,511.29,37.81,32.88,26.12,85.94,53.7,,FUZZY,"37.81,32.88,26.12,85.94,53.70,FUZZY"
2026-05-13T12:45:19,512.71,37.88,32.88,26.12,71.58,55.02,,FUZZY,"37.88,32.88,26.12,71.58,55.02,FUZZY"
2026-05-13T12:45:21,514.12,37.88,32.88,26.12,60.43,55.97,,FUZZY,"37.88,32.88,26.12,60.43,55.97,FUZZY"
2026-05-13T12:45:22,515.54,37.88,32.88,26.12,52.97,56.67,,FUZZY,"37.88,32.88,26.12,52.97,56.67,FUZZY"
2026-05-13T12:45:24,516.95,37.94,32.88,26.12,63.19,57.28,,FUZZY,"37.94,32.88,26.12,63.19,57.28,FUZZY"
2026-05-13T12:45:25,518.36,38.0,32.88,26.12,60.08,57.8,,FUZZY,"38.00,32.88,26.12,60.08,57.80,FUZZY"
2026-05-13T12:45:27,519.77,38.0,32.88,26.12,84.03,56.86,,FUZZY,"38.00,32.88,26.12,84.03,56.86,FUZZY"
2026-05-13T12:45:28,521.18,38.0,32.88,26.12,87.61,56.16,,FUZZY,"38.00,32.88,26.12,87.61,56.16,FUZZY"
2026-05-13T12:45:29,522.59,38.06,32.81,26.12,66.84,57.03,,FUZZY,"38.06,32.81,26.12,66.84,57.03,FUZZY"
2026-05-13T12:45:31,524.01,38.13,32.88,26.12,64.54,57.74,,FUZZY,"38.13,32.88,26.12,64.54,57.74,FUZZY"
2026-05-13T12:45:32,525.42,38.13,32.88,26.12,75.02,57.53,,FUZZY,"38.13,32.88,26.12,75.02,57.53,FUZZY"
2026-05-13T12:45:34,526.83,38.19,32.88,26.12,65.41,58.18,,FUZZY,"38.19,32.88,26.12,65.41,58.18,FUZZY"
2026-05-13T12:45:35,528.24,38.19,32.88,26.19,86.16,57.98,,FUZZY,"38.19,32.88,26.19,86.16,57.98,FUZZY"
2026-05-13T12:45:36,529.65,38.25,32.88,26.12,79.46,58.08,,FUZZY,"38.25,32.88,26.12,79.46,58.08,FUZZY"
2026-05-13T12:45:38,531.06,38.31,32.88,26.19,68.99,59.0,,FUZZY,"38.31,32.88,26.19,68.99,59.00,FUZZY"
2026-05-13T12:45:39,532.48,38.31,32.88,26.19,85.19,59.09,,FUZZY,"38.31,32.88,26.19,85.19,59.09,FUZZY"
2026-05-13T12:45:41,533.89,38.38,32.88,26.19,86.28,59.4,,FUZZY,"38.38,32.88,26.19,86.28,59.40,FUZZY"
2026-05-13T12:45:42,535.3,38.44,32.88,26.19,79.51,59.86,,FUZZY,"38.44,32.88,26.19,79.51,59.86,FUZZY"
2026-05-13T12:45:43,536.71,38.44,32.88,26.19,88.8,60.2,,FUZZY,"38.44,32.88,26.19,88.80,60.20,FUZZY"
2026-05-13T12:45:45,538.12,38.5,32.88,26.12,94.92,60.68,,FUZZY,"38.50,32.88,26.12,94.92,60.68,FUZZY"
2026-05-13T12:45:46,539.54,38.56,32.88,26.19,94.37,61.22,,FUZZY,"38.56,32.88,26.19,94.37,61.22,FUZZY"
2026-05-13T12:45:48,540.95,38.63,32.88,26.19,85.75,61.83,,FUZZY,"38.63,32.88,26.19,85.75,61.83,FUZZY"
2026-05-13T12:45:49,542.36,38.63,32.88,26.12,89.5,62.34,,FUZZY,"38.63,32.88,26.12,89.50,62.34,FUZZY"
2026-05-13T12:45:51,543.77,38.69,32.88,26.19,95.8,62.88,,FUZZY,"38.69,32.88,26.19,95.80,62.88,FUZZY"
2026-05-13T12:45:52,545.18,38.69,32.88,26.19,80.32,63.3,,FUZZY,"38.69,32.88,26.19,80.32,63.30,FUZZY"
2026-05-13T12:45:53,546.6,38.75,32.88,26.12,92.13,63.84,,FUZZY,"38.75,32.88,26.12,92.13,63.84,FUZZY"
2026-05-13T12:45:55,548.01,38.75,32.88,26.12,96.85,64.24,,FUZZY,"38.75,32.88,26.12,96.85,64.24,FUZZY"
2026-05-13T12:45:56,549.42,38.81,32.94,26.19,90.34,64.75,,FUZZY,"38.81,32.94,26.19,90.34,64.75,FUZZY"
2026-05-13T12:45:58,550.83,38.88,32.94,26.12,94.94,65.35,,FUZZY,"38.88,32.94,26.12,94.94,65.35,FUZZY"
2026-05-13T12:45:59,552.24,38.94,32.94,26.19,97.97,66.03,,FUZZY,"38.94,32.94,26.19,97.97,66.03,FUZZY"
2026-05-13T12:46:00,553.66,38.94,32.94,26.12,93.79,66.52,,FUZZY,"38.94,32.94,26.12,93.79,66.52,FUZZY"
2026-05-13T12:46:02,555.07,39.0,32.94,26.12,86.72,67.12,,FUZZY,"39.00,32.94,26.12,86.72,67.12,FUZZY"
2026-05-13T12:46:03,556.48,39.0,32.94,26.12,94.69,67.57,,FUZZY,"39.00,32.94,26.12,94.69,67.57,FUZZY"
2026-05-13T12:46:05,557.89,39.06,32.94,26.19,97.87,68.17,,FUZZY,"39.06,32.94,26.19,97.87,68.17,FUZZY"
2026-05-13T12:46:06,559.3,39.13,32.94,26.12,95.55,68.81,,FUZZY,"39.13,32.94,26.12,95.55,68.81,FUZZY"
2026-05-13T12:46:07,560.71,39.19,32.94,26.12,98.22,69.53,,FUZZY,"39.19,32.94,26.12,98.22,69.53,FUZZY"
2026-05-13T12:46:09,562.13,39.19,33.0,26.12,87.89,70.07,,FUZZY,"39.19,33.00,26.12,87.89,70.07,FUZZY"
2026-05-13T12:46:10,563.54,39.25,32.94,26.19,95.16,70.81,,FUZZY,"39.25,32.94,26.19,95.16,70.81,FUZZY"
2026-05-13T12:46:12,564.95,39.25,33.0,26.12,98.06,71.28,,FUZZY,"39.25,33.00,26.12,98.06,71.28,FUZZY"
2026-05-13T12:46:13,566.36,39.31,33.0,26.12,99.22,71.87,,FUZZY,"39.31,33.00,26.12,99.22,71.87,FUZZY"
2026-05-13T12:46:15,567.77,39.31,33.0,26.19,99.69,72.44,,FUZZY,"39.31,33.00,26.19,99.69,72.44,FUZZY"
2026-05-13T12:46:16,569.19,39.38,33.0,26.12,99.88,73.01,,FUZZY,"39.38,33.00,26.12,99.88,73.01,FUZZY"
2026-05-13T12:46:17,570.6,39.44,33.0,26.12,99.95,73.68,,FUZZY,"39.44,33.00,26.12,99.95,73.68,FUZZY"
2026-05-13T12:46:19,572.01,39.44,33.0,26.12,99.98,74.18,,FUZZY,"39.44,33.00,26.12,99.98,74.18,FUZZY"
2026-05-13T12:46:20,573.42,39.44,33.06,26.12,99.99,74.55,,FUZZY,"39.44,33.06,26.12,99.99,74.55,FUZZY"
2026-05-13T12:46:22,574.83,39.5,33.0,26.12,100.0,75.09,,FUZZY,"39.50,33.00,26.12,100.00,75.09,FUZZY"
2026-05-13T12:46:23,576.23,39.56,33.06,26.19,100.0,75.75,,FUZZY,"39.56,33.06,26.19,100.00,75.75,FUZZY"
2026-05-13T12:46:24,577.64,39.56,33.06,26.19,100.0,76.24,,FUZZY,"39.56,33.06,26.19,100.00,76.24,FUZZY"
2026-05-13T12:46:26,579.05,39.63,33.06,26.12,100.0,76.36,,FUZZY,"39.63,33.06,26.12,100.00,76.36,FUZZY"
2026-05-13T12:46:27,580.45,39.63,33.06,26.19,100.0,76.7,,FUZZY,"39.63,33.06,26.19,100.00,76.70,FUZZY"
2026-05-13T12:46:29,581.86,39.69,33.06,26.19,100.0,76.95,,FUZZY,"39.69,33.06,26.19,100.00,76.95,FUZZY"
2026-05-13T12:46:30,583.26,39.75,33.06,26.19,100.0,77.15,,FUZZY,"39.75,33.06,26.19,100.00,77.15,FUZZY"
2026-05-13T12:46:31,584.67,39.75,33.13,26.19,100.0,77.29,,FUZZY,"39.75,33.13,26.19,100.00,77.29,FUZZY"
2026-05-13T12:46:33,586.07,39.81,33.13,26.12,100.0,77.14,,FUZZY,"39.81,33.13,26.12,100.00,77.14,FUZZY"
2026-05-13T12:46:34,587.48,39.81,33.13,26.12,100.0,77.03,,FUZZY,"39.81,33.13,26.12,100.00,77.03,FUZZY"
2026-05-13T12:46:36,588.88,39.88,33.13,26.19,100.0,77.2,,FUZZY,"39.88,33.13,26.19,100.00,77.20,FUZZY"
2026-05-13T12:46:37,590.29,39.88,33.13,26.12,100.0,77.08,,FUZZY,"39.88,33.13,26.12,100.00,77.08,FUZZY"
2026-05-13T12:46:38,591.7,39.88,33.13,26.19,100.0,77.24,,FUZZY,"39.88,33.13,26.19,100.00,77.24,FUZZY"
2026-05-13T12:46:40,593.1,39.94,33.13,26.19,100.0,77.36,,FUZZY,"39.94,33.13,26.19,100.00,77.36,FUZZY"
2026-05-13T12:46:41,594.51,39.94,33.19,26.19,100.0,77.45,,FUZZY,"39.94,33.19,26.19,100.00,77.45,FUZZY"
2026-05-13T12:46:43,595.91,40.0,33.19,26.12,100.0,77.26,,FUZZY,"40.00,33.19,26.12,100.00,77.26,FUZZY"
2026-05-13T12:46:44,597.32,40.0,33.19,26.19,100.0,77.38,,FUZZY,"40.00,33.19,26.19,100.00,77.38,FUZZY"
2026-05-13T12:46:45,598.73,40.0,33.19,26.12,100.0,77.21,,FUZZY,"40.00,33.19,26.12,100.00,77.21,FUZZY"
2026-05-13T12:46:47,600.13,40.06,33.19,26.19,100.0,77.34,,FUZZY,"40.06,33.19,26.19,100.00,77.34,FUZZY"
2026-05-13T12:46:48,601.54,40.13,33.25,26.12,100.0,77.18,,FUZZY,"40.13,33.25,26.12,100.00,77.18,FUZZY"
2026-05-13T12:46:50,602.94,40.13,33.25,26.12,100.0,77.06,,FUZZY,"40.13,33.25,26.12,100.00,77.06,FUZZY"
2026-05-13T12:46:51,604.35,40.19,33.25,26.19,100.0,77.22,,FUZZY,"40.19,33.25,26.19,100.00,77.22,FUZZY"
2026-05-13T12:46:53,605.75,40.19,33.25,26.19,100.0,77.35,,FUZZY,"40.19,33.25,26.19,100.00,77.35,FUZZY"
2026-05-13T12:46:54,607.16,40.19,33.25,26.19,100.0,77.44,,FUZZY,"40.19,33.25,26.19,100.00,77.44,FUZZY"
2026-05-13T12:46:55,608.57,40.25,33.25,26.12,100.0,77.26,,FUZZY,"40.25,33.25,26.12,100.00,77.26,FUZZY"
2026-05-13T12:46:57,609.97,40.25,33.25,26.19,100.0,77.37,,FUZZY,"40.25,33.25,26.19,100.00,77.37,FUZZY"
2026-05-13T12:46:58,611.38,40.25,33.31,26.19,100.0,77.46,,FUZZY,"40.25,33.31,26.19,100.00,77.46,FUZZY"
2026-05-13T12:47:00,612.78,40.31,33.31,26.12,100.0,77.27,,FUZZY,"40.31,33.31,26.12,100.00,77.27,FUZZY"
2026-05-13T12:47:01,614.19,40.31,33.31,26.19,100.0,77.38,,FUZZY,"40.31,33.31,26.19,100.00,77.38,FUZZY"
2026-05-13T12:47:02,615.59,40.31,33.31,26.19,100.0,77.47,,FUZZY,"40.31,33.31,26.19,100.00,77.47,FUZZY"
2026-05-13T12:47:04,617.0,40.38,33.31,26.19,100.0,77.53,,FUZZY,"40.38,33.31,26.19,100.00,77.53,FUZZY"
2026-05-13T12:47:05,618.41,40.38,33.31,26.19,100.0,77.58,,FUZZY,"40.38,33.31,26.19,100.00,77.58,FUZZY"
2026-05-13T12:47:07,619.81,40.44,33.31,26.19,100.0,77.62,,FUZZY,"40.44,33.31,26.19,100.00,77.62,FUZZY"
2026-05-13T12:47:08,621.22,40.44,33.31,26.19,100.0,77.64,,FUZZY,"40.44,33.31,26.19,100.00,77.64,FUZZY"
2026-05-13T12:47:09,622.62,40.44,33.38,26.12,100.0,77.41,,FUZZY,"40.44,33.38,26.12,100.00,77.41,FUZZY"
2026-05-13T12:47:11,624.03,40.44,33.31,26.19,100.0,77.49,,FUZZY,"40.44,33.31,26.19,100.00,77.49,FUZZY"
2026-05-13T12:47:12,625.43,40.5,33.38,26.19,100.0,77.54,,FUZZY,"40.50,33.38,26.19,100.00,77.54,FUZZY"
2026-05-13T12:47:14,626.84,40.5,33.38,26.19,100.0,77.59,,FUZZY,"40.50,33.38,26.19,100.00,77.59,FUZZY"
2026-05-13T12:47:15,628.25,40.5,33.38,26.12,100.0,77.37,,FUZZY,"40.50,33.38,26.12,100.00,77.37,FUZZY"
2026-05-13T12:47:16,629.65,40.56,33.38,26.19,100.0,77.46,,FUZZY,"40.56,33.38,26.19,100.00,77.46,FUZZY"
2026-05-13T12:47:18,631.06,40.56,33.38,26.19,100.0,77.52,,FUZZY,"40.56,33.38,26.19,100.00,77.52,FUZZY"
2026-05-13T12:47:19,632.46,40.63,33.38,26.19,100.0,77.57,,FUZZY,"40.63,33.38,26.19,100.00,77.57,FUZZY"
2026-05-13T12:47:21,633.87,40.63,33.44,26.19,100.0,77.61,,FUZZY,"40.63,33.44,26.19,100.00,77.61,FUZZY"
2026-05-13T12:47:22,635.27,40.69,33.38,26.19,100.0,77.64,,FUZZY,"40.69,33.38,26.19,100.00,77.64,FUZZY"
2026-05-13T12:47:23,636.68,40.69,33.44,26.19,100.0,77.66,,FUZZY,"40.69,33.44,26.19,100.00,77.66,FUZZY"
2026-05-13T12:47:25,638.08,40.69,33.44,26.19,100.0,77.68,,FUZZY,"40.69,33.44,26.19,100.00,77.68,FUZZY"
2026-05-13T12:47:26,639.49,40.75,33.44,26.19,100.0,77.69,,FUZZY,"40.75,33.44,26.19,100.00,77.69,FUZZY"
2026-05-13T12:47:28,640.9,40.75,33.44,26.19,100.0,77.7,,FUZZY,"40.75,33.44,26.19,100.00,77.70,FUZZY"
2026-05-13T12:47:29,642.3,40.75,33.44,26.19,100.0,77.7,,FUZZY,"40.75,33.44,26.19,100.00,77.70,FUZZY"
2026-05-13T12:47:30,643.71,40.75,33.5,26.19,100.0,77.71,,FUZZY,"40.75,33.50,26.19,100.00,77.71,FUZZY"
2026-05-13T12:47:32,645.11,40.81,33.5,26.19,100.0,77.71,,FUZZY,"40.81,33.50,26.19,100.00,77.71,FUZZY"
2026-05-13T12:47:33,646.52,40.81,33.5,26.19,100.0,77.71,,FUZZY,"40.81,33.50,26.19,100.00,77.71,FUZZY"
2026-05-13T12:47:35,647.92,40.88,33.5,26.19,100.0,77.72,,FUZZY,"40.88,33.50,26.19,100.00,77.72,FUZZY"
2026-05-13T12:47:36,649.33,40.88,33.5,26.19,100.0,77.72,,FUZZY,"40.88,33.50,26.19,100.00,77.72,FUZZY"
2026-05-13T12:47:37,650.74,40.88,33.5,26.19,100.0,77.72,,FUZZY,"40.88,33.50,26.19,100.00,77.72,FUZZY"
2026-05-13T12:47:39,652.14,40.88,33.5,26.19,100.0,77.72,,FUZZY,"40.88,33.50,26.19,100.00,77.72,FUZZY"
2026-05-13T12:47:40,653.55,40.94,33.5,26.19,100.0,77.72,,FUZZY,"40.94,33.50,26.19,100.00,77.72,FUZZY"
2026-05-13T12:47:42,654.95,40.94,33.5,26.19,100.0,77.72,,FUZZY,"40.94,33.50,26.19,100.00,77.72,FUZZY"
2026-05-13T12:47:43,656.36,41.0,33.5,26.19,100.0,77.72,,FUZZY,"41.00,33.50,26.19,100.00,77.72,FUZZY"
2026-05-13T12:47:45,657.76,40.94,33.56,26.19,100.0,77.72,,FUZZY,"40.94,33.56,26.19,100.00,77.72,FUZZY"
2026-05-13T12:47:46,659.17,41.0,33.56,26.19,100.0,77.72,,FUZZY,"41.00,33.56,26.19,100.00,77.72,FUZZY"
2026-05-13T12:47:47,660.57,41.0,33.5,26.19,100.0,77.72,,FUZZY,"41.00,33.50,26.19,100.00,77.72,FUZZY"
2026-05-13T12:47:49,661.98,41.0,33.5,26.25,100.0,78.01,,FUZZY,"41.00,33.50,26.25,100.00,78.01,FUZZY"
2026-05-13T12:47:50,663.39,41.0,33.56,26.25,100.0,78.23,,FUZZY,"41.00,33.56,26.25,100.00,78.23,FUZZY"
2026-05-13T12:47:52,664.79,41.06,33.56,26.19,100.0,78.1,,FUZZY,"41.06,33.56,26.19,100.00,78.10,FUZZY"
2026-05-13T12:47:53,666.2,41.06,33.56,26.25,93.4,78.29,,FUZZY,"41.06,33.56,26.25,93.40,78.29,FUZZY"
2026-05-13T12:47:54,667.6,41.06,33.56,26.25,97.36,78.44,,FUZZY,"41.06,33.56,26.25,97.36,78.44,FUZZY"
2026-05-13T12:47:56,669.01,41.06,33.56,26.25,98.94,78.55,,FUZZY,"41.06,33.56,26.25,98.94,78.55,FUZZY"
2026-05-13T12:47:57,670.42,41.06,33.56,26.19,99.58,78.34,,FUZZY,"41.06,33.56,26.19,99.58,78.34,FUZZY"
2026-05-13T12:47:59,671.82,41.06,33.56,26.19,99.83,78.19,,FUZZY,"41.06,33.56,26.19,99.83,78.19,FUZZY"
2026-05-13T12:48:00,673.23,41.06,33.56,26.25,99.93,78.36,,FUZZY,"41.06,33.56,26.25,99.93,78.36,FUZZY"
2026-05-13T12:48:01,674.63,41.06,33.63,26.19,99.97,78.2,,FUZZY,"41.06,33.63,26.19,99.97,78.20,FUZZY"
2026-05-13T12:48:03,676.04,41.06,33.63,26.25,99.99,78.37,,FUZZY,"41.06,33.63,26.25,99.99,78.37,FUZZY"
2026-05-13T12:48:04,677.44,41.06,33.63,26.25,100.0,78.49,,FUZZY,"41.06,33.63,26.25,100.00,78.49,FUZZY"
2026-05-13T12:48:06,678.85,41.0,33.63,26.25,100.0,78.59,,FUZZY,"41.00,33.63,26.25,100.00,78.59,FUZZY"
2026-05-13T12:48:07,680.26,41.0,33.63,26.19,100.0,78.37,,FUZZY,"41.00,33.63,26.19,100.00,78.37,FUZZY"
2026-05-13T12:48:08,681.66,41.0,33.63,26.25,100.0,78.5,,FUZZY,"41.00,33.63,26.25,100.00,78.50,FUZZY"
2026-05-13T12:48:10,683.07,40.94,33.63,26.25,100.0,78.59,,FUZZY,"40.94,33.63,26.25,100.00,78.59,FUZZY"
2026-05-13T12:48:11,684.47,40.94,33.63,26.25,100.0,78.66,,FUZZY,"40.94,33.63,26.25,100.00,78.66,FUZZY"
2026-05-13T12:48:13,685.88,40.88,33.69,26.25,100.0,78.71,,FUZZY,"40.88,33.69,26.25,100.00,78.71,FUZZY"
2026-05-13T12:48:14,687.28,40.88,33.69,26.25,100.0,78.75,,FUZZY,"40.88,33.69,26.25,100.00,78.75,FUZZY"
2026-05-13T12:48:15,688.69,40.81,33.69,26.19,100.0,78.5,,FUZZY,"40.81,33.69,26.19,100.00,78.50,FUZZY"
2026-05-13T12:48:17,690.1,40.81,33.69,26.25,100.0,78.59,,FUZZY,"40.81,33.69,26.25,100.00,78.59,FUZZY"
2026-05-13T12:48:18,691.5,40.75,33.69,26.25,100.0,78.66,,FUZZY,"40.75,33.69,26.25,100.00,78.66,FUZZY"
2026-05-13T12:48:20,692.91,40.69,33.69,26.25,100.0,78.71,,FUZZY,"40.69,33.69,26.25,100.00,78.71,FUZZY"
2026-05-13T12:48:21,694.31,40.63,33.69,26.25,100.0,78.75,,FUZZY,"40.63,33.69,26.25,100.00,78.75,FUZZY"
2026-05-13T12:48:22,695.72,40.63,33.69,26.25,100.0,78.78,,FUZZY,"40.63,33.69,26.25,100.00,78.78,FUZZY"
2026-05-13T12:48:24,697.12,40.63,33.69,26.25,100.0,78.81,,FUZZY,"40.63,33.69,26.25,100.00,78.81,FUZZY"
2026-05-13T12:48:25,698.53,40.56,33.69,26.25,100.0,78.82,,FUZZY,"40.56,33.69,26.25,100.00,78.82,FUZZY"
2026-05-13T12:48:27,699.94,40.5,33.75,26.25,100.0,78.83,,FUZZY,"40.50,33.75,26.25,100.00,78.83,FUZZY"
2026-05-13T12:48:28,701.34,40.44,33.75,26.25,100.0,78.84,,FUZZY,"40.44,33.75,26.25,100.00,78.84,FUZZY"
2026-05-13T12:48:30,702.75,40.44,33.75,26.25,100.0,78.85,,FUZZY,"40.44,33.75,26.25,100.00,78.85,FUZZY"
2026-05-13T12:48:31,704.15,40.38,33.69,26.25,100.0,78.86,,FUZZY,"40.38,33.69,26.25,100.00,78.86,FUZZY"
2026-05-13T12:48:32,705.56,40.38,33.69,26.25,100.0,78.86,,FUZZY,"40.38,33.69,26.25,100.00,78.86,FUZZY"
2026-05-13T12:48:34,706.96,40.31,33.75,26.31,100.0,79.2,,FUZZY,"40.31,33.75,26.31,100.00,79.20,FUZZY"
2026-05-13T12:48:35,708.37,40.25,33.75,26.31,100.0,79.45,,FUZZY,"40.25,33.75,26.31,100.00,79.45,FUZZY"
2026-05-13T12:48:37,709.78,40.19,33.75,26.31,100.0,79.64,,FUZZY,"40.19,33.75,26.31,100.00,79.64,FUZZY"
2026-05-13T12:48:38,711.18,40.19,33.75,26.25,100.0,79.45,,FUZZY,"40.19,33.75,26.25,100.00,79.45,FUZZY"
2026-05-13T12:48:39,712.59,40.13,33.75,26.25,100.0,79.3,,FUZZY,"40.13,33.75,26.25,100.00,79.30,FUZZY"
2026-05-13T12:48:41,713.99,40.0,33.75,26.25,100.0,79.2,,FUZZY,"40.00,33.75,26.25,100.00,79.20,FUZZY"
2026-05-13T12:48:42,715.4,40.0,33.75,26.31,100.0,79.45,,FUZZY,"40.00,33.75,26.31,100.00,79.45,FUZZY"
2026-05-13T12:48:44,716.8,39.94,33.75,26.25,100.0,79.3,,FUZZY,"39.94,33.75,26.25,100.00,79.30,FUZZY"
2026-05-13T12:48:45,718.21,39.94,33.75,26.25,100.0,79.2,,FUZZY,"39.94,33.75,26.25,100.00,79.20,FUZZY"
2026-05-13T12:48:46,719.61,39.88,33.75,26.31,100.0,79.44,,FUZZY,"39.88,33.75,26.31,100.00,79.44,FUZZY"
2026-05-13T12:48:48,721.02,39.81,33.69,26.31,100.0,79.6,,FUZZY,"39.81,33.69,26.31,100.00,79.60,FUZZY"
2026-05-13T12:48:49,722.43,39.75,33.75,26.25,100.0,79.42,,FUZZY,"39.75,33.75,26.25,100.00,79.42,FUZZY"
2026-05-13T12:48:51,723.83,39.69,33.75,26.31,100.0,79.56,,FUZZY,"39.69,33.75,26.31,100.00,79.56,FUZZY"
2026-05-13T12:48:52,725.24,39.69,33.75,26.31,100.0,79.67,,FUZZY,"39.69,33.75,26.31,100.00,79.67,FUZZY"
2026-05-13T12:48:53,726.64,39.63,33.75,26.31,100.0,79.73,,FUZZY,"39.63,33.75,26.31,100.00,79.73,FUZZY"
2026-05-13T12:48:55,728.05,39.56,33.75,26.31,100.0,79.76,,FUZZY,"39.56,33.75,26.31,100.00,79.76,FUZZY"
2026-05-13T12:48:56,729.45,39.5,33.75,26.31,100.0,79.76,,FUZZY,"39.50,33.75,26.31,100.00,79.76,FUZZY"
2026-05-13T12:48:58,730.86,39.44,33.75,26.31,100.0,79.4,,FUZZY,"39.44,33.75,26.31,100.00,79.40,FUZZY"
2026-05-13T12:48:59,732.28,39.38,33.75,26.31,100.0,78.78,,FUZZY,"39.38,33.75,26.31,100.00,78.78,FUZZY"
2026-05-13T12:49:00,733.69,39.38,33.75,26.31,100.0,78.31,,FUZZY,"39.38,33.75,26.31,100.00,78.31,FUZZY"
2026-05-13T12:49:02,735.1,39.31,33.75,26.31,100.0,77.63,,FUZZY,"39.31,33.75,26.31,100.00,77.63,FUZZY"
2026-05-13T12:49:03,736.51,39.31,33.75,26.31,100.0,77.12,,FUZZY,"39.31,33.75,26.31,100.00,77.12,FUZZY"
2026-05-13T12:49:05,737.92,39.25,33.75,26.31,100.0,76.41,,FUZZY,"39.25,33.75,26.31,100.00,76.41,FUZZY"
2026-05-13T12:49:06,739.34,39.19,33.75,26.31,100.0,75.58,,FUZZY,"39.19,33.75,26.31,100.00,75.58,FUZZY"
2026-05-13T12:49:08,740.75,39.13,33.75,26.31,100.0,74.65,,FUZZY,"39.13,33.75,26.31,100.00,74.65,FUZZY"
2026-05-13T12:49:09,742.16,39.06,33.75,26.31,100.0,73.66,,FUZZY,"39.06,33.75,26.31,100.00,73.66,FUZZY"
2026-05-13T12:49:10,743.57,39.0,33.75,26.31,100.0,72.65,,FUZZY,"39.00,33.75,26.31,100.00,72.65,FUZZY"
2026-05-13T12:49:12,744.98,39.0,33.75,26.37,100.0,71.98,,FUZZY,"39.00,33.75,26.37,100.00,71.98,FUZZY"
2026-05-13T12:49:13,746.4,38.94,33.75,26.31,100.0,71.11,,FUZZY,"38.94,33.75,26.31,100.00,71.11,FUZZY"
2026-05-13T12:49:15,747.81,38.88,33.75,26.31,100.0,70.19,,FUZZY,"38.88,33.75,26.31,100.00,70.19,FUZZY"
2026-05-13T12:49:16,749.22,38.88,33.75,26.31,100.0,69.5,,FUZZY,"38.88,33.75,26.31,100.00,69.50,FUZZY"
2026-05-13T12:49:17,750.63,38.81,33.75,26.31,100.0,68.72,,FUZZY,"38.81,33.75,26.31,100.00,68.72,FUZZY"
2026-05-13T12:49:19,752.05,38.75,33.75,26.31,100.0,67.88,,FUZZY,"38.75,33.75,26.31,100.00,67.88,FUZZY"
2026-05-13T12:49:20,753.46,38.69,33.75,26.31,100.0,67.01,,FUZZY,"38.69,33.75,26.31,100.00,67.01,FUZZY"
2026-05-13T12:49:22,754.87,38.69,33.69,26.31,95.2,66.36,,FUZZY,"38.69,33.69,26.31,95.20,66.36,FUZZY"
2026-05-13T12:49:23,756.28,38.63,33.75,26.31,98.08,65.63,,FUZZY,"38.63,33.75,26.31,98.08,65.63,FUZZY"
2026-05-13T12:49:24,757.7,38.63,33.69,26.31,98.03,65.08,,FUZZY,"38.63,33.69,26.31,98.03,65.08,FUZZY"
2026-05-13T12:49:26,759.11,38.56,33.75,26.37,93.21,64.39,,FUZZY,"38.56,33.75,26.37,93.21,64.39,FUZZY"
2026-05-13T12:49:27,760.52,38.5,33.75,26.37,83.49,63.63,,FUZZY,"38.50,33.75,26.37,83.49,63.63,FUZZY"
2026-05-13T12:49:29,761.93,38.5,33.69,26.31,76.59,63.12,,FUZZY,"38.50,33.69,26.31,76.59,63.12,FUZZY"
2026-05-13T12:49:30,763.34,38.44,33.69,26.37,87.64,62.43,,FUZZY,"38.44,33.69,26.37,87.64,62.43,FUZZY"
2026-05-13T12:49:32,764.76,38.38,33.69,26.31,95.06,61.77,,FUZZY,"38.38,33.69,26.31,95.06,61.77,FUZZY"
2026-05-13T12:49:33,766.17,38.38,33.69,26.31,96.22,61.27,,FUZZY,"38.38,33.69,26.31,96.22,61.27,FUZZY"
2026-05-13T12:49:34,767.58,38.31,33.69,26.37,88.29,60.56,,FUZZY,"38.31,33.69,26.37,88.29,60.56,FUZZY"
2026-05-13T12:49:36,768.99,38.31,33.69,26.37,88.72,60.04,,FUZZY,"38.31,33.69,26.37,88.72,60.04,FUZZY"
2026-05-13T12:49:37,770.41,38.25,33.69,26.31,90.69,59.52,,FUZZY,"38.25,33.69,26.31,90.69,59.52,FUZZY"
2026-05-13T12:49:39,771.82,38.19,33.69,26.37,86.67,58.77,,FUZZY,"38.19,33.69,26.37,86.67,58.77,FUZZY"
2026-05-13T12:49:40,773.23,38.19,33.63,26.37,83.87,58.21,,FUZZY,"38.19,33.63,26.37,83.87,58.21,FUZZY"
2026-05-13T12:49:41,774.64,38.13,33.63,26.37,87.55,57.55,,FUZZY,"38.13,33.63,26.37,87.55,57.55,FUZZY"
2026-05-13T12:49:43,776.06,38.13,33.63,26.37,86.62,57.06,,FUZZY,"38.13,33.63,26.37,86.62,57.06,FUZZY"
2026-05-13T12:49:44,777.48,38.06,33.63,26.37,71.85,58.66,,FUZZY,"38.06,33.63,26.37,71.85,58.66,FUZZY"
2026-05-13T12:49:46,778.89,38.06,33.63,26.37,59.94,60.41,,FUZZY,"38.06,33.63,26.37,59.94,60.41,FUZZY"
2026-05-13T12:49:47,780.3,38.0,33.63,26.37,79.18,58.7,,FUZZY,"38.00,33.63,26.37,79.18,58.70,FUZZY"
2026-05-13T12:49:48,781.72,38.0,33.63,26.37,91.67,57.42,,FUZZY,"38.00,33.63,26.37,91.67,57.42,FUZZY"
2026-05-13T12:49:50,783.13,37.94,33.63,26.37,80.47,56.21,,FUZZY,"37.94,33.63,26.37,80.47,56.21,FUZZY"
2026-05-13T12:49:51,784.54,37.94,33.63,26.37,77.79,55.29,,FUZZY,"37.94,33.63,26.37,77.79,55.29,FUZZY"
2026-05-13T12:49:53,785.95,37.88,33.63,26.37,81.51,54.35,,FUZZY,"37.88,33.63,26.37,81.51,54.35,FUZZY"
2026-05-13T12:49:54,787.37,37.88,33.56,26.37,76.41,53.66,,FUZZY,"37.88,33.56,26.37,76.41,53.66,FUZZY"
2026-05-13T12:49:56,788.79,37.88,33.63,26.37,72.56,54.82,,FUZZY,"37.88,33.63,26.37,72.56,54.82,FUZZY"
2026-05-13T12:49:57,790.21,37.88,33.63,26.37,71.02,56.95,,FUZZY,"37.88,33.63,26.37,71.02,56.95,FUZZY"
2026-05-13T12:49:58,791.63,37.88,33.56,26.37,81.81,55.59,,FUZZY,"37.88,33.56,26.37,81.81,55.59,FUZZY"
2026-05-13T12:50:00,793.04,37.88,33.56,26.37,92.72,54.58,,FUZZY,"37.88,33.56,26.37,92.72,54.58,FUZZY"
2026-05-13T12:50:01,794.45,37.88,33.56,26.37,69.49,56.92,,FUZZY,"37.88,33.56,26.37,69.49,56.92,FUZZY"
2026-05-13T12:50:03,795.86,37.81,33.56,26.37,66.2,58.75,,FUZZY,"37.81,33.56,26.37,66.20,58.75,FUZZY"
2026-05-13T12:50:04,797.27,37.81,33.56,26.37,86.48,56.61,,FUZZY,"37.81,33.56,26.37,86.48,56.61,FUZZY"
2026-05-13T12:50:05,798.69,37.88,33.56,26.37,75.99,55.43,,FUZZY,"37.88,33.56,26.37,75.99,55.43,FUZZY"
2026-05-13T12:50:07,800.1,37.88,33.56,26.37,63.4,57.72,,FUZZY,"37.88,33.56,26.37,63.40,57.72,FUZZY"
2026-05-13T12:50:08,801.52,37.88,33.56,26.37,73.96,56.86,,FUZZY,"37.88,33.56,26.37,73.96,56.86,FUZZY"
2026-05-13T12:50:10,802.94,37.88,33.56,26.37,71.58,58.31,,FUZZY,"37.88,33.56,26.37,71.58,58.31,FUZZY"
2026-05-13T12:50:11,804.36,37.88,33.56,26.37,79.63,56.62,,FUZZY,"37.88,33.56,26.37,79.63,56.62,FUZZY"
2026-05-13T12:50:13,805.78,37.94,33.56,26.37,70.25,58.53,,FUZZY,"37.94,33.56,26.37,70.25,58.53,FUZZY"
2026-05-13T12:50:14,807.2,37.94,33.5,26.37,74.3,57.57,,FUZZY,"37.94,33.50,26.37,74.30,57.57,FUZZY"
2026-05-13T12:50:15,808.63,37.94,33.5,26.37,70.52,59.21,,FUZZY,"37.94,33.50,26.37,70.52,59.21,FUZZY"
2026-05-13T12:50:17,810.05,38.0,33.5,26.37,74.41,58.27,,FUZZY,"38.00,33.50,26.37,74.41,58.27,FUZZY"
2026-05-13T12:50:18,811.48,38.0,33.5,26.37,73.56,57.93,,FUZZY,"38.00,33.50,26.37,73.56,57.93,FUZZY"
2026-05-13T12:50:20,812.89,38.06,33.5,26.37,63.03,59.87,,FUZZY,"38.06,33.50,26.37,63.03,59.87,FUZZY"
2026-05-13T12:50:21,814.3,38.06,33.5,26.44,65.41,61.94,,FUZZY,"38.06,33.50,26.44,65.41,61.94,FUZZY"
2026-05-13T12:50:22,815.71,38.13,33.5,26.37,65.76,62.96,,FUZZY,"38.13,33.50,26.37,65.76,62.96,FUZZY"
2026-05-13T12:50:24,817.12,38.13,33.5,26.44,83.31,60.97,,FUZZY,"38.13,33.50,26.44,83.31,60.97,FUZZY"
2026-05-13T12:50:25,818.54,38.13,33.5,26.44,93.32,59.48,,FUZZY,"38.13,33.50,26.44,93.32,59.48,FUZZY"
2026-05-13T12:50:27,819.95,38.19,33.5,26.44,91.93,58.62,,FUZZY,"38.19,33.50,26.44,91.93,58.62,FUZZY"
2026-05-13T12:50:28,821.36,38.25,33.5,26.44,84.77,58.22,,FUZZY,"38.25,33.50,26.44,84.77,58.22,FUZZY"
2026-05-13T12:50:30,822.77,38.25,33.5,26.37,78.31,58.04,,FUZZY,"38.25,33.50,26.37,78.31,58.04,FUZZY"
2026-05-13T12:50:31,824.19,38.25,33.5,26.44,83.52,57.79,,FUZZY,"38.25,33.50,26.44,83.52,57.79,FUZZY"
2026-05-13T12:50:32,825.6,38.31,33.5,26.44,90.41,57.86,,FUZZY,"38.31,33.50,26.44,90.41,57.86,FUZZY"
2026-05-13T12:50:34,827.01,38.38,33.5,26.44,96.16,58.17,,FUZZY,"38.38,33.50,26.44,96.16,58.17,FUZZY"
2026-05-13T12:50:35,828.42,38.38,33.5,26.44,63.07,61.18,,FUZZY,"38.38,33.50,26.44,63.07,61.18,FUZZY"
2026-05-13T12:50:37,829.83,38.44,33.44,26.44,67.83,63.54,,FUZZY,"38.44,33.44,26.44,67.83,63.54,FUZZY"
2026-05-13T12:50:38,831.25,38.5,33.5,26.44,87.13,62.94,,FUZZY,"38.50,33.50,26.44,87.13,62.94,FUZZY"
2026-05-13T12:50:39,832.66,38.5,33.5,26.44,94.85,62.48,,FUZZY,"38.50,33.50,26.44,94.85,62.48,FUZZY"
2026-05-13T12:50:41,834.08,38.56,33.5,26.44,73.94,62.26,,FUZZY,"38.56,33.50,26.44,73.94,62.26,FUZZY"
2026-05-13T12:50:42,835.5,38.56,33.5,26.44,80.58,62.23,,FUZZY,"38.56,33.50,26.44,80.58,62.23,FUZZY"
2026-05-13T12:50:44,836.91,38.63,33.5,26.44,88.63,62.48,,FUZZY,"38.63,33.50,26.44,88.63,62.48,FUZZY"
2026-05-13T12:50:45,838.33,38.69,33.44,26.44,72.65,62.26,,FUZZY,"38.69,33.44,26.44,72.65,62.26,FUZZY"
2026-05-13T12:50:47,839.74,38.69,33.44,26.44,89.06,62.78,,FUZZY,"38.69,33.44,26.44,89.06,62.78,FUZZY"
2026-05-13T12:50:48,841.17,38.75,33.44,26.44,74.62,63.28,,FUZZY,"38.75,33.44,26.44,74.62,63.28,FUZZY"
2026-05-13T12:50:49,842.58,38.81,33.5,26.44,89.85,64.1,,FUZZY,"38.81,33.50,26.44,89.85,64.10,FUZZY"
2026-05-13T12:50:51,843.99,38.81,33.44,26.44,95.94,64.72,,FUZZY,"38.81,33.44,26.44,95.94,64.72,FUZZY"
2026-05-13T12:50:52,845.41,38.88,33.5,26.44,92.38,65.48,,FUZZY,"38.88,33.50,26.44,92.38,65.48,FUZZY"
2026-05-13T12:50:54,846.82,38.94,33.5,26.44,96.95,66.36,,FUZZY,"38.94,33.50,26.44,96.95,66.36,FUZZY"
2026-05-13T12:50:55,848.23,38.94,33.5,26.44,93.38,67.02,,FUZZY,"38.94,33.50,26.44,93.38,67.02,FUZZY"
2026-05-13T12:50:56,849.64,39.0,33.5,26.44,97.35,67.84,,FUZZY,"39.00,33.50,26.44,97.35,67.84,FUZZY"
2026-05-13T12:50:58,851.05,39.0,33.5,26.44,98.94,68.46,,FUZZY,"39.00,33.50,26.44,98.94,68.46,FUZZY"
2026-05-13T12:50:59,852.47,39.06,33.5,26.44,99.58,69.26,,FUZZY,"39.06,33.50,26.44,99.58,69.26,FUZZY"
2026-05-13T12:51:01,853.88,39.13,33.5,26.44,99.83,70.21,,FUZZY,"39.13,33.50,26.44,99.83,70.21,FUZZY"
2026-05-13T12:51:02,855.29,39.13,33.5,26.44,99.93,70.93,,FUZZY,"39.13,33.50,26.44,99.93,70.93,FUZZY"
2026-05-13T12:51:03,856.7,39.19,33.5,26.44,99.97,71.86,,FUZZY,"39.19,33.50,26.44,99.97,71.86,FUZZY"
2026-05-13T12:51:05,858.12,39.25,33.5,26.44,99.99,72.96,,FUZZY,"39.25,33.50,26.44,99.99,72.96,FUZZY"
2026-05-13T12:51:06,859.52,39.25,33.5,26.5,100.0,73.99,,FUZZY,"39.25,33.50,26.50,100.00,73.99,FUZZY"
2026-05-13T12:51:08,860.93,39.31,33.5,26.5,100.0,75.23,,FUZZY,"39.31,33.50,26.50,100.00,75.23,FUZZY"
2026-05-13T12:51:09,862.34,39.31,33.5,26.44,100.0,75.93,,FUZZY,"39.31,33.50,26.44,100.00,75.93,FUZZY"
2026-05-13T12:51:11,863.75,39.38,33.5,26.5,100.0,77.21,,FUZZY,"39.38,33.50,26.50,100.00,77.21,FUZZY"
2026-05-13T12:51:12,865.15,39.38,33.5,26.5,100.0,78.17,,FUZZY,"39.38,33.50,26.50,100.00,78.17,FUZZY"
2026-05-13T12:51:13,866.56,39.44,33.56,26.5,100.0,79.47,,FUZZY,"39.44,33.56,26.50,100.00,79.47,FUZZY"
2026-05-13T12:51:15,867.97,39.44,33.56,26.44,100.0,79.96,,FUZZY,"39.44,33.56,26.44,100.00,79.96,FUZZY"
2026-05-13T12:51:16,869.37,39.5,33.56,26.5,100.0,81.43,,FUZZY,"39.50,33.56,26.50,100.00,81.43,FUZZY"
2026-05-13T12:51:18,870.78,39.5,33.56,26.44,100.0,81.88,,FUZZY,"39.50,33.56,26.44,100.00,81.88,FUZZY"
2026-05-13T12:51:19,872.18,39.56,33.56,26.5,100.0,82.87,,FUZZY,"39.56,33.56,26.50,100.00,82.87,FUZZY"
2026-05-13T12:51:20,873.58,39.63,33.56,26.5,100.0,83.62,,FUZZY,"39.63,33.56,26.50,100.00,83.62,FUZZY"
2026-05-13T12:51:22,874.99,39.63,33.56,26.5,100.0,84.18,,FUZZY,"39.63,33.56,26.50,100.00,84.18,FUZZY"
2026-05-13T12:51:23,876.39,39.69,33.56,26.5,100.0,84.61,,FUZZY,"39.69,33.56,26.50,100.00,84.61,FUZZY"
2026-05-13T12:51:25,877.79,39.69,33.56,26.5,100.0,84.93,,FUZZY,"39.69,33.56,26.50,100.00,84.93,FUZZY"
2026-05-13T12:51:26,879.19,39.69,33.63,26.5,100.0,85.17,,FUZZY,"39.69,33.63,26.50,100.00,85.17,FUZZY"
2026-05-13T12:51:27,880.6,39.69,33.56,26.5,100.0,85.34,,FUZZY,"39.69,33.56,26.50,100.00,85.34,FUZZY"
2026-05-13T12:51:29,882.0,39.75,33.63,26.5,100.0,85.48,,FUZZY,"39.75,33.63,26.50,100.00,85.48,FUZZY"
2026-05-13T12:51:30,883.4,39.81,33.63,26.5,100.0,85.59,,FUZZY,"39.81,33.63,26.50,100.00,85.59,FUZZY"
2026-05-13T12:51:32,884.8,39.81,33.63,26.5,100.0,85.67,,FUZZY,"39.81,33.63,26.50,100.00,85.67,FUZZY"
2026-05-13T12:51:33,886.21,39.88,33.63,26.5,100.0,85.73,,FUZZY,"39.88,33.63,26.50,100.00,85.73,FUZZY"
2026-05-13T12:51:34,887.61,39.88,33.63,26.5,100.0,85.78,,FUZZY,"39.88,33.63,26.50,100.00,85.78,FUZZY"
2026-05-13T12:51:36,889.01,39.88,33.63,26.5,100.0,85.82,,FUZZY,"39.88,33.63,26.50,100.00,85.82,FUZZY"
2026-05-13T12:51:37,890.41,39.94,33.63,26.5,100.0,85.85,,FUZZY,"39.94,33.63,26.50,100.00,85.85,FUZZY"
2026-05-13T12:51:39,891.82,39.94,33.63,26.44,100.0,85.27,,FUZZY,"39.94,33.63,26.44,100.00,85.27,FUZZY"
2026-05-13T12:51:40,893.22,39.94,33.63,26.44,100.0,84.84,,FUZZY,"39.94,33.63,26.44,100.00,84.84,FUZZY"
2026-05-13T12:51:41,894.63,40.0,33.63,26.5,100.0,85.12,,FUZZY,"40.00,33.63,26.50,100.00,85.12,FUZZY"
2026-05-13T12:51:43,896.03,40.0,33.63,26.5,100.0,85.32,,FUZZY,"40.00,33.63,26.50,100.00,85.32,FUZZY"
2026-05-13T12:51:44,897.43,40.0,33.63,26.44,100.0,84.88,,FUZZY,"40.00,33.63,26.44,100.00,84.88,FUZZY"
2026-05-13T12:51:46,898.84,40.06,33.63,26.44,100.0,84.56,,FUZZY,"40.06,33.63,26.44,100.00,84.56,FUZZY"
2026-05-13T12:51:47,900.25,40.13,33.63,26.44,100.0,84.32,,FUZZY,"40.13,33.63,26.44,100.00,84.32,FUZZY"
2026-05-13T12:51:48,901.65,40.13,33.63,26.44,100.0,84.14,,FUZZY,"40.13,33.63,26.44,100.00,84.14,FUZZY"
2026-05-13T12:51:50,903.06,40.13,33.63,26.44,100.0,84.01,,FUZZY,"40.13,33.63,26.44,100.00,84.01,FUZZY"
2026-05-13T12:51:51,904.46,40.13,33.69,26.44,100.0,83.91,,FUZZY,"40.13,33.69,26.44,100.00,83.91,FUZZY"
2026-05-13T12:51:53,905.87,40.19,33.69,26.44,100.0,83.84,,FUZZY,"40.19,33.69,26.44,100.00,83.84,FUZZY"
2026-05-13T12:51:54,907.27,40.19,33.69,26.44,100.0,83.79,,FUZZY,"40.19,33.69,26.44,100.00,83.79,FUZZY"
2026-05-13T12:51:55,908.68,40.19,33.69,26.44,100.0,83.75,,FUZZY,"40.19,33.69,26.44,100.00,83.75,FUZZY"
2026-05-13T12:51:57,910.08,40.25,33.69,26.44,100.0,83.72,,FUZZY,"40.25,33.69,26.44,100.00,83.72,FUZZY"
2026-05-13T12:51:58,911.48,40.25,33.75,26.5,100.0,84.29,,FUZZY,"40.25,33.75,26.50,100.00,84.29,FUZZY"
2026-05-13T12:52:00,912.89,40.25,33.75,26.44,100.0,84.13,,FUZZY,"40.25,33.75,26.44,100.00,84.13,FUZZY"
2026-05-13T12:52:01,914.29,40.31,33.75,26.5,100.0,84.59,,FUZZY,"40.31,33.75,26.50,100.00,84.59,FUZZY"
2026-05-13T12:52:02,915.7,40.31,33.75,26.44,100.0,84.36,,FUZZY,"40.31,33.75,26.44,100.00,84.36,FUZZY"
2026-05-13T12:52:04,917.1,40.31,33.75,26.44,100.0,84.18,,FUZZY,"40.31,33.75,26.44,100.00,84.18,FUZZY"
2026-05-13T12:52:05,918.51,40.31,33.75,26.44,100.0,84.05,,FUZZY,"40.31,33.75,26.44,100.00,84.05,FUZZY"
2026-05-13T12:52:07,919.91,40.38,33.75,26.44,100.0,83.95,,FUZZY,"40.38,33.75,26.44,100.00,83.95,FUZZY"
2026-05-13T12:52:08,921.32,40.38,33.75,26.44,100.0,83.88,,FUZZY,"40.38,33.75,26.44,100.00,83.88,FUZZY"
2026-05-13T12:52:09,922.73,40.38,33.81,26.44,100.0,83.82,,FUZZY,"40.38,33.81,26.44,100.00,83.82,FUZZY"
2026-05-13T12:52:11,924.13,40.44,33.81,26.5,100.0,84.36,,FUZZY,"40.44,33.81,26.50,100.00,84.36,FUZZY"
2026-05-13T12:52:12,925.53,40.44,33.81,26.5,100.0,84.77,,FUZZY,"40.44,33.81,26.50,100.00,84.77,FUZZY"
2026-05-13T12:52:14,926.93,40.44,33.81,26.5,100.0,85.08,,FUZZY,"40.44,33.81,26.50,100.00,85.08,FUZZY"
2026-05-13T12:52:15,928.34,40.44,33.81,26.44,100.0,84.72,,FUZZY,"40.44,33.81,26.44,100.00,84.72,FUZZY"
2026-05-13T12:52:17,929.74,40.5,33.81,26.44,100.0,84.46,,FUZZY,"40.50,33.81,26.44,100.00,84.46,FUZZY"
2026-05-13T12:52:18,931.15,40.5,33.81,26.44,100.0,84.25,,FUZZY,"40.50,33.81,26.44,100.00,84.25,FUZZY"
2026-05-13T12:52:19,932.55,40.5,33.81,26.5,100.0,84.69,,FUZZY,"40.50,33.81,26.50,100.00,84.69,FUZZY"
2026-05-13T12:52:21,933.96,40.5,33.81,26.44,100.0,84.43,,FUZZY,"40.50,33.81,26.44,100.00,84.43,FUZZY"
2026-05-13T12:52:22,935.36,40.5,33.81,26.5,100.0,84.82,,FUZZY,"40.50,33.81,26.50,100.00,84.82,FUZZY"
2026-05-13T12:52:24,936.77,40.56,33.81,26.44,100.0,84.53,,FUZZY,"40.56,33.81,26.44,100.00,84.53,FUZZY"
2026-05-13T12:52:25,938.17,40.63,33.88,26.44,100.0,84.31,,FUZZY,"40.63,33.88,26.44,100.00,84.31,FUZZY"
2026-05-13T12:52:26,939.58,40.63,33.81,26.5,100.0,84.73,,FUZZY,"40.63,33.81,26.50,100.00,84.73,FUZZY"
2026-05-13T12:52:28,940.98,40.63,33.88,26.5,100.0,85.05,,FUZZY,"40.63,33.88,26.50,100.00,85.05,FUZZY"
2026-05-13T12:52:29,942.38,40.63,33.88,26.5,100.0,85.28,,FUZZY,"40.63,33.88,26.50,100.00,85.28,FUZZY"
2026-05-13T12:52:31,943.79,40.63,33.88,26.44,100.0,84.88,,FUZZY,"40.63,33.88,26.44,100.00,84.88,FUZZY"
2026-05-13T12:52:32,945.19,40.63,33.88,26.44,100.0,84.57,,FUZZY,"40.63,33.88,26.44,100.00,84.57,FUZZY"
2026-05-13T12:52:33,946.59,40.69,33.88,26.5,100.0,84.93,,FUZZY,"40.69,33.88,26.50,100.00,84.93,FUZZY"
2026-05-13T12:52:35,948.0,40.69,33.88,26.5,100.0,85.19,,FUZZY,"40.69,33.88,26.50,100.00,85.19,FUZZY"
2026-05-13T12:52:36,949.4,40.69,33.88,26.5,100.0,85.39,,FUZZY,"40.69,33.88,26.50,100.00,85.39,FUZZY"
2026-05-13T12:52:38,950.8,40.69,33.88,26.5,100.0,85.54,,FUZZY,"40.69,33.88,26.50,100.00,85.54,FUZZY"
2026-05-13T12:52:39,952.2,40.75,33.88,26.5,100.0,85.65,,FUZZY,"40.75,33.88,26.50,100.00,85.65,FUZZY"
2026-05-13T12:52:40,953.61,40.75,33.88,26.5,100.0,85.74,,FUZZY,"40.75,33.88,26.50,100.00,85.74,FUZZY"
2026-05-13T12:52:42,955.01,40.75,33.88,26.5,100.0,85.8,,FUZZY,"40.75,33.88,26.50,100.00,85.80,FUZZY"
2026-05-13T12:52:43,956.41,40.75,33.94,26.5,100.0,85.85,,FUZZY,"40.75,33.94,26.50,100.00,85.85,FUZZY"
2026-05-13T12:52:45,957.81,40.81,33.94,26.5,100.0,85.88,,FUZZY,"40.81,33.94,26.50,100.00,85.88,FUZZY"
2026-05-13T12:52:46,959.22,40.81,33.94,26.5,100.0,85.91,,FUZZY,"40.81,33.94,26.50,100.00,85.91,FUZZY"
2026-05-13T12:52:47,960.62,40.81,33.94,26.5,100.0,85.93,,FUZZY,"40.81,33.94,26.50,100.00,85.93,FUZZY"
2026-05-13T12:52:49,962.02,40.81,33.94,26.5,100.0,85.94,,FUZZY,"40.81,33.94,26.50,100.00,85.94,FUZZY"
2026-05-13T12:52:50,963.42,40.81,33.94,26.5,100.0,85.95,,FUZZY,"40.81,33.94,26.50,100.00,85.95,FUZZY"
2026-05-13T12:52:52,964.83,40.88,33.94,26.5,100.0,85.96,,FUZZY,"40.88,33.94,26.50,100.00,85.96,FUZZY"
2026-05-13T12:52:53,966.23,40.88,33.94,26.5,100.0,85.97,,FUZZY,"40.88,33.94,26.50,100.00,85.97,FUZZY"
2026-05-13T12:52:54,967.63,40.88,33.94,26.5,100.0,85.97,,FUZZY,"40.88,33.94,26.50,100.00,85.97,FUZZY"
2026-05-13T12:52:56,969.03,40.88,33.94,26.5,100.0,85.97,,FUZZY,"40.88,33.94,26.50,100.00,85.97,FUZZY"
2026-05-13T12:52:57,970.44,40.88,33.94,26.5,100.0,85.98,,FUZZY,"40.88,33.94,26.50,100.00,85.98,FUZZY"
2026-05-13T12:52:59,971.84,40.88,33.94,26.5,100.0,85.98,,FUZZY,"40.88,33.94,26.50,100.00,85.98,FUZZY"
2026-05-13T12:53:00,973.24,40.94,34.0,26.5,100.0,85.98,,FUZZY,"40.94,34.00,26.50,100.00,85.98,FUZZY"
2026-05-13T12:53:01,974.64,40.94,33.94,26.5,100.0,85.98,,FUZZY,"40.94,33.94,26.50,100.00,85.98,FUZZY"
2026-05-13T12:53:03,976.05,40.94,34.0,26.5,100.0,85.98,,FUZZY,"40.94,34.00,26.50,100.00,85.98,FUZZY"
2026-05-13T12:53:04,977.45,40.94,33.94,26.5,100.0,85.98,,FUZZY,"40.94,33.94,26.50,100.00,85.98,FUZZY"
2026-05-13T12:53:06,978.85,41.0,34.0,26.5,100.0,85.98,,FUZZY,"41.00,34.00,26.50,100.00,85.98,FUZZY"
2026-05-13T12:53:07,980.25,41.0,34.0,26.5,100.0,85.97,,FUZZY,"41.00,34.00,26.50,100.00,85.97,FUZZY"
2026-05-13T12:53:08,981.66,41.0,34.0,26.5,100.0,85.97,,FUZZY,"41.00,34.00,26.50,100.00,85.97,FUZZY"
2026-05-13T12:53:10,983.06,41.0,34.0,26.5,100.0,85.97,,FUZZY,"41.00,34.00,26.50,100.00,85.97,FUZZY"
2026-05-13T12:53:11,984.46,41.0,34.0,26.5,100.0,85.97,,FUZZY,"41.00,34.00,26.50,100.00,85.97,FUZZY"
2026-05-13T12:53:13,985.86,41.0,34.0,26.5,100.0,85.97,,FUZZY,"41.00,34.00,26.50,100.00,85.97,FUZZY"
2026-05-13T12:53:14,987.27,41.0,34.0,26.5,100.0,85.97,,FUZZY,"41.00,34.00,26.50,100.00,85.97,FUZZY"
2026-05-13T12:53:15,988.67,41.0,34.0,26.5,100.0,85.97,,FUZZY,"41.00,34.00,26.50,100.00,85.97,FUZZY"
2026-05-13T12:53:17,990.07,41.0,34.0,26.5,100.0,85.97,,FUZZY,"41.00,34.00,26.50,100.00,85.97,FUZZY"
2026-05-13T12:53:18,991.47,41.0,34.06,26.5,100.0,85.97,,FUZZY,"41.00,34.06,26.50,100.00,85.97,FUZZY"
2026-05-13T12:53:20,992.87,41.0,34.0,26.5,100.0,85.97,,FUZZY,"41.00,34.00,26.50,100.00,85.97,FUZZY"
2026-05-13T12:53:21,994.28,41.0,34.06,26.5,100.0,85.97,,FUZZY,"41.00,34.06,26.50,100.00,85.97,FUZZY"
2026-05-13T12:53:22,995.68,41.0,34.0,26.56,100.0,85.97,,FUZZY,"41.00,34.00,26.56,100.00,85.97,FUZZY"
2026-05-13T12:53:24,997.08,41.0,34.06,26.5,100.0,85.97,,FUZZY,"41.00,34.06,26.50,100.00,85.97,FUZZY"
2026-05-13T12:53:25,998.49,40.94,34.06,26.5,100.0,85.97,,FUZZY,"40.94,34.06,26.50,100.00,85.97,FUZZY"
2026-05-13T12:53:27,999.89,40.94,34.06,26.5,100.0,85.97,,FUZZY,"40.94,34.06,26.50,100.00,85.97,FUZZY"
2026-05-13T12:53:28,1001.29,40.88,34.06,26.5,100.0,85.98,,FUZZY,"40.88,34.06,26.50,100.00,85.98,FUZZY"
2026-05-13T12:53:29,1002.69,40.88,34.06,26.5,100.0,85.98,,FUZZY,"40.88,34.06,26.50,100.00,85.98,FUZZY"
2026-05-13T12:53:31,1004.09,40.81,34.06,26.5,100.0,85.98,,FUZZY,"40.81,34.06,26.50,100.00,85.98,FUZZY"
2026-05-13T12:53:32,1005.5,40.81,34.06,26.5,100.0,85.98,,FUZZY,"40.81,34.06,26.50,100.00,85.98,FUZZY"
2026-05-13T12:53:34,1006.9,40.75,34.06,26.5,100.0,85.98,,FUZZY,"40.75,34.06,26.50,100.00,85.98,FUZZY"
2026-05-13T12:53:35,1008.3,40.75,34.06,26.56,100.0,85.99,,FUZZY,"40.75,34.06,26.56,100.00,85.99,FUZZY"
2026-05-13T12:53:36,1009.71,40.69,34.06,26.5,100.0,85.99,,FUZZY,"40.69,34.06,26.50,100.00,85.99,FUZZY"
2026-05-13T12:53:38,1011.11,40.63,34.13,26.5,100.0,85.99,,FUZZY,"40.63,34.13,26.50,100.00,85.99,FUZZY"
2026-05-13T12:53:39,1012.51,40.63,34.13,26.5,100.0,85.99,,FUZZY,"40.63,34.13,26.50,100.00,85.99,FUZZY"
2026-05-13T12:53:41,1013.91,40.56,34.13,26.5,100.0,85.99,,FUZZY,"40.56,34.13,26.50,100.00,85.99,FUZZY"
2026-05-13T12:53:42,1015.31,40.5,34.13,26.5,100.0,85.99,,FUZZY,"40.50,34.13,26.50,100.00,85.99,FUZZY"
2026-05-13T12:53:43,1016.72,40.5,34.13,26.56,100.0,86.0,,FUZZY,"40.50,34.13,26.56,100.00,86.00,FUZZY"
2026-05-13T12:53:45,1018.12,40.44,34.13,26.5,100.0,86.0,,FUZZY,"40.44,34.13,26.50,100.00,86.00,FUZZY"
2026-05-13T12:53:46,1019.52,40.38,34.13,26.5,100.0,86.0,,FUZZY,"40.38,34.13,26.50,100.00,86.00,FUZZY"
2026-05-13T12:53:48,1020.93,40.38,34.13,26.5,100.0,85.99,,FUZZY,"40.38,34.13,26.50,100.00,85.99,FUZZY"
2026-05-13T12:53:49,1022.33,40.31,34.13,26.5,100.0,85.99,,FUZZY,"40.31,34.13,26.50,100.00,85.99,FUZZY"
2026-05-13T12:53:50,1023.73,40.25,34.13,26.5,100.0,85.99,,FUZZY,"40.25,34.13,26.50,100.00,85.99,FUZZY"
2026-05-13T12:53:52,1025.13,40.19,34.13,26.5,100.0,85.99,,FUZZY,"40.19,34.13,26.50,100.00,85.99,FUZZY"
2026-05-13T12:53:53,1026.54,40.19,34.13,26.5,100.0,85.99,,FUZZY,"40.19,34.13,26.50,100.00,85.99,FUZZY"
2026-05-13T12:53:55,1027.94,40.13,34.13,26.5,100.0,85.98,,FUZZY,"40.13,34.13,26.50,100.00,85.98,FUZZY"
2026-05-13T12:53:56,1029.34,40.13,34.13,26.5,100.0,85.98,,FUZZY,"40.13,34.13,26.50,100.00,85.98,FUZZY"
2026-05-13T12:53:57,1030.74,40.06,34.13,26.5,100.0,85.97,,FUZZY,"40.06,34.13,26.50,100.00,85.97,FUZZY"
2026-05-13T12:53:59,1032.15,40.0,34.13,26.5,100.0,85.97,,FUZZY,"40.00,34.13,26.50,100.00,85.97,FUZZY"
2026-05-13T12:54:00,1033.55,39.94,34.13,26.5,100.0,85.96,,FUZZY,"39.94,34.13,26.50,100.00,85.96,FUZZY"
2026-05-13T12:54:02,1034.95,39.88,34.13,26.5,100.0,85.95,,FUZZY,"39.88,34.13,26.50,100.00,85.95,FUZZY"
2026-05-13T12:54:03,1036.35,39.81,34.13,26.5,100.0,85.94,,FUZZY,"39.81,34.13,26.50,100.00,85.94,FUZZY"
2026-05-13T12:54:05,1037.75,39.75,34.13,26.5,100.0,85.93,,FUZZY,"39.75,34.13,26.50,100.00,85.93,FUZZY"
2026-05-13T12:54:06,1039.16,39.75,34.13,26.5,100.0,85.92,,FUZZY,"39.75,34.13,26.50,100.00,85.92,FUZZY"
2026-05-13T12:54:07,1040.56,39.69,34.13,26.5,100.0,85.91,,FUZZY,"39.69,34.13,26.50,100.00,85.91,FUZZY"
2026-05-13T12:54:09,1041.96,39.63,34.13,26.5,100.0,85.9,,FUZZY,"39.63,34.13,26.50,100.00,85.90,FUZZY"
2026-05-13T12:54:10,1043.37,39.56,34.13,26.5,100.0,85.89,,FUZZY,"39.56,34.13,26.50,100.00,85.89,FUZZY"
2026-05-13T12:54:12,1044.77,39.5,34.13,26.5,100.0,85.87,,FUZZY,"39.50,34.13,26.50,100.00,85.87,FUZZY"
2026-05-13T12:54:13,1046.17,39.5,34.13,26.5,100.0,85.86,,FUZZY,"39.50,34.13,26.50,100.00,85.86,FUZZY"
2026-05-13T12:54:14,1047.58,39.44,34.13,26.5,100.0,85.23,,FUZZY,"39.44,34.13,26.50,100.00,85.23,FUZZY"
2026-05-13T12:54:16,1048.98,39.44,34.13,26.5,100.0,84.76,,FUZZY,"39.44,34.13,26.50,100.00,84.76,FUZZY"
2026-05-13T12:54:17,1050.39,39.38,34.13,26.5,100.0,83.84,,FUZZY,"39.38,34.13,26.50,100.00,83.84,FUZZY"
2026-05-13T12:54:19,1051.8,39.31,34.13,26.5,100.0,82.62,,FUZZY,"39.31,34.13,26.50,100.00,82.62,FUZZY"
2026-05-13T12:54:20,1053.2,39.31,34.13,26.5,100.0,81.7,,FUZZY,"39.31,34.13,26.50,100.00,81.70,FUZZY"
2026-05-13T12:54:21,1054.61,39.25,34.13,26.5,100.0,80.54,,FUZZY,"39.25,34.13,26.50,100.00,80.54,FUZZY"
2026-05-13T12:54:23,1056.01,39.25,34.13,26.5,100.0,79.68,,FUZZY,"39.25,34.13,26.50,100.00,79.68,FUZZY"
2026-05-13T12:54:24,1057.42,39.25,34.13,26.5,100.0,79.02,,FUZZY,"39.25,34.13,26.50,100.00,79.02,FUZZY"
2026-05-13T12:54:26,1058.83,39.25,34.13,26.5,100.0,78.53,,FUZZY,"39.25,34.13,26.50,100.00,78.53,FUZZY"
2026-05-13T12:54:27,1060.23,39.19,34.13,26.5,100.0,77.72,,FUZZY,"39.19,34.13,26.50,100.00,77.72,FUZZY"
2026-05-13T12:54:28,1061.64,39.19,34.13,26.5,100.0,77.11,,FUZZY,"39.19,34.13,26.50,100.00,77.11,FUZZY"
2026-05-13T12:54:30,1063.04,39.19,34.13,26.5,100.0,76.66,,FUZZY,"39.19,34.13,26.50,100.00,76.66,FUZZY"
2026-05-13T12:54:31,1064.45,39.19,34.13,26.5,100.0,76.31,,FUZZY,"39.19,34.13,26.50,100.00,76.31,FUZZY"
2026-05-13T12:54:33,1065.86,39.19,34.13,26.5,100.0,76.06,,FUZZY,"39.19,34.13,26.50,100.00,76.06,FUZZY"
2026-05-13T12:54:34,1067.26,39.19,34.13,26.5,100.0,75.86,,FUZZY,"39.19,34.13,26.50,100.00,75.86,FUZZY"
2026-05-13T12:54:35,1068.67,39.25,34.13,26.5,100.0,76.17,,FUZZY,"39.25,34.13,26.50,100.00,76.17,FUZZY"
2026-05-13T12:54:37,1070.08,39.19,34.13,26.5,100.0,75.95,,FUZZY,"39.19,34.13,26.50,100.00,75.95,FUZZY"
2026-05-13T12:54:38,1071.48,39.19,34.13,26.5,100.0,75.78,,FUZZY,"39.19,34.13,26.50,100.00,75.78,FUZZY"
2026-05-13T12:54:40,1072.89,39.25,34.13,26.5,100.0,76.1,,FUZZY,"39.25,34.13,26.50,100.00,76.10,FUZZY"
2026-05-13T12:54:41,1074.29,39.25,34.13,26.5,100.0,76.34,,FUZZY,"39.25,34.13,26.50,100.00,76.34,FUZZY"
2026-05-13T12:54:42,1075.7,39.25,34.13,26.5,100.0,76.53,,FUZZY,"39.25,34.13,26.50,100.00,76.53,FUZZY"
2026-05-13T12:54:44,1077.11,39.25,34.06,26.5,100.0,76.66,,FUZZY,"39.25,34.06,26.50,100.00,76.66,FUZZY"
2026-05-13T12:54:45,1078.51,39.25,34.13,26.5,100.0,76.76,,FUZZY,"39.25,34.13,26.50,100.00,76.76,FUZZY"
2026-05-13T12:54:47,1079.92,39.25,34.13,26.5,100.0,76.84,,FUZZY,"39.25,34.13,26.50,100.00,76.84,FUZZY"
2026-05-13T12:54:48,1081.33,39.25,34.13,26.5,100.0,76.9,,FUZZY,"39.25,34.13,26.50,100.00,76.90,FUZZY"
2026-05-13T12:54:49,1082.73,39.25,34.13,26.5,100.0,76.94,,FUZZY,"39.25,34.13,26.50,100.00,76.94,FUZZY"
2026-05-13T12:54:51,1084.14,39.25,34.13,26.5,100.0,76.97,,FUZZY,"39.25,34.13,26.50,100.00,76.97,FUZZY"
2026-05-13T12:54:52,1085.54,39.25,34.13,26.5,100.0,77.0,,FUZZY,"39.25,34.13,26.50,100.00,77.00,FUZZY"
2026-05-13T12:54:54,1086.95,39.25,34.13,26.5,100.0,77.01,,FUZZY,"39.25,34.13,26.50,100.00,77.01,FUZZY"
2026-05-13T12:54:55,1088.36,39.19,34.13,26.5,100.0,76.58,,FUZZY,"39.19,34.13,26.50,100.00,76.58,FUZZY"
2026-05-13T12:54:57,1089.76,39.19,34.13,26.5,100.0,76.26,,FUZZY,"39.19,34.13,26.50,100.00,76.26,FUZZY"
2026-05-13T12:54:58,1091.17,39.19,34.13,26.5,100.0,76.02,,FUZZY,"39.19,34.13,26.50,100.00,76.02,FUZZY"
2026-05-13T12:54:59,1092.57,39.19,34.13,26.5,100.0,75.83,,FUZZY,"39.19,34.13,26.50,100.00,75.83,FUZZY"
2026-05-13T12:55:01,1093.98,39.13,34.13,26.5,100.0,75.28,,FUZZY,"39.13,34.13,26.50,100.00,75.28,FUZZY"
2026-05-13T12:55:02,1095.39,39.13,34.06,26.5,100.0,74.86,,FUZZY,"39.13,34.06,26.50,100.00,74.86,FUZZY"
2026-05-13T12:55:04,1096.79,39.13,34.13,26.5,100.0,74.55,,FUZZY,"39.13,34.13,26.50,100.00,74.55,FUZZY"
2026-05-13T12:55:05,1098.2,39.06,34.13,26.5,100.0,73.94,,FUZZY,"39.06,34.13,26.50,100.00,73.94,FUZZY"
2026-05-13T12:55:06,1099.61,39.0,34.13,26.5,100.0,73.11,,FUZZY,"39.00,34.13,26.50,100.00,73.11,FUZZY"
2026-05-13T12:55:08,1101.01,39.0,34.13,26.56,100.0,72.5,,FUZZY,"39.00,34.13,26.56,100.00,72.50,FUZZY"
2026-05-13T12:55:09,1102.42,39.0,34.13,26.56,100.0,72.03,,FUZZY,"39.00,34.13,26.56,100.00,72.03,FUZZY"
2026-05-13T12:55:11,1103.82,39.0,34.13,26.5,100.0,71.69,,FUZZY,"39.00,34.13,26.50,100.00,71.69,FUZZY"
2026-05-13T12:55:12,1105.23,38.94,34.13,26.56,100.0,71.08,,FUZZY,"38.94,34.13,26.56,100.00,71.08,FUZZY"
2026-05-13T12:55:13,1106.64,38.94,34.13,26.56,100.0,70.62,,FUZZY,"38.94,34.13,26.56,100.00,70.62,FUZZY"
2026-05-13T12:55:15,1108.04,38.88,34.13,26.56,100.0,69.95,,FUZZY,"38.88,34.13,26.56,100.00,69.95,FUZZY"
2026-05-13T12:55:16,1109.45,38.88,34.13,26.56,100.0,69.44,,FUZZY,"38.88,34.13,26.56,100.00,69.44,FUZZY"
2026-05-13T12:55:18,1110.85,38.81,34.06,26.56,100.0,68.75,,FUZZY,"38.81,34.06,26.56,100.00,68.75,FUZZY"
2026-05-13T12:55:19,1112.26,38.81,34.06,26.56,100.0,68.23,,FUZZY,"38.81,34.06,26.56,100.00,68.23,FUZZY"
2026-05-13T12:55:20,1113.67,38.75,34.06,26.56,100.0,67.53,,FUZZY,"38.75,34.06,26.56,100.00,67.53,FUZZY"
2026-05-13T12:55:22,1115.07,38.75,34.06,26.56,95.2,67.01,,FUZZY,"38.75,34.06,26.56,95.20,67.01,FUZZY"
2026-05-13T12:55:23,1116.48,38.75,34.06,26.56,98.08,66.62,,FUZZY,"38.75,34.06,26.56,98.08,66.62,FUZZY"
2026-05-13T12:55:25,1117.89,38.69,34.06,26.56,99.23,66.04,,FUZZY,"38.69,34.06,26.56,99.23,66.04,FUZZY"
2026-05-13T12:55:26,1119.29,38.69,34.06,26.56,99.69,65.6,,FUZZY,"38.69,34.06,26.56,99.69,65.60,FUZZY"
2026-05-13T12:55:27,1120.7,38.69,34.06,26.62,99.88,65.27,,FUZZY,"38.69,34.06,26.62,99.88,65.27,FUZZY"
2026-05-13T12:55:29,1122.1,38.69,34.06,26.56,87.95,65.03,,FUZZY,"38.69,34.06,26.56,87.95,65.03,FUZZY"
2026-05-13T12:55:30,1123.51,38.69,34.06,26.56,95.18,64.84,,FUZZY,"38.69,34.06,26.56,95.18,64.84,FUZZY"
2026-05-13T12:55:32,1124.92,38.63,34.06,26.56,96.87,64.41,,FUZZY,"38.63,34.06,26.56,96.87,64.41,FUZZY"
2026-05-13T12:55:33,1126.32,38.69,34.06,26.56,98.75,64.38,,FUZZY,"38.69,34.06,26.56,98.75,64.38,FUZZY"
2026-05-13T12:55:34,1127.73,38.63,34.06,26.56,99.5,64.07,,FUZZY,"38.63,34.06,26.56,99.50,64.07,FUZZY"
2026-05-13T12:55:36,1129.13,38.63,34.06,26.56,99.8,63.83,,FUZZY,"38.63,34.06,26.56,99.80,63.83,FUZZY"
2026-05-13T12:55:37,1130.54,38.69,34.06,26.56,82.52,63.95,,FUZZY,"38.69,34.06,26.56,82.52,63.95,FUZZY"
2026-05-13T12:55:39,1131.95,38.69,34.06,26.56,85.21,64.03,,FUZZY,"38.69,34.06,26.56,85.21,64.03,FUZZY"
2026-05-13T12:55:40,1133.35,38.69,34.06,26.56,94.08,64.1,,FUZZY,"38.69,34.06,26.56,94.08,64.10,FUZZY"
2026-05-13T12:55:42,1134.76,38.69,34.06,26.56,90.43,64.15,,FUZZY,"38.69,34.06,26.56,90.43,64.15,FUZZY"
2026-05-13T12:55:43,1136.16,38.69,34.06,26.56,96.17,64.18,,FUZZY,"38.69,34.06,26.56,96.17,64.18,FUZZY"
2026-05-13T12:55:44,1137.57,38.75,34.0,26.62,98.47,64.5,,FUZZY,"38.75,34.00,26.62,98.47,64.50,FUZZY"
2026-05-13T12:55:46,1138.98,38.75,34.06,26.56,99.39,64.74,,FUZZY,"38.75,34.06,26.56,99.39,64.74,FUZZY"
2026-05-13T12:55:47,1140.38,38.75,34.0,26.56,99.76,64.92,,FUZZY,"38.75,34.00,26.56,99.76,64.92,FUZZY"
2026-05-13T12:55:49,1141.79,38.81,34.0,26.56,99.9,65.35,,FUZZY,"38.81,34.00,26.56,99.90,65.35,FUZZY"
2026-05-13T12:55:50,1143.19,38.81,34.0,26.56,99.96,65.68,,FUZZY,"38.81,34.00,26.56,99.96,65.68,FUZZY"
2026-05-13T12:55:51,1144.6,38.81,34.0,26.56,98.18,65.93,,FUZZY,"38.81,34.00,26.56,98.18,65.93,FUZZY"
2026-05-13T12:55:53,1146.01,38.88,34.0,26.56,99.27,66.43,,FUZZY,"38.88,34.00,26.56,99.27,66.43,FUZZY"
2026-05-13T12:55:54,1147.41,38.88,34.0,26.56,99.71,66.8,,FUZZY,"38.88,34.00,26.56,99.71,66.80,FUZZY"
2026-05-13T12:55:56,1148.82,38.94,34.0,26.56,97.48,67.41,,FUZZY,"38.94,34.00,26.56,97.48,67.41,FUZZY"
2026-05-13T12:55:57,1150.22,38.94,34.0,26.56,98.99,67.87,,FUZZY,"38.94,34.00,26.56,98.99,67.87,FUZZY"
2026-05-13T12:55:58,1151.63,39.0,34.0,26.56,99.6,68.56,,FUZZY,"39.00,34.00,26.56,99.60,68.56,FUZZY"
2026-05-13T12:56:00,1153.04,39.0,34.0,26.56,99.84,69.08,,FUZZY,"39.00,34.00,26.56,99.84,69.08,FUZZY"
2026-05-13T12:56:01,1154.44,39.0,34.0,26.56,99.94,69.47,,FUZZY,"39.00,34.00,26.56,99.94,69.47,FUZZY"
2026-05-13T12:56:03,1155.85,39.06,34.0,26.56,99.97,70.13,,FUZZY,"39.06,34.00,26.56,99.97,70.13,FUZZY"
2026-05-13T12:56:04,1157.25,39.13,34.0,26.56,96.99,71.0,,FUZZY,"39.13,34.00,26.56,96.99,71.00,FUZZY"
2026-05-13T12:56:05,1158.66,39.13,34.0,26.56,98.8,71.66,,FUZZY,"39.13,34.00,26.56,98.80,71.66,FUZZY"
2026-05-13T12:56:07,1160.07,39.13,34.0,26.56,99.52,72.15,,FUZZY,"39.13,34.00,26.56,99.52,72.15,FUZZY"
2026-05-13T12:56:08,1161.47,39.19,34.0,26.56,99.81,72.93,,FUZZY,"39.19,34.00,26.56,99.81,72.93,FUZZY"
2026-05-13T12:56:10,1162.88,39.25,34.0,26.56,99.92,73.97,,FUZZY,"39.25,34.00,26.56,99.92,73.97,FUZZY"
2026-05-13T12:56:11,1164.29,39.25,34.0,26.56,99.97,74.74,,FUZZY,"39.25,34.00,26.56,99.97,74.74,FUZZY"
2026-05-13T12:56:12,1165.69,39.25,34.0,26.5,99.99,75.32,,FUZZY,"39.25,34.00,26.50,99.99,75.32,FUZZY"
2026-05-13T12:56:14,1167.1,39.31,34.0,26.56,100.0,76.23,,FUZZY,"39.31,34.00,26.56,100.00,76.23,FUZZY"
2026-05-13T12:56:15,1168.5,39.38,34.06,26.56,100.0,77.44,,FUZZY,"39.38,34.06,26.56,100.00,77.44,FUZZY"
2026-05-13T12:56:17,1169.91,39.38,34.0,26.5,100.0,78.35,,FUZZY,"39.38,34.00,26.50,100.00,78.35,FUZZY"
2026-05-13T12:56:18,1171.32,39.44,34.0,26.56,100.0,79.6,,FUZZY,"39.44,34.00,26.56,100.00,79.60,FUZZY"
2026-05-13T12:56:19,1172.72,39.44,34.0,26.5,100.0,80.54,,FUZZY,"39.44,34.00,26.50,100.00,80.54,FUZZY"
2026-05-13T12:56:21,1174.13,39.44,34.0,26.5,100.0,81.24,,FUZZY,"39.44,34.00,26.50,100.00,81.24,FUZZY"
2026-05-13T12:56:22,1175.53,39.5,34.0,26.56,100.0,82.39,,FUZZY,"39.50,34.00,26.56,100.00,82.39,FUZZY"
2026-05-13T12:56:24,1176.93,39.5,34.0,26.56,100.0,83.25,,FUZZY,"39.50,34.00,26.56,100.00,83.25,FUZZY"
2026-05-13T12:56:25,1178.34,39.56,34.06,26.56,100.0,83.9,,FUZZY,"39.56,34.06,26.56,100.00,83.90,FUZZY"
2026-05-13T12:56:26,1179.74,39.56,34.06,26.56,100.0,84.39,,FUZZY,"39.56,34.06,26.56,100.00,84.39,FUZZY"
2026-05-13T12:56:28,1181.14,39.63,34.06,26.5,100.0,84.76,,FUZZY,"39.63,34.06,26.50,100.00,84.76,FUZZY"
2026-05-13T12:56:29,1182.54,39.63,34.06,26.5,100.0,85.03,,FUZZY,"39.63,34.06,26.50,100.00,85.03,FUZZY"
2026-05-13T12:56:31,1183.95,39.63,34.06,26.5,100.0,85.24,,FUZZY,"39.63,34.06,26.50,100.00,85.24,FUZZY"
2026-05-13T12:56:32,1185.35,39.69,34.06,26.56,100.0,85.4,,FUZZY,"39.69,34.06,26.56,100.00,85.40,FUZZY"
2026-05-13T12:56:34,1186.75,39.69,34.06,26.56,100.0,85.52,,FUZZY,"39.69,34.06,26.56,100.00,85.52,FUZZY"
2026-05-13T12:56:35,1188.15,39.75,34.06,26.5,100.0,85.62,,FUZZY,"39.75,34.06,26.50,100.00,85.62,FUZZY"
2026-05-13T12:56:36,1189.56,39.75,34.06,26.5,100.0,85.69,,FUZZY,"39.75,34.06,26.50,100.00,85.69,FUZZY"
2026-05-13T12:56:38,1190.96,39.75,34.06,26.56,100.0,85.74,,FUZZY,"39.75,34.06,26.56,100.00,85.74,FUZZY"
2026-05-13T12:56:39,1192.36,39.75,34.06,26.5,100.0,85.78,,FUZZY,"39.75,34.06,26.50,100.00,85.78,FUZZY"
2026-05-13T12:56:41,1193.76,39.81,34.06,26.5,100.0,85.81,,FUZZY,"39.81,34.06,26.50,100.00,85.81,FUZZY"
2026-05-13T12:56:42,1195.17,39.88,34.06,26.5,100.0,85.84,,FUZZY,"39.88,34.06,26.50,100.00,85.84,FUZZY"
2026-05-13T12:56:43,1196.57,39.88,34.06,26.5,100.0,85.86,,FUZZY,"39.88,34.06,26.50,100.00,85.86,FUZZY"
2026-05-13T12:56:45,1197.97,39.88,34.13,26.5,100.0,85.88,,FUZZY,"39.88,34.13,26.50,100.00,85.88,FUZZY"
2026-05-13T12:56:46,1199.37,39.88,34.06,26.56,100.0,85.89,,FUZZY,"39.88,34.06,26.56,100.00,85.89,FUZZY"
2026-05-13T12:56:48,1200.78,39.94,34.13,26.5,100.0,85.9,,FUZZY,"39.94,34.13,26.50,100.00,85.90,FUZZY"
2026-05-13T12:56:49,1202.18,39.94,34.13,26.56,100.0,85.91,,FUZZY,"39.94,34.13,26.56,100.00,85.91,FUZZY"
2026-05-13T12:56:50,1203.58,39.94,34.13,26.5,100.0,85.92,,FUZZY,"39.94,34.13,26.50,100.00,85.92,FUZZY"
2026-05-13T12:56:52,1204.98,40.0,34.13,26.5,100.0,85.93,,FUZZY,"40.00,34.13,26.50,100.00,85.93,FUZZY"
2026-05-13T12:56:53,1206.38,40.0,34.13,26.5,100.0,85.93,,FUZZY,"40.00,34.13,26.50,100.00,85.93,FUZZY"
2026-05-13T12:56:55,1207.79,40.0,34.13,26.5,100.0,85.94,,FUZZY,"40.00,34.13,26.50,100.00,85.94,FUZZY"
2026-05-13T12:56:56,1209.19,40.06,34.13,26.5,100.0,85.94,,FUZZY,"40.06,34.13,26.50,100.00,85.94,FUZZY"
2026-05-13T12:56:57,1210.59,40.06,34.13,26.5,100.0,85.95,,FUZZY,"40.06,34.13,26.50,100.00,85.95,FUZZY"
2026-05-13T12:56:59,1212.0,40.13,34.13,26.5,100.0,85.95,,FUZZY,"40.13,34.13,26.50,100.00,85.95,FUZZY"
2026-05-13T12:57:00,1213.4,40.13,34.13,26.56,100.0,85.96,,FUZZY,"40.13,34.13,26.56,100.00,85.96,FUZZY"
2026-05-13T12:57:02,1214.8,40.13,34.13,26.56,100.0,85.96,,FUZZY,"40.13,34.13,26.56,100.00,85.96,FUZZY"
2026-05-13T12:57:03,1216.2,40.13,34.13,26.5,100.0,85.96,,FUZZY,"40.13,34.13,26.50,100.00,85.96,FUZZY"
2026-05-13T12:57:04,1217.61,40.19,34.13,26.56,100.0,85.97,,FUZZY,"40.19,34.13,26.56,100.00,85.97,FUZZY"
2026-05-13T12:57:06,1219.01,40.19,34.13,26.5,100.0,85.97,,FUZZY,"40.19,34.13,26.50,100.00,85.97,FUZZY"
2026-05-13T12:57:07,1220.41,40.19,34.13,26.5,100.0,85.97,,FUZZY,"40.19,34.13,26.50,100.00,85.97,FUZZY"
2026-05-13T12:57:09,1221.81,40.25,34.13,26.56,100.0,85.98,,FUZZY,"40.25,34.13,26.56,100.00,85.98,FUZZY"
2026-05-13T12:57:10,1223.21,40.25,34.13,26.5,100.0,85.98,,FUZZY,"40.25,34.13,26.50,100.00,85.98,FUZZY"
2026-05-13T12:57:11,1224.62,40.25,34.13,26.5,100.0,85.98,,FUZZY,"40.25,34.13,26.50,100.00,85.98,FUZZY"
2026-05-13T12:57:13,1226.02,40.31,34.13,26.5,100.0,85.98,,FUZZY,"40.31,34.13,26.50,100.00,85.98,FUZZY"
2026-05-13T12:57:14,1227.42,40.31,34.13,26.5,100.0,85.98,,FUZZY,"40.31,34.13,26.50,100.00,85.98,FUZZY"
2026-05-13T12:57:16,1228.83,40.31,34.19,26.5,100.0,85.99,,FUZZY,"40.31,34.19,26.50,100.00,85.99,FUZZY"
2026-05-13T12:57:17,1230.23,40.31,34.13,26.5,100.0,85.99,,FUZZY,"40.31,34.13,26.50,100.00,85.99,FUZZY"
2026-05-13T12:57:18,1231.63,40.38,34.13,26.5,100.0,85.99,,FUZZY,"40.38,34.13,26.50,100.00,85.99,FUZZY"
2026-05-13T12:57:20,1233.03,40.38,34.19,26.56,100.0,85.99,,FUZZY,"40.38,34.19,26.56,100.00,85.99,FUZZY"
2026-05-13T12:57:21,1234.44,40.38,34.19,26.5,100.0,85.99,,FUZZY,"40.38,34.19,26.50,100.00,85.99,FUZZY"
2026-05-13T12:57:23,1235.84,40.38,34.19,26.5,100.0,85.99,,FUZZY,"40.38,34.19,26.50,100.00,85.99,FUZZY"
2026-05-13T12:57:24,1237.24,40.44,34.19,26.5,100.0,85.99,,FUZZY,"40.44,34.19,26.50,100.00,85.99,FUZZY"
2026-05-13T12:57:25,1238.64,40.44,34.19,26.5,100.0,85.99,,FUZZY,"40.44,34.19,26.50,100.00,85.99,FUZZY"
2026-05-13T12:57:27,1240.05,40.44,34.19,26.5,100.0,85.99,,FUZZY,"40.44,34.19,26.50,100.00,85.99,FUZZY"
2026-05-13T12:57:28,1241.45,40.44,34.19,26.5,100.0,86.0,,FUZZY,"40.44,34.19,26.50,100.00,86.00,FUZZY"
2026-05-13T12:57:30,1242.85,40.44,34.25,26.5,100.0,86.0,,FUZZY,"40.44,34.25,26.50,100.00,86.00,FUZZY"
2026-05-13T12:57:31,1244.25,40.44,34.25,26.5,100.0,86.0,,FUZZY,"40.44,34.25,26.50,100.00,86.00,FUZZY"
2026-05-13T12:57:32,1245.65,40.38,34.25,26.5,100.0,86.0,,FUZZY,"40.38,34.25,26.50,100.00,86.00,FUZZY"
2026-05-13T12:57:34,1247.06,40.44,34.25,26.5,100.0,86.0,,FUZZY,"40.44,34.25,26.50,100.00,86.00,FUZZY"
2026-05-13T12:57:35,1248.46,40.38,34.25,26.5,100.0,86.0,,FUZZY,"40.38,34.25,26.50,100.00,86.00,FUZZY"
2026-05-13T12:57:37,1249.86,40.38,34.25,26.5,100.0,85.99,,FUZZY,"40.38,34.25,26.50,100.00,85.99,FUZZY"
2026-05-13T12:57:38,1251.27,40.38,34.25,26.5,100.0,85.99,,FUZZY,"40.38,34.25,26.50,100.00,85.99,FUZZY"
2026-05-13T12:57:39,1252.67,40.31,34.25,26.5,100.0,85.99,,FUZZY,"40.31,34.25,26.50,100.00,85.99,FUZZY"
2026-05-13T12:57:41,1254.07,40.31,34.25,26.5,100.0,85.99,,FUZZY,"40.31,34.25,26.50,100.00,85.99,FUZZY"
2026-05-13T12:57:42,1255.47,40.25,34.25,26.5,100.0,85.99,,FUZZY,"40.25,34.25,26.50,100.00,85.99,FUZZY"
2026-05-13T12:57:44,1256.88,40.25,34.25,26.5,100.0,85.99,,FUZZY,"40.25,34.25,26.50,100.00,85.99,FUZZY"
2026-05-13T12:57:45,1258.28,40.19,34.25,26.5,100.0,85.99,,FUZZY,"40.19,34.25,26.50,100.00,85.99,FUZZY"
2026-05-13T12:57:46,1259.68,40.19,34.25,26.5,100.0,85.99,,FUZZY,"40.19,34.25,26.50,100.00,85.99,FUZZY"
2026-05-13T12:57:48,1261.08,40.19,34.25,26.5,100.0,85.98,,FUZZY,"40.19,34.25,26.50,100.00,85.98,FUZZY"
2026-05-13T12:57:49,1262.49,40.13,34.25,26.5,100.0,85.98,,FUZZY,"40.13,34.25,26.50,100.00,85.98,FUZZY"
2026-05-13T12:57:51,1263.89,40.13,34.25,26.56,100.0,85.98,,FUZZY,"40.13,34.25,26.56,100.00,85.98,FUZZY"
2026-05-13T12:57:52,1265.29,40.0,34.25,26.5,100.0,85.97,,FUZZY,"40.00,34.25,26.50,100.00,85.97,FUZZY"
2026-05-13T12:57:53,1266.69,40.0,34.25,26.5,100.0,85.97,,FUZZY,"40.00,34.25,26.50,100.00,85.97,FUZZY"
2026-05-13T12:57:55,1268.09,39.94,34.25,26.5,100.0,85.96,,FUZZY,"39.94,34.25,26.50,100.00,85.96,FUZZY"
2026-05-13T12:57:56,1269.5,39.88,34.25,26.5,100.0,85.95,,FUZZY,"39.88,34.25,26.50,100.00,85.95,FUZZY"
2026-05-13T12:57:58,1270.9,39.88,34.25,26.56,100.0,85.95,,FUZZY,"39.88,34.25,26.56,100.00,85.95,FUZZY"
2026-05-13T12:57:59,1272.3,39.81,34.25,26.5,100.0,85.94,,FUZZY,"39.81,34.25,26.50,100.00,85.94,FUZZY"
2026-05-13T12:58:00,1273.7,39.81,34.25,26.56,100.0,85.93,,FUZZY,"39.81,34.25,26.56,100.00,85.93,FUZZY"
2026-05-13T12:58:02,1275.11,39.75,34.25,26.56,100.0,85.92,,FUZZY,"39.75,34.25,26.56,100.00,85.92,FUZZY"
2026-05-13T12:58:03,1276.51,39.69,34.25,26.56,100.0,85.91,,FUZZY,"39.69,34.25,26.56,100.00,85.91,FUZZY"
2026-05-13T12:58:05,1277.91,39.69,34.25,26.5,100.0,85.9,,FUZZY,"39.69,34.25,26.50,100.00,85.90,FUZZY"
2026-05-13T12:58:06,1279.32,39.63,34.25,26.56,100.0,85.9,,FUZZY,"39.63,34.25,26.56,100.00,85.90,FUZZY"
2026-05-13T12:58:07,1280.72,39.63,34.25,26.5,100.0,85.89,,FUZZY,"39.63,34.25,26.50,100.00,85.89,FUZZY"
2026-05-13T12:58:09,1282.12,39.5,34.25,26.56,100.0,85.87,,FUZZY,"39.50,34.25,26.56,100.00,85.87,FUZZY"
2026-05-13T12:58:10,1283.52,39.5,34.25,26.56,100.0,85.86,,FUZZY,"39.50,34.25,26.56,100.00,85.86,FUZZY"
2026-05-13T12:58:12,1284.93,39.44,34.25,26.56,100.0,85.24,,FUZZY,"39.44,34.25,26.56,100.00,85.24,FUZZY"
2026-05-13T12:58:13,1286.33,39.38,34.25,26.56,100.0,84.19,,FUZZY,"39.38,34.25,26.56,100.00,84.19,FUZZY"
2026-05-13T12:58:14,1287.74,39.38,34.25,26.56,100.0,83.41,,FUZZY,"39.38,34.25,26.56,100.00,83.41,FUZZY"
2026-05-13T12:58:16,1289.15,39.31,34.25,26.56,100.0,82.3,,FUZZY,"39.31,34.25,26.56,100.00,82.30,FUZZY"
2026-05-13T12:58:17,1290.55,39.25,34.25,26.56,100.0,80.99,,FUZZY,"39.25,34.25,26.56,100.00,80.99,FUZZY"
2026-05-13T12:58:19,1291.96,39.25,34.25,26.56,100.0,80.01,,FUZZY,"39.25,34.25,26.56,100.00,80.01,FUZZY"
2026-05-13T12:58:20,1293.37,39.19,34.25,26.56,100.0,78.83,,FUZZY,"39.19,34.25,26.56,100.00,78.83,FUZZY"
2026-05-13T12:58:22,1294.77,39.13,34.25,26.56,100.0,77.53,,FUZZY,"39.13,34.25,26.56,100.00,77.53,FUZZY"
2026-05-13T12:58:23,1296.18,39.06,34.25,26.56,100.0,76.17,,FUZZY,"39.06,34.25,26.56,100.00,76.17,FUZZY"
2026-05-13T12:58:24,1297.58,39.06,34.25,26.56,99.4,75.15,,FUZZY,"39.06,34.25,26.56,99.40,75.15,FUZZY"
2026-05-13T12:58:26,1298.99,39.0,34.25,26.56,99.76,74.02,,FUZZY,"39.00,34.25,26.56,99.76,74.02,FUZZY"
2026-05-13T12:58:27,1300.4,38.94,34.25,26.56,99.9,72.83,,FUZZY,"38.94,34.25,26.56,99.90,72.83,FUZZY"
2026-05-13T12:58:29,1301.8,38.94,34.25,26.56,99.96,71.93,,FUZZY,"38.94,34.25,26.56,99.96,71.93,FUZZY"
2026-05-13T12:58:30,1303.21,38.88,34.25,26.56,99.98,70.93,,FUZZY,"38.88,34.25,26.56,99.98,70.93,FUZZY"
2026-05-13T12:58:31,1304.61,38.88,34.25,26.56,98.19,70.18,,FUZZY,"38.88,34.25,26.56,98.19,70.18,FUZZY"
2026-05-13T12:58:33,1306.02,38.81,34.25,26.56,88.48,69.3,,FUZZY,"38.81,34.25,26.56,88.48,69.30,FUZZY"
2026-05-13T12:58:34,1307.43,38.75,34.25,26.56,95.39,68.34,,FUZZY,"38.75,34.25,26.56,95.39,68.34,FUZZY"
2026-05-13T12:58:36,1308.83,38.69,34.25,26.56,98.16,67.33,,FUZZY,"38.69,34.25,26.56,98.16,67.33,FUZZY"
2026-05-13T12:58:37,1310.24,38.69,34.19,26.56,99.26,66.57,,FUZZY,"38.69,34.19,26.56,99.26,66.57,FUZZY"
2026-05-13T12:58:38,1311.64,38.63,34.25,26.56,90.11,65.71,,FUZZY,"38.63,34.25,26.56,90.11,65.71,FUZZY"
2026-05-13T12:58:40,1313.05,38.56,34.19,26.56,90.04,64.78,,FUZZY,"38.56,34.19,26.56,90.04,64.78,FUZZY"
2026-05-13T12:58:41,1314.46,38.56,34.19,26.56,96.02,64.08,,FUZZY,"38.56,34.19,26.56,96.02,64.08,FUZZY"
2026-05-13T12:58:43,1315.86,38.5,34.19,26.56,98.41,63.29,,FUZZY,"38.50,34.19,26.56,98.41,63.29,FUZZY"
2026-05-13T12:58:44,1317.27,38.5,34.19,26.56,98.16,62.69,,FUZZY,"38.50,34.19,26.56,98.16,62.69,FUZZY"
2026-05-13T12:58:45,1318.67,38.44,34.19,26.62,99.27,61.98,,FUZZY,"38.44,34.19,26.62,99.27,61.98,FUZZY"
2026-05-13T12:58:47,1320.09,38.44,34.19,26.56,73.91,61.69,,FUZZY,"38.44,34.19,26.56,73.91,61.69,FUZZY"
2026-05-13T12:58:48,1321.49,38.44,34.19,26.56,81.16,61.23,,FUZZY,"38.44,34.19,26.56,81.16,61.23,FUZZY"
2026-05-13T12:58:50,1322.9,38.38,34.19,26.56,88.86,60.61,,FUZZY,"38.38,34.19,26.56,88.86,60.61,FUZZY"
2026-05-13T12:58:51,1324.31,38.31,34.13,26.62,81.75,59.87,,FUZZY,"38.31,34.13,26.62,81.75,59.87,FUZZY"
2026-05-13T12:58:52,1325.71,38.31,34.19,26.56,75.9,59.32,,FUZZY,"38.31,34.19,26.56,75.90,59.32,FUZZY"
2026-05-13T12:58:54,1327.13,38.25,34.13,26.56,74.76,58.76,,FUZZY,"38.25,34.13,26.56,74.76,58.76,FUZZY"
2026-05-13T12:58:55,1328.53,38.25,34.13,26.56,86.9,58.22,,FUZZY,"38.25,34.13,26.56,86.90,58.22,FUZZY"
2026-05-13T12:58:57,1329.94,38.19,34.13,26.62,88.76,57.54,,FUZZY,"38.19,34.13,26.62,88.76,57.54,FUZZY"
2026-05-13T12:58:58,1331.34,38.19,34.13,26.56,85.3,57.03,,FUZZY,"38.19,34.13,26.56,85.30,57.03,FUZZY"
2026-05-13T12:59:00,1332.75,38.19,34.13,26.56,63.52,60.82,,FUZZY,"38.19,34.13,26.56,63.52,60.82,FUZZY"
2026-05-13T12:59:01,1334.16,38.13,34.13,26.62,85.41,59.23,,FUZZY,"38.13,34.13,26.62,85.41,59.23,FUZZY"
2026-05-13T12:59:02,1335.56,38.13,34.13,26.62,94.16,58.03,,FUZZY,"38.13,34.13,26.62,94.16,58.03,FUZZY"
2026-05-13T12:59:04,1336.97,38.06,34.13,26.62,97.67,56.85,,FUZZY,"38.06,34.13,26.62,97.67,56.85,FUZZY"
2026-05-13T12:59:05,1338.37,38.06,34.13,26.56,97.87,55.97,,FUZZY,"38.06,34.13,26.56,97.87,55.97,FUZZY"
2026-05-13T12:59:07,1339.78,38.0,34.13,26.62,97.35,55.03,,FUZZY,"38.00,34.13,26.62,97.35,55.03,FUZZY"
2026-05-13T12:59:08,1341.19,38.0,34.13,26.62,98.94,54.31,,FUZZY,"38.00,34.13,26.62,98.94,54.31,FUZZY"
2026-05-13T12:59:09,1342.59,38.0,34.13,26.62,77.98,53.78,,FUZZY,"38.00,34.13,26.62,77.98,53.78,FUZZY"
2026-05-13T12:59:11,1344.0,37.94,34.13,26.62,81.59,53.09,,FUZZY,"37.94,34.13,26.62,81.59,53.09,FUZZY"
2026-05-13T12:59:12,1345.41,37.94,34.06,26.62,87.84,52.57,,FUZZY,"37.94,34.06,26.62,87.84,52.57,FUZZY"
2026-05-13T12:59:14,1346.81,37.94,34.06,26.62,88.53,52.18,,FUZZY,"37.94,34.06,26.62,88.53,52.18,FUZZY"
2026-05-13T12:59:15,1348.22,37.88,34.06,26.62,64.81,56.62,,FUZZY,"37.88,34.06,26.62,64.81,56.62,FUZZY"
2026-05-13T12:59:16,1349.62,37.88,34.06,26.62,75.13,55.21,,FUZZY,"37.88,34.06,26.62,75.13,55.21,FUZZY"
2026-05-13T12:59:18,1351.03,37.88,34.06,26.62,76.25,53.91,,FUZZY,"37.88,34.06,26.62,76.25,53.91,FUZZY"
2026-05-13T12:59:19,1352.44,37.81,34.06,26.62,83.3,52.59,,FUZZY,"37.81,34.06,26.62,83.30,52.59,FUZZY"
2026-05-13T12:59:21,1353.84,37.81,34.06,26.62,60.92,56.82,,FUZZY,"37.81,34.06,26.62,60.92,56.82,FUZZY"
2026-05-13T12:59:22,1355.25,37.75,34.06,26.62,66.37,59.88,,FUZZY,"37.75,34.06,26.62,66.37,59.88,FUZZY"
2026-05-13T12:59:23,1356.66,37.75,34.06,26.62,65.55,62.18,,FUZZY,"37.75,34.06,26.62,65.55,62.18,FUZZY"
2026-05-13T12:59:25,1358.06,37.75,34.0,26.62,75.42,58.68,,FUZZY,"37.75,34.00,26.62,75.42,58.68,FUZZY"
2026-05-13T12:59:26,1359.47,37.69,34.0,26.62,88.37,55.52,,FUZZY,"37.69,34.00,26.62,88.37,55.52,FUZZY"
2026-05-13T12:59:28,1360.88,37.69,34.0,26.62,87.55,53.14,,FUZZY,"37.69,34.00,26.62,87.55,53.14,FUZZY"
2026-05-13T12:59:29,1362.28,37.69,34.0,26.62,76.42,51.43,,FUZZY,"37.69,34.00,26.62,76.42,51.43,FUZZY"
2026-05-13T12:59:30,1363.69,37.63,34.0,26.62,62.37,55.61,,FUZZY,"37.63,34.00,26.62,62.37,55.61,FUZZY"
2026-05-13T12:59:32,1365.09,37.63,34.0,26.62,61.55,58.75,,FUZZY,"37.63,34.00,26.62,61.55,58.75,FUZZY"
2026-05-13T12:59:33,1366.5,37.63,34.0,26.69,75.62,55.34,,FUZZY,"37.63,34.00,26.69,75.62,55.34,FUZZY"
2026-05-13T12:59:35,1367.91,37.56,34.0,26.69,90.25,52.29,,FUZZY,"37.56,34.00,26.69,90.25,52.29,FUZZY"
2026-05-13T12:59:36,1369.31,37.56,34.0,26.62,69.1,56.17,,FUZZY,"37.56,34.00,26.62,69.10,56.17,FUZZY"
2026-05-13T12:59:37,1370.72,37.5,34.0,26.69,65.44,58.94,,FUZZY,"37.50,34.00,26.69,65.44,58.94,FUZZY"
2026-05-13T12:59:39,1372.12,37.5,34.0,26.69,86.18,54.62,,FUZZY,"37.50,34.00,26.69,86.18,54.62,FUZZY"
2026-05-13T12:59:40,1373.52,37.5,33.94,26.69,88.47,51.37,,FUZZY,"37.50,33.94,26.69,88.47,51.37,FUZZY"
2026-05-13T12:59:42,1374.93,37.5,33.94,26.69,91.79,48.94,,FUZZY,"37.50,33.94,26.69,91.79,48.94,FUZZY"
2026-05-13T12:59:43,1376.33,37.44,33.94,26.69,67.32,53.51,,FUZZY,"37.44,33.94,26.69,67.32,53.51,FUZZY"
2026-05-13T12:59:44,1377.73,37.44,33.94,26.69,64.13,56.95,,FUZZY,"37.44,33.94,26.69,64.13,56.95,FUZZY"
2026-05-13T12:59:46,1379.14,37.44,33.94,26.62,81.45,53.13,,FUZZY,"37.44,33.94,26.62,81.45,53.13,FUZZY"
2026-05-13T12:59:47,1380.54,37.38,33.94,26.69,74.58,50.73,,FUZZY,"37.38,33.94,26.69,74.58,50.73,FUZZY"
2026-05-13T12:59:49,1381.95,37.38,33.94,26.69,80.23,48.45,,FUZZY,"37.38,33.94,26.69,80.23,48.45,FUZZY"
2026-05-13T12:59:50,1383.35,37.38,33.88,26.69,66.89,53.15,,FUZZY,"37.38,33.88,26.69,66.89,53.15,FUZZY"
2026-05-13T12:59:52,1384.75,37.31,33.94,26.69,65.16,56.68,,FUZZY,"37.31,33.94,26.69,65.16,56.68,FUZZY"
2026-05-13T12:59:53,1386.16,37.31,33.94,26.69,74.66,53.3,,FUZZY,"37.31,33.94,26.69,74.66,53.30,FUZZY"
2026-05-13T12:59:54,1387.56,37.31,33.88,26.69,84.47,50.38,,FUZZY,"37.31,33.88,26.69,84.47,50.38,FUZZY"
2026-05-13T12:59:56,1388.97,37.31,33.88,26.69,78.19,48.2,,FUZZY,"37.31,33.88,26.69,78.19,48.20,FUZZY"
2026-05-13T12:59:57,1390.37,37.31,33.88,26.69,59.47,52.97,,FUZZY,"37.31,33.88,26.69,59.47,52.97,FUZZY"
2026-05-13T12:59:59,1391.77,37.25,33.88,26.69,60.39,56.55,,FUZZY,"37.25,33.88,26.69,60.39,56.55,FUZZY"
2026-05-13T13:00:00,1393.18,37.25,33.88,26.69,51.16,59.21,,FUZZY,"37.25,33.88,26.69,51.16,59.21,FUZZY"
2026-05-13T13:00:01,1394.58,37.25,33.88,26.69,67.86,61.21,,FUZZY,"37.25,33.88,26.69,67.86,61.21,FUZZY"
2026-05-13T13:00:03,1395.98,37.25,33.88,26.69,69.14,62.7,,FUZZY,"37.25,33.88,26.69,69.14,62.70,FUZZY"
2026-05-13T13:00:04,1397.39,37.19,33.88,26.69,84.06,57.44,,FUZZY,"37.19,33.88,26.69,84.06,57.44,FUZZY"
2026-05-13T13:00:06,1398.79,37.19,33.88,26.69,75.62,53.48,,FUZZY,"37.19,33.88,26.69,75.62,53.48,FUZZY"
2026-05-13T13:00:07,1400.19,37.19,33.88,26.69,79.45,50.52,,FUZZY,"37.19,33.88,26.69,79.45,50.52,FUZZY"
2026-05-13T13:00:08,1401.59,37.13,33.88,26.69,65.38,54.71,,FUZZY,"37.13,33.88,26.69,65.38,54.71,FUZZY"
2026-05-13T13:00:10,1403.0,37.13,33.81,26.69,78.95,51.44,,FUZZY,"37.13,33.81,26.69,78.95,51.44,FUZZY"
2026-05-13T13:00:11,1404.4,37.13,33.81,26.69,59.78,55.41,,FUZZY,"37.13,33.81,26.69,59.78,55.41,FUZZY"
2026-05-13T13:00:13,1405.81,37.06,33.81,26.69,70.71,57.24,,FUZZY,"37.06,33.81,26.69,70.71,57.24,FUZZY"
2026-05-13T13:00:14,1407.21,37.13,33.81,26.69,84.08,53.34,,FUZZY,"37.13,33.81,26.69,84.08,53.34,FUZZY"
2026-05-13T13:00:15,1408.62,37.06,33.81,26.69,70.23,56.42,,FUZZY,"37.06,33.81,26.69,70.23,56.42,FUZZY"
2026-05-13T13:00:17,1410.02,37.06,33.81,26.75,76.69,52.72,,FUZZY,"37.06,33.81,26.75,76.69,52.72,FUZZY"
2026-05-13T13:00:18,1411.43,37.06,33.81,26.75,75.68,49.94,,FUZZY,"37.06,33.81,26.75,75.68,49.94,FUZZY"
2026-05-13T13:00:20,1412.83,37.0,33.81,26.75,51.27,54.25,,FUZZY,"37.00,33.81,26.75,51.27,54.25,FUZZY"
2026-05-13T13:00:21,1414.24,37.0,33.81,26.75,48.11,57.47,,FUZZY,"37.00,33.81,26.75,48.11,57.47,FUZZY"
2026-05-13T13:00:22,1415.64,37.0,33.81,26.69,70.24,59.5,,FUZZY,"37.00,33.81,26.69,70.24,59.50,FUZZY"
2026-05-13T13:00:24,1417.05,37.0,33.81,26.69,88.1,55.04,,FUZZY,"37.00,33.81,26.69,88.10,55.04,FUZZY"
2026-05-13T13:00:25,1418.45,37.0,33.81,26.75,81.44,51.69,,FUZZY,"37.00,33.81,26.75,81.44,51.69,FUZZY"
2026-05-13T13:00:27,1419.85,36.94,33.81,26.75,82.38,49.19,,FUZZY,"36.94,33.81,26.75,82.38,49.19,FUZZY"
2026-05-13T13:00:28,1421.26,36.94,33.75,26.69,70.15,53.44,,FUZZY,"36.94,33.75,26.69,70.15,53.44,FUZZY"
2026-05-13T13:00:29,1422.66,36.94,33.81,26.69,60.46,56.91,,FUZZY,"36.94,33.81,26.69,60.46,56.91,FUZZY"
2026-05-13T13:00:31,1424.07,36.94,33.81,26.75,73.38,54.92,,FUZZY,"36.94,33.81,26.75,73.38,54.92,FUZZY"
2026-05-13T13:00:32,1425.47,36.88,33.75,26.75,88.75,51.61,,FUZZY,"36.88,33.75,26.75,88.75,51.61,FUZZY"
2026-05-13T13:00:34,1426.88,36.88,33.75,26.75,93.1,49.12,,FUZZY,"36.88,33.75,26.75,93.10,49.12,FUZZY"
2026-05-13T13:00:35,1428.28,36.88,33.75,26.69,63.64,53.67,,FUZZY,"36.88,33.75,26.69,63.64,53.67,FUZZY"
2026-05-13T13:00:36,1429.68,36.88,33.75,26.75,65.06,57.07,,FUZZY,"36.88,33.75,26.75,65.06,57.07,FUZZY"
2026-05-13T13:00:38,1431.09,36.88,33.75,26.75,62.62,59.63,,FUZZY,"36.88,33.75,26.75,62.62,59.63,FUZZY"
2026-05-13T13:00:39,1432.49,36.88,33.75,26.75,77.85,55.13,,FUZZY,"36.88,33.75,26.75,77.85,55.13,FUZZY"
2026-05-13T13:00:41,1433.89,36.81,33.75,26.75,82.74,51.76,,FUZZY,"36.81,33.75,26.75,82.74,51.76,FUZZY"
2026-05-13T13:00:42,1435.3,36.81,33.75,26.75,80.5,49.24,,FUZZY,"36.81,33.75,26.75,80.50,49.24,FUZZY"
2026-05-13T13:00:43,1436.7,36.81,33.75,26.75,58.0,53.76,,FUZZY,"36.81,33.75,26.75,58.00,53.76,FUZZY"
2026-05-13T13:00:45,1438.11,36.81,33.75,26.75,49.0,57.1,,FUZZY,"36.81,33.75,26.75,49.00,57.10,FUZZY"
2026-05-13T13:00:46,1439.51,36.81,33.75,26.75,67.6,59.63,,FUZZY,"36.81,33.75,26.75,67.60,59.63,FUZZY"
2026-05-13T13:00:48,1440.91,36.75,33.75,26.75,79.84,55.14,,FUZZY,"36.75,33.75,26.75,79.84,55.14,FUZZY"
2026-05-13T13:00:49,1442.32,36.75,33.75,26.75,82.94,51.77,,FUZZY,"36.75,33.75,26.75,82.94,51.77,FUZZY"
2026-05-13T13:00:50,1443.72,36.75,33.75,26.75,84.17,49.24,,FUZZY,"36.75,33.75,26.75,84.17,49.24,FUZZY"
2026-05-13T13:00:52,1445.12,36.75,33.69,26.75,61.27,53.76,,FUZZY,"36.75,33.69,26.75,61.27,53.76,FUZZY"
2026-05-13T13:00:53,1446.53,36.69,33.75,26.75,76.11,50.73,,FUZZY,"36.69,33.75,26.75,76.11,50.73,FUZZY"
2026-05-13T13:00:55,1447.93,36.69,33.69,26.75,75.44,48.45,,FUZZY,"36.69,33.69,26.75,75.44,48.45,FUZZY"
2026-05-13T13:00:56,1449.33,36.69,33.69,26.75,65.58,53.15,,FUZZY,"36.69,33.69,26.75,65.58,53.15,FUZZY"
2026-05-13T13:00:57,1450.74,36.69,33.69,26.75,61.03,56.7,,FUZZY,"36.69,33.69,26.75,61.03,56.70,FUZZY"
2026-05-13T13:00:59,1452.14,36.69,33.69,26.75,49.01,59.3,,FUZZY,"36.69,33.69,26.75,49.01,59.30,FUZZY"
2026-05-13T13:01:00,1453.55,36.63,33.69,26.75,79.6,54.89,,FUZZY,"36.63,33.69,26.75,79.60,54.89,FUZZY"
2026-05-13T13:01:02,1454.95,36.63,33.69,26.75,71.44,55.82,,FUZZY,"36.63,33.69,26.75,71.44,55.82,FUZZY"
2026-05-13T13:01:03,1456.36,36.63,33.69,26.75,73.58,53.88,,FUZZY,"36.63,33.69,26.75,73.58,53.88,FUZZY"
2026-05-13T13:01:05,1457.76,36.63,33.69,26.81,85.23,50.83,,FUZZY,"36.63,33.69,26.81,85.23,50.83,FUZZY"
2026-05-13T13:01:06,1459.17,36.63,33.63,26.81,59.29,54.96,,FUZZY,"36.63,33.63,26.81,59.29,54.96,FUZZY"
2026-05-13T13:01:07,1460.57,36.63,33.69,26.81,53.12,58.03,,FUZZY,"36.63,33.69,26.81,53.12,58.03,FUZZY"
2026-05-13T13:01:09,1461.97,36.63,33.69,26.81,68.65,60.32,,FUZZY,"36.63,33.69,26.81,68.65,60.32,FUZZY"
2026-05-13T13:01:10,1463.38,36.56,33.63,26.81,87.46,55.65,,FUZZY,"36.56,33.63,26.81,87.46,55.65,FUZZY"
2026-05-13T13:01:12,1464.78,36.56,33.63,26.81,88.98,52.16,,FUZZY,"36.56,33.63,26.81,88.98,52.16,FUZZY"
2026-05-13T13:01:13,1466.18,36.56,33.63,26.81,63.79,55.94,,FUZZY,"36.56,33.63,26.81,63.79,55.94,FUZZY"
2026-05-13T13:01:14,1467.59,36.56,33.63,26.81,53.72,58.77,,FUZZY,"36.56,33.63,26.81,53.72,58.77,FUZZY"
2026-05-13T13:01:16,1468.99,36.5,33.63,26.81,54.49,60.89,,FUZZY,"36.50,33.63,26.81,54.49,60.89,FUZZY"
2026-05-13T13:01:17,1470.39,36.5,33.69,26.81,81.79,56.09,,FUZZY,"36.50,33.69,26.81,81.79,56.09,FUZZY"
2026-05-13T13:01:19,1471.8,36.5,33.63,26.81,81.32,52.48,,FUZZY,"36.50,33.63,26.81,81.32,52.48,FUZZY"
2026-05-13T13:01:20,1473.2,36.5,33.63,26.81,57.13,56.19,,FUZZY,"36.50,33.63,26.81,57.13,56.19,FUZZY"
2026-05-13T13:01:21,1474.6,36.44,33.63,26.81,75.05,52.54,,FUZZY,"36.44,33.63,26.81,75.05,52.54,FUZZY"
2026-05-13T13:01:23,1476.01,36.44,33.63,26.81,62.42,56.23,,FUZZY,"36.44,33.63,26.81,62.42,56.23,FUZZY"
2026-05-13T13:01:24,1477.41,36.44,33.63,26.81,67.57,58.98,,FUZZY,"36.44,33.63,26.81,67.57,58.98,FUZZY"
2026-05-13T13:01:26,1478.81,36.44,33.63,26.81,81.03,54.65,,FUZZY,"36.44,33.63,26.81,81.03,54.65,FUZZY"
2026-05-13T13:01:27,1480.22,36.44,33.63,26.81,92.41,51.41,,FUZZY,"36.44,33.63,26.81,92.41,51.41,FUZZY"
2026-05-13T13:01:28,1481.62,36.38,33.63,26.81,75.36,48.96,,FUZZY,"36.38,33.63,26.81,75.36,48.96,FUZZY"
2026-05-13T13:01:30,1483.03,36.44,33.63,26.81,46.35,53.5,,FUZZY,"36.44,33.63,26.81,46.35,53.50,FUZZY"
2026-05-13T13:01:31,1484.43,36.44,33.63,26.81,54.54,56.94,,FUZZY,"36.44,33.63,26.81,54.54,56.94,FUZZY"
2026-05-13T13:01:33,1485.83,36.38,33.63,26.81,54.82,59.52,,FUZZY,"36.38,33.63,26.81,54.82,59.52,FUZZY"
2026-05-13T13:01:34,1487.24,36.38,33.63,26.81,73.53,56.72,,FUZZY,"36.38,33.63,26.81,73.53,56.72,FUZZY"
2026-05-13T13:01:35,1488.64,36.38,33.63,26.81,85.81,52.96,,FUZZY,"36.38,33.63,26.81,85.81,52.96,FUZZY"
2026-05-13T13:01:37,1490.05,36.38,33.56,26.81,87.72,50.13,,FUZZY,"36.38,33.56,26.81,87.72,50.13,FUZZY"
2026-05-13T13:01:38,1491.45,36.31,33.63,26.81,85.49,48.02,,FUZZY,"36.31,33.63,26.81,85.49,48.02,FUZZY"
2026-05-13T13:01:40,1492.85,36.31,33.56,26.81,69.0,52.81,,FUZZY,"36.31,33.56,26.81,69.00,52.81,FUZZY"
2026-05-13T13:01:41,1494.26,36.31,33.63,26.81,52.8,56.41,,FUZZY,"36.31,33.63,26.81,52.80,56.41,FUZZY"
2026-05-13T13:01:42,1495.66,36.31,33.56,26.81,50.52,59.1,,FUZZY,"36.31,33.56,26.81,50.52,59.10,FUZZY"
2026-05-13T13:01:44,1497.06,36.31,33.56,26.81,80.21,54.74,,FUZZY,"36.31,33.56,26.81,80.21,54.74,FUZZY"
2026-05-13T13:01:45,1498.47,36.31,33.56,26.81,89.68,51.47,,FUZZY,"36.31,33.56,26.81,89.68,51.47,FUZZY"
2026-05-13T13:01:47,1499.87,36.31,33.56,26.81,79.67,49.02,,FUZZY,"36.31,33.56,26.81,79.67,49.02,FUZZY"
2026-05-13T13:01:48,1501.27,36.25,33.63,26.81,52.27,53.57,,FUZZY,"36.25,33.63,26.81,52.27,53.57,FUZZY"
2026-05-13T13:01:49,1502.68,36.31,33.56,26.81,64.71,57.0,,FUZZY,"36.31,33.56,26.81,64.71,57.00,FUZZY"
2026-05-13T13:01:51,1504.08,36.25,33.56,26.81,58.88,59.58,,FUZZY,"36.25,33.56,26.81,58.88,59.58,FUZZY"
2026-05-13T13:01:52,1505.48,36.25,33.56,26.81,77.55,55.09,,FUZZY,"36.25,33.56,26.81,77.55,55.09,FUZZY"
2026-05-13T13:01:54,1506.89,36.25,33.56,26.81,75.42,51.72,,FUZZY,"36.25,33.56,26.81,75.42,51.72,FUZZY"
2026-05-13T13:01:55,1508.29,36.25,33.56,26.81,75.17,49.19,,FUZZY,"36.25,33.56,26.81,75.17,49.19,FUZZY"
2026-05-13T13:01:56,1509.69,36.25,33.56,26.81,64.87,53.71,,FUZZY,"36.25,33.56,26.81,64.87,53.71,FUZZY"
2026-05-13T13:01:58,1511.1,36.19,33.56,26.87,54.75,57.1,,FUZZY,"36.19,33.56,26.87,54.75,57.10,FUZZY"
2026-05-13T13:01:59,1512.5,36.19,33.56,26.81,72.3,56.37,,FUZZY,"36.19,33.56,26.81,72.30,56.37,FUZZY"
2026-05-13T13:02:01,1513.91,36.19,33.56,26.81,88.92,52.69,,FUZZY,"36.19,33.56,26.81,88.92,52.69,FUZZY"
2026-05-13T13:02:02,1515.31,36.19,33.56,26.81,81.77,49.93,,FUZZY,"36.19,33.56,26.81,81.77,49.93,FUZZY"
2026-05-13T13:02:03,1516.72,36.19,33.56,26.81,70.51,53.44,,FUZZY,"36.19,33.56,26.81,70.51,53.44,FUZZY"
2026-05-13T13:02:05,1518.12,36.19,33.56,26.87,78.0,50.49,,FUZZY,"36.19,33.56,26.87,78.00,50.49,FUZZY"
2026-05-13T13:02:06,1519.52,36.19,33.56,26.81,55.2,54.69,,FUZZY,"36.19,33.56,26.81,55.20,54.69,FUZZY"
2026-05-13T13:02:08,1520.93,36.19,33.56,26.87,55.08,57.84,,FUZZY,"36.19,33.56,26.87,55.08,57.84,FUZZY"
2026-05-13T13:02:09,1522.33,36.19,33.56,26.81,68.83,60.17,,FUZZY,"36.19,33.56,26.81,68.83,60.17,FUZZY"
2026-05-13T13:02:10,1523.73,36.13,33.56,26.87,75.53,55.53,,FUZZY,"36.13,33.56,26.87,75.53,55.53,FUZZY"
2026-05-13T13:02:12,1525.14,36.13,33.5,26.81,77.61,52.06,,FUZZY,"36.13,33.50,26.81,77.61,52.06,FUZZY"
2026-05-13T13:02:13,1526.55,36.13,33.56,26.87,73.05,51.68,,FUZZY,"36.13,33.56,26.87,73.05,51.68,FUZZY"
2026-05-13T13:02:15,1527.95,36.13,33.5,26.87,86.82,49.18,,FUZZY,"36.13,33.50,26.87,86.82,49.18,FUZZY"
2026-05-13T13:02:16,1529.35,36.13,33.5,26.81,84.53,47.3,,FUZZY,"36.13,33.50,26.81,84.53,47.30,FUZZY"
2026-05-13T13:02:18,1530.76,36.06,33.5,26.87,70.41,51.62,,FUZZY,"36.06,33.50,26.87,70.41,51.62,FUZZY"
2026-05-13T13:02:19,1532.16,36.06,33.5,26.87,61.76,55.54,,FUZZY,"36.06,33.50,26.87,61.76,55.54,FUZZY"
2026-05-13T13:02:20,1533.56,36.06,33.5,26.81,59.51,58.49,,FUZZY,"36.06,33.50,26.81,59.51,58.49,FUZZY"
2026-05-13T13:02:22,1534.97,36.06,33.5,26.87,74.8,54.49,,FUZZY,"36.06,33.50,26.87,74.80,54.49,FUZZY"
2026-05-13T13:02:23,1536.37,36.06,33.5,26.81,88.72,51.28,,FUZZY,"36.06,33.50,26.81,88.72,51.28,FUZZY"
2026-05-13T13:02:25,1537.78,36.06,33.5,26.87,65.49,55.28,,FUZZY,"36.06,33.50,26.87,65.49,55.28,FUZZY"
2026-05-13T13:02:26,1539.19,36.0,33.5,26.81,46.6,58.23,,FUZZY,"36.00,33.50,26.81,46.60,58.23,FUZZY"
2026-05-13T13:02:27,1540.59,36.06,33.5,26.87,70.84,59.17,,FUZZY,"36.06,33.50,26.87,70.84,59.17,FUZZY"
2026-05-13T13:02:29,1542.0,36.0,33.5,26.87,88.34,54.79,,FUZZY,"36.00,33.50,26.87,88.34,54.79,FUZZY"
2026-05-13T13:02:30,1543.4,36.0,33.5,26.87,79.13,51.51,,FUZZY,"36.00,33.50,26.87,79.13,51.51,FUZZY"
2026-05-13T13:02:32,1544.8,36.0,33.5,26.87,59.85,55.46,,FUZZY,"36.00,33.50,26.87,59.85,55.46,FUZZY"
2026-05-13T13:02:33,1546.21,36.0,33.5,26.87,53.34,58.41,,FUZZY,"36.00,33.50,26.87,53.34,58.41,FUZZY"
2026-05-13T13:02:34,1547.61,36.0,33.5,26.87,72.34,57.3,,FUZZY,"36.00,33.50,26.87,72.34,57.30,FUZZY"
2026-05-13T13:02:36,1549.02,36.0,33.5,26.87,67.93,59.78,,FUZZY,"36.00,33.50,26.87,67.93,59.78,FUZZY"
2026-05-13T13:02:37,1550.42,35.94,33.5,26.81,87.17,55.25,,FUZZY,"35.94,33.50,26.81,87.17,55.25,FUZZY"
2026-05-13T13:02:39,1551.82,35.94,33.5,26.81,78.07,51.84,,FUZZY,"35.94,33.50,26.81,78.07,51.84,FUZZY"
2026-05-13T13:02:40,1553.23,35.94,33.5,26.87,69.03,55.68,,FUZZY,"35.94,33.50,26.87,69.03,55.68,FUZZY"
2026-05-13T13:02:41,1554.63,35.94,33.44,26.87,73.81,53.51,,FUZZY,"35.94,33.44,26.87,73.81,53.51,FUZZY"
2026-05-13T13:02:43,1556.04,35.94,33.5,26.81,76.92,50.54,,FUZZY,"35.94,33.50,26.81,76.92,50.54,FUZZY"
2026-05-13T13:02:44,1557.44,35.94,33.44,26.81,76.97,48.31,,FUZZY,"35.94,33.44,26.81,76.97,48.31,FUZZY"
2026-05-13T13:02:46,1558.84,35.94,33.5,26.81,66.79,53.04,,FUZZY,"35.94,33.50,26.81,66.79,53.04,FUZZY"
2026-05-13T13:02:47,1560.25,35.94,33.44,26.81,60.32,56.61,,FUZZY,"35.94,33.44,26.81,60.32,56.61,FUZZY"
2026-05-13T13:02:48,1561.65,35.88,33.5,26.81,79.33,52.87,,FUZZY,"35.88,33.50,26.81,79.33,52.87,FUZZY"
2026-05-13T13:02:50,1563.05,35.94,33.44,26.87,83.33,50.07,,FUZZY,"35.94,33.44,26.87,83.33,50.07,FUZZY"
2026-05-13T13:02:51,1564.46,35.88,33.44,26.81,57.33,54.38,,FUZZY,"35.88,33.44,26.81,57.33,54.38,FUZZY"
2026-05-13T13:02:53,1565.86,35.88,33.44,26.87,55.33,57.61,,FUZZY,"35.88,33.44,26.87,55.33,57.61,FUZZY"
2026-05-13T13:02:54,1567.27,35.88,33.44,26.81,70.13,59.78,,FUZZY,"35.88,33.44,26.81,70.13,59.78,FUZZY"
2026-05-13T13:02:55,1568.67,35.88,33.44,26.87,88.05,55.25,,FUZZY,"35.88,33.44,26.87,88.05,55.25,FUZZY"
2026-05-13T13:02:57,1570.08,35.88,33.44,26.87,71.22,56.4,,FUZZY,"35.88,33.44,26.87,71.22,56.40,FUZZY"
2026-05-13T13:02:58,1571.48,35.88,33.44,26.87,66.29,59.11,,FUZZY,"35.88,33.44,26.87,66.29,59.11,FUZZY"
2026-05-13T13:03:00,1572.88,35.88,33.44,26.87,85.32,54.75,,FUZZY,"35.88,33.44,26.87,85.32,54.75,FUZZY"
2026-05-13T13:03:01,1574.29,35.88,33.44,26.87,64.73,57.88,,FUZZY,"35.88,33.44,26.87,64.73,57.88,FUZZY"
2026-05-13T13:03:02,1575.69,35.88,33.44,26.87,64.29,60.23,,FUZZY,"35.88,33.44,26.87,64.29,60.23,FUZZY"
2026-05-13T13:03:04,1577.1,35.88,33.44,26.87,71.32,60.0,,FUZZY,"35.88,33.44,26.87,71.32,60.00,FUZZY"
2026-05-13T13:03:05,1578.5,35.88,33.44,26.81,88.53,55.41,,FUZZY,"35.88,33.44,26.81,88.53,55.41,FUZZY"
2026-05-13T13:03:07,1579.9,35.81,33.44,26.81,81.01,51.97,,FUZZY,"35.81,33.44,26.81,81.01,51.97,FUZZY"
2026-05-13T13:03:08,1581.31,35.81,33.44,26.81,70.8,54.53,,FUZZY,"35.81,33.44,26.81,70.80,54.53,FUZZY"
2026-05-13T13:03:09,1582.72,35.81,33.44,26.81,70.32,57.18,,FUZZY,"35.81,33.44,26.81,70.32,57.18,FUZZY"
2026-05-13T13:03:11,1584.12,35.81,33.44,26.81,74.93,53.36,,FUZZY,"35.81,33.44,26.81,74.93,53.36,FUZZY"
2026-05-13T13:03:12,1585.53,35.81,33.44,26.81,76.77,50.43,,FUZZY,"35.81,33.44,26.81,76.77,50.43,FUZZY"
2026-05-13T13:03:14,1586.93,35.81,33.44,26.81,56.51,54.65,,FUZZY,"35.81,33.44,26.81,56.51,54.65,FUZZY"
2026-05-13T13:03:15,1588.33,35.81,33.44,26.81,56.2,57.81,,FUZZY,"35.81,33.44,26.81,56.20,57.81,FUZZY"
2026-05-13T13:03:16,1589.74,35.81,33.44,26.81,82.48,53.77,,FUZZY,"35.81,33.44,26.81,82.48,53.77,FUZZY"
2026-05-13T13:03:18,1591.14,35.81,33.44,26.81,62.99,57.15,,FUZZY,"35.81,33.44,26.81,62.99,57.15,FUZZY"
2026-05-13T13:03:19,1592.54,35.81,33.44,26.81,65.4,59.68,,FUZZY,"35.81,33.44,26.81,65.40,59.68,FUZZY"
2026-05-13T13:03:21,1593.95,35.81,33.44,26.81,69.96,61.55,,FUZZY,"35.81,33.44,26.81,69.96,61.55,FUZZY"
2026-05-13T13:03:22,1595.35,35.81,33.44,26.81,87.98,56.57,,FUZZY,"35.81,33.44,26.81,87.98,56.57,FUZZY"
2026-05-13T13:03:24,1596.75,35.81,33.38,26.81,89.19,52.84,,FUZZY,"35.81,33.38,26.81,89.19,52.84,FUZZY"
2026-05-13T13:03:25,1598.16,35.75,33.44,26.81,68.68,56.43,,FUZZY,"35.75,33.44,26.81,68.68,56.43,FUZZY"
2026-05-13T13:03:26,1599.56,35.75,33.38,26.81,87.47,52.74,,FUZZY,"35.75,33.38,26.81,87.47,52.74,FUZZY"
2026-05-13T13:03:28,1600.96,35.75,33.38,26.81,92.59,49.96,,FUZZY,"35.75,33.38,26.81,92.59,49.96,FUZZY"
2026-05-13T13:03:29,1602.37,35.75,33.38,26.81,80.24,47.89,,FUZZY,"35.75,33.38,26.81,80.24,47.89,FUZZY"
2026-05-13T13:03:31,1603.77,35.75,33.44,26.81,64.49,52.74,,FUZZY,"35.75,33.44,26.81,64.49,52.74,FUZZY"
2026-05-13T13:03:32,1605.17,35.75,33.44,26.81,63.0,56.38,,FUZZY,"35.75,33.44,26.81,63.00,56.38,FUZZY"
2026-05-13T13:03:33,1606.58,35.75,33.38,26.81,75.6,52.68,,FUZZY,"35.75,33.38,26.81,75.60,52.68,FUZZY"
2026-05-13T13:03:35,1607.98,35.75,33.44,26.81,77.64,49.92,,FUZZY,"35.75,33.44,26.81,77.64,49.92,FUZZY"
2026-05-13T13:03:36,1609.38,35.69,33.38,26.81,66.46,54.25,,FUZZY,"35.69,33.38,26.81,66.46,54.25,FUZZY"
2026-05-13T13:03:38,1610.79,35.75,33.38,26.81,70.38,56.88,,FUZZY,"35.75,33.38,26.81,70.38,56.88,FUZZY"
2026-05-13T13:03:39,1612.19,35.69,33.38,26.81,86.95,53.07,,FUZZY,"35.69,33.38,26.81,86.95,53.07,FUZZY"
2026-05-13T13:03:40,1613.6,35.69,33.38,26.81,70.78,55.38,,FUZZY,"35.69,33.38,26.81,70.78,55.38,FUZZY"
2026-05-13T13:03:42,1615.0,35.69,33.38,26.81,77.51,51.94,,FUZZY,"35.69,33.38,26.81,77.51,51.94,FUZZY"
2026-05-13T13:03:43,1616.41,35.69,33.38,26.81,64.0,55.78,,FUZZY,"35.69,33.38,26.81,64.00,55.78,FUZZY"
2026-05-13T13:03:45,1617.81,35.69,33.38,26.81,72.4,55.25,,FUZZY,"35.69,33.38,26.81,72.40,55.25,FUZZY"
2026-05-13T13:03:46,1619.22,35.69,33.38,26.81,66.16,58.25,,FUZZY,"35.69,33.38,26.81,66.16,58.25,FUZZY"
2026-05-13T13:03:47,1620.62,35.69,33.38,26.81,78.06,54.1,,FUZZY,"35.69,33.38,26.81,78.06,54.10,FUZZY"
2026-05-13T13:03:49,1622.03,35.69,33.38,26.81,70.83,56.09,,FUZZY,"35.69,33.38,26.81,70.83,56.09,FUZZY"
2026-05-13T13:03:50,1623.43,35.69,33.38,26.81,66.73,58.88,,FUZZY,"35.69,33.38,26.81,66.73,58.88,FUZZY"
2026-05-13T13:03:52,1624.84,35.69,33.38,26.81,74.69,54.91,,FUZZY,"35.69,33.38,26.81,74.69,54.91,FUZZY"
2026-05-13T13:03:53,1626.24,35.69,33.38,26.81,89.88,51.59,,FUZZY,"35.69,33.38,26.81,89.88,51.59,FUZZY"
2026-05-13T13:03:54,1627.64,35.69,33.38,26.81,62.35,55.52,,FUZZY,"35.69,33.38,26.81,62.35,55.52,FUZZY"
2026-05-13T13:03:56,1629.05,35.69,33.38,26.81,53.14,58.45,,FUZZY,"35.69,33.38,26.81,53.14,58.45,FUZZY"
2026-05-13T13:03:57,1630.45,35.63,33.38,26.81,59.06,60.66,,FUZZY,"35.63,33.38,26.81,59.06,60.66,FUZZY"
2026-05-13T13:03:59,1631.85,35.63,33.38,26.81,69.22,62.29,,FUZZY,"35.63,33.38,26.81,69.22,62.29,FUZZY"
2026-05-13T13:04:00,1633.26,35.69,33.38,26.81,86.49,57.13,,FUZZY,"35.69,33.38,26.81,86.49,57.13,FUZZY"
2026-05-13T13:04:01,1634.66,35.63,33.38,26.81,85.6,53.26,,FUZZY,"35.63,33.38,26.81,85.60,53.26,FUZZY"
2026-05-13T13:04:03,1636.06,35.69,33.38,26.81,69.04,56.74,,FUZZY,"35.69,33.38,26.81,69.04,56.74,FUZZY"
2026-05-13T13:04:04,1637.47,35.63,33.38,26.81,63.02,59.37,,FUZZY,"35.63,33.38,26.81,63.02,59.37,FUZZY"
2026-05-13T13:04:06,1638.87,35.63,33.38,26.81,65.41,61.35,,FUZZY,"35.63,33.38,26.81,65.41,61.35,FUZZY"
2026-05-13T13:04:07,1640.28,35.63,33.38,26.81,73.56,58.05,,FUZZY,"35.63,33.38,26.81,73.56,58.05,FUZZY"
2026-05-13T13:04:08,1641.68,35.63,33.31,26.81,81.62,53.95,,FUZZY,"35.63,33.31,26.81,81.62,53.95,FUZZY"
2026-05-13T13:04:10,1643.09,35.63,33.38,26.81,71.05,55.66,,FUZZY,"35.63,33.38,26.81,71.05,55.66,FUZZY"
2026-05-13T13:04:11,1644.49,35.63,33.38,26.81,79.42,52.15,,FUZZY,"35.63,33.38,26.81,79.42,52.15,FUZZY"
2026-05-13T13:04:13,1645.9,35.63,33.31,26.81,69.57,55.91,,FUZZY,"35.63,33.31,26.81,69.57,55.91,FUZZY"
2026-05-13T13:04:14,1647.3,35.63,33.31,26.81,71.63,56.34,,FUZZY,"35.63,33.31,26.81,71.63,56.34,FUZZY"
2026-05-13T13:04:15,1648.71,35.56,33.38,26.81,65.25,59.07,,FUZZY,"35.56,33.38,26.81,65.25,59.07,FUZZY"
2026-05-13T13:04:17,1650.11,35.56,33.31,26.81,62.1,61.12,,FUZZY,"35.56,33.31,26.81,62.10,61.12,FUZZY"
2026-05-13T13:04:18,1651.51,35.56,33.38,26.81,84.84,56.25,,FUZZY,"35.56,33.38,26.81,84.84,56.25,FUZZY"
2026-05-13T13:04:20,1652.92,35.56,33.31,26.81,72.94,54.96,,FUZZY,"35.56,33.31,26.81,72.94,54.96,FUZZY"
2026-05-13T13:04:21,1654.33,35.56,33.31,26.81,70.57,57.11,,FUZZY,"35.56,33.31,26.81,70.57,57.11,FUZZY"
2026-05-13T13:04:22,1655.73,35.63,33.31,26.81,62.43,59.65,,FUZZY,"35.63,33.31,26.81,62.43,59.65,FUZZY"
2026-05-13T13:04:24,1657.13,35.56,33.31,26.81,77.77,55.15,,FUZZY,"35.56,33.31,26.81,77.77,55.15,FUZZY"
2026-05-13T13:04:25,1658.54,35.56,33.31,26.81,86.91,51.77,,FUZZY,"35.56,33.31,26.81,86.91,51.77,FUZZY"
2026-05-13T13:04:27,1659.94,35.56,33.31,26.81,72.56,52.04,,FUZZY,"35.56,33.31,26.81,72.56,52.04,FUZZY"
2026-05-13T13:04:28,1661.35,35.5,33.31,26.81,65.63,55.85,,FUZZY,"35.50,33.31,26.81,65.63,55.85,FUZZY"
2026-05-13T13:04:30,1662.75,35.5,33.31,26.81,64.65,58.7,,FUZZY,"35.50,33.31,26.81,64.65,58.70,FUZZY"
2026-05-13T13:04:31,1664.15,35.5,33.31,26.81,75.06,54.43,,FUZZY,"35.50,33.31,26.81,75.06,54.43,FUZZY"
2026-05-13T13:04:32,1665.56,35.5,33.31,26.81,70.22,57.25,,FUZZY,"35.50,33.31,26.81,70.22,57.25,FUZZY"
2026-05-13T13:04:34,1666.96,35.5,33.31,26.81,63.49,59.76,,FUZZY,"35.50,33.31,26.81,63.49,59.76,FUZZY"
2026-05-13T13:04:35,1668.37,35.5,33.31,26.81,77.6,55.23,,FUZZY,"35.50,33.31,26.81,77.60,55.23,FUZZY"
2026-05-13T13:04:37,1669.77,35.5,33.31,26.81,79.04,51.83,,FUZZY,"35.50,33.31,26.81,79.04,51.83,FUZZY"
2026-05-13T13:04:38,1671.17,35.5,33.31,26.81,64.62,55.69,,FUZZY,"35.50,33.31,26.81,64.62,55.69,FUZZY"
2026-05-13T13:04:39,1672.58,35.5,33.31,26.81,72.65,54.88,,FUZZY,"35.50,33.31,26.81,72.65,54.88,FUZZY"
2026-05-13T13:04:41,1673.98,35.5,33.31,26.81,78.26,51.57,,FUZZY,"35.50,33.31,26.81,78.26,51.57,FUZZY"
2026-05-13T13:04:42,1675.39,35.5,33.31,26.81,56.5,55.5,,FUZZY,"35.50,33.31,26.81,56.50,55.50,FUZZY"
2026-05-13T13:04:44,1676.79,35.5,33.31,26.81,41.8,58.43,,FUZZY,"35.50,33.31,26.81,41.80,58.43,FUZZY"
2026-05-13T13:04:45,1678.19,35.5,33.31,26.81,64.12,60.64,,FUZZY,"35.50,33.31,26.81,64.12,60.64,FUZZY"
2026-05-13T13:04:46,1679.6,35.5,33.31,26.81,85.65,55.89,,FUZZY,"35.50,33.31,26.81,85.65,55.89,FUZZY"
2026-05-13T13:04:48,1681.0,35.44,33.31,26.81,90.66,52.1,,FUZZY,"35.44,33.31,26.81,90.66,52.10,FUZZY"
2026-05-13T13:04:49,1682.41,35.44,33.31,26.81,86.06,49.26,,FUZZY,"35.44,33.31,26.81,86.06,49.26,FUZZY"
2026-05-13T13:04:51,1683.83,35.44,33.31,26.81,71.63,50.88,,FUZZY,"35.44,33.31,26.81,71.63,50.88,FUZZY"
2026-05-13T13:04:52,1685.23,35.44,33.31,26.81,58.05,54.73,,FUZZY,"35.44,33.31,26.81,58.05,54.73,FUZZY"
2026-05-13T13:04:53,1686.64,35.44,33.31,26.81,68.82,57.52,,FUZZY,"35.44,33.31,26.81,68.82,57.52,FUZZY"
2026-05-13T13:04:55,1688.05,35.44,33.31,26.81,87.53,53.32,,FUZZY,"35.44,33.31,26.81,87.53,53.32,FUZZY"
2026-05-13T13:04:56,1689.45,35.44,33.31,26.81,93.81,50.17,,FUZZY,"35.44,33.31,26.81,93.81,50.17,FUZZY"
2026-05-13T13:04:58,1690.87,35.44,33.31,26.81,74.12,48.7,,FUZZY,"35.44,33.31,26.81,74.12,48.70,FUZZY"
2026-05-13T13:04:59,1692.28,35.44,33.31,26.81,57.85,53.09,,FUZZY,"35.44,33.31,26.81,57.85,53.09,FUZZY"
2026-05-13T13:05:00,1693.68,35.44,33.31,26.81,53.74,56.37,,FUZZY,"35.44,33.31,26.81,53.74,56.37,FUZZY"
2026-05-13T13:05:02,1695.09,35.44,33.31,26.81,75.5,52.4,,FUZZY,"35.44,33.31,26.81,75.50,52.40,FUZZY"
2026-05-13T13:05:03,1696.5,35.44,33.31,26.81,57.8,55.87,,FUZZY,"35.44,33.31,26.81,57.80,55.87,FUZZY"
2026-05-13T13:05:05,1697.91,35.44,33.31,26.81,60.32,58.47,,FUZZY,"35.44,33.31,26.81,60.32,58.47,FUZZY"
2026-05-13T13:05:06,1699.31,35.44,33.31,26.81,75.13,53.96,,FUZZY,"35.44,33.31,26.81,75.13,53.96,FUZZY"
2026-05-13T13:05:07,1700.72,35.44,33.31,26.81,77.45,50.65,,FUZZY,"35.44,33.31,26.81,77.45,50.65,FUZZY"
2026-05-13T13:05:09,1702.13,35.44,33.31,26.81,60.38,54.56,,FUZZY,"35.44,33.31,26.81,60.38,54.56,FUZZY"
2026-05-13T13:05:10,1703.53,35.38,33.31,26.81,60.75,57.25,,FUZZY,"35.38,33.31,26.81,60.75,57.25,FUZZY"
2026-05-13T13:05:12,1704.94,35.44,33.31,26.81,65.7,59.5,,FUZZY,"35.44,33.31,26.81,65.70,59.50,FUZZY"
2026-05-13T13:05:13,1706.35,35.44,33.31,26.81,78.48,54.81,,FUZZY,"35.44,33.31,26.81,78.48,54.81,FUZZY"
2026-05-13T13:05:15,1707.76,35.44,33.31,26.81,83.59,51.29,,FUZZY,"35.44,33.31,26.81,83.59,51.29,FUZZY"
2026-05-13T13:05:16,1709.16,35.38,33.31,26.81,60.44,54.8,,FUZZY,"35.38,33.31,26.81,60.44,54.80,FUZZY"
2026-05-13T13:05:17,1710.58,35.38,33.31,26.81,49.37,57.08,,FUZZY,"35.38,33.31,26.81,49.37,57.08,FUZZY"
2026-05-13T13:05:19,1711.98,35.38,33.31,26.81,62.95,59.14,,FUZZY,"35.38,33.31,26.81,62.95,59.14,FUZZY"
2026-05-13T13:05:20,1713.39,35.38,33.31,26.81,85.18,54.32,,FUZZY,"35.38,33.31,26.81,85.18,54.32,FUZZY"
2026-05-13T13:05:22,1714.81,35.38,33.25,26.81,73.67,51.97,,FUZZY,"35.38,33.25,26.81,73.67,51.97,FUZZY"
2026-05-13T13:05:23,1716.21,35.38,33.31,26.81,67.27,55.24,,FUZZY,"35.38,33.31,26.81,67.27,55.24,FUZZY"
2026-05-13T13:05:24,1717.62,35.38,33.25,26.81,59.31,57.76,,FUZZY,"35.38,33.25,26.81,59.31,57.76,FUZZY"
2026-05-13T13:05:26,1719.03,35.38,33.25,26.81,56.12,59.65,,FUZZY,"35.38,33.25,26.81,56.12,59.65,FUZZY"
2026-05-13T13:05:27,1720.43,35.38,33.25,26.87,50.65,60.87,,FUZZY,"35.38,33.25,26.87,50.65,60.87,FUZZY"
2026-05-13T13:05:29,1721.85,35.38,33.25,26.81,71.26,59.6,,FUZZY,"35.38,33.25,26.81,71.26,59.60,FUZZY"
2026-05-13T13:05:30,1723.26,35.38,33.25,26.87,73.5,56.1,,FUZZY,"35.38,33.25,26.87,73.50,56.10,FUZZY"
2026-05-13T13:05:31,1724.67,35.38,33.25,26.87,88.8,52.04,,FUZZY,"35.38,33.25,26.87,88.80,52.04,FUZZY"
2026-05-13T13:05:33,1726.08,35.38,33.31,26.81,79.92,48.99,,FUZZY,"35.38,33.31,26.81,79.92,48.99,FUZZY"
2026-05-13T13:05:34,1727.49,35.38,33.25,26.81,61.97,53.07,,FUZZY,"35.38,33.25,26.81,61.97,53.07,FUZZY"
2026-05-13T13:05:36,1728.9,35.38,33.25,26.81,72.79,51.98,,FUZZY,"35.38,33.25,26.81,72.79,51.98,FUZZY"
2026-05-13T13:05:37,1730.31,35.38,33.25,26.81,60.91,55.31,,FUZZY,"35.38,33.25,26.81,60.91,55.31,FUZZY"
2026-05-13T13:05:38,1731.72,35.38,33.25,26.81,72.37,54.12,,FUZZY,"35.38,33.25,26.81,72.37,54.12,FUZZY"
2026-05-13T13:05:40,1733.13,35.38,33.25,26.81,63.15,56.92,,FUZZY,"35.38,33.25,26.81,63.15,56.92,FUZZY"
2026-05-13T13:05:41,1734.54,35.31,33.25,26.87,84.06,52.43,,FUZZY,"35.31,33.25,26.87,84.06,52.43,FUZZY"
2026-05-13T13:05:43,1735.94,35.38,33.25,26.81,81.02,49.29,,FUZZY,"35.38,33.25,26.81,81.02,49.29,FUZZY"
2026-05-13T13:05:44,1737.36,35.38,33.25,26.81,72.01,50.01,,FUZZY,"35.38,33.25,26.81,72.01,50.01,FUZZY"
2026-05-13T13:05:46,1738.77,35.38,33.25,26.81,46.2,53.4,,FUZZY,"35.38,33.25,26.81,46.20,53.40,FUZZY"
2026-05-13T13:05:47,1740.18,35.31,33.25,26.81,58.68,56.15,,FUZZY,"35.31,33.25,26.81,58.68,56.15,FUZZY"
2026-05-13T13:05:48,1741.59,35.38,33.25,26.81,60.07,58.44,,FUZZY,"35.38,33.25,26.81,60.07,58.44,FUZZY"
2026-05-13T13:05:50,1742.99,35.38,33.25,26.81,59.43,60.16,,FUZZY,"35.38,33.25,26.81,59.43,60.16,FUZZY"
2026-05-13T13:05:51,1744.4,35.31,33.25,26.81,75.37,54.73,,FUZZY,"35.31,33.25,26.81,75.37,54.73,FUZZY"
2026-05-13T13:05:53,1745.81,35.31,33.25,26.81,60.75,57.14,,FUZZY,"35.31,33.25,26.81,60.75,57.14,FUZZY"
2026-05-13T13:05:54,1747.21,35.31,33.25,26.81,65.1,58.95,,FUZZY,"35.31,33.25,26.81,65.10,58.95,FUZZY"
2026-05-13T13:05:55,1748.63,35.31,33.25,26.81,71.64,57.29,,FUZZY,"35.31,33.25,26.81,71.64,57.29,FUZZY"
2026-05-13T13:05:57,1750.04,35.31,33.25,26.81,67.66,58.96,,FUZZY,"35.31,33.25,26.81,67.66,58.96,FUZZY"
2026-05-13T13:05:58,1751.44,35.31,33.25,26.81,84.66,53.97,,FUZZY,"35.31,33.25,26.81,84.66,53.97,FUZZY"
2026-05-13T13:06:00,1752.85,35.31,33.25,26.81,86.66,50.22,,FUZZY,"35.31,33.25,26.81,86.66,50.22,FUZZY"
2026-05-13T13:06:01,1754.26,35.31,33.25,26.81,70.07,53.28,,FUZZY,"35.31,33.25,26.81,70.07,53.28,FUZZY"
2026-05-13T13:06:02,1755.67,35.31,33.25,26.81,84.43,49.7,,FUZZY,"35.31,33.25,26.81,84.43,49.70,FUZZY"
2026-05-13T13:06:04,1757.08,35.31,33.25,26.81,65.57,53.37,,FUZZY,"35.31,33.25,26.81,65.57,53.37,FUZZY"
2026-05-13T13:06:05,1758.49,35.31,33.25,26.81,83.83,49.77,,FUZZY,"35.31,33.25,26.81,83.83,49.77,FUZZY"
2026-05-13T13:06:07,1759.9,35.31,33.25,26.81,72.53,49.42,,FUZZY,"35.31,33.25,26.81,72.53,49.42,FUZZY"
2026-05-13T13:06:08,1761.31,35.31,33.25,26.81,59.61,53.16,,FUZZY,"35.31,33.25,26.81,59.61,53.16,FUZZY"
2026-05-13T13:06:09,1762.71,35.31,33.25,26.81,61.05,55.97,,FUZZY,"35.31,33.25,26.81,61.05,55.97,FUZZY"
2026-05-13T13:06:11,1764.12,35.31,33.25,26.87,63.42,58.07,,FUZZY,"35.31,33.25,26.87,63.42,58.07,FUZZY"
2026-05-13T13:06:12,1765.54,35.31,33.25,26.87,49.37,59.2,,FUZZY,"35.31,33.25,26.87,49.37,59.20,FUZZY"
2026-05-13T13:06:14,1766.95,35.31,33.25,26.81,70.75,58.54,,FUZZY,"35.31,33.25,26.81,70.75,58.54,FUZZY"
2026-05-13T13:06:15,1768.36,35.31,33.25,26.81,67.3,59.92,,FUZZY,"35.31,33.25,26.81,67.30,59.92,FUZZY"
2026-05-13T13:06:17,1769.77,35.31,33.19,26.81,86.92,54.69,,FUZZY,"35.31,33.19,26.81,86.92,54.69,FUZZY"
2026-05-13T13:06:18,1771.17,35.31,33.25,26.81,91.77,50.76,,FUZZY,"35.31,33.25,26.81,91.77,50.76,FUZZY"
2026-05-13T13:06:19,1772.58,35.25,33.19,26.81,75.71,47.49,,FUZZY,"35.25,33.19,26.81,75.71,47.49,FUZZY"
2026-05-13T13:06:21,1773.99,35.31,33.25,26.81,50.68,51.46,,FUZZY,"35.31,33.25,26.81,50.68,51.46,FUZZY"
2026-05-13T13:06:22,1775.39,35.31,33.19,26.81,40.07,54.69,,FUZZY,"35.31,33.19,26.81,40.07,54.69,FUZZY"
2026-05-13T13:06:24,1776.81,35.31,33.19,26.81,47.23,56.23,,FUZZY,"35.31,33.19,26.81,47.23,56.23,FUZZY"
2026-05-13T13:06:25,1778.22,35.25,33.25,26.81,73.49,52.99,,FUZZY,"35.25,33.25,26.81,73.49,52.99,FUZZY"
2026-05-13T13:06:26,1779.63,35.31,33.19,26.81,81.0,49.49,,FUZZY,"35.31,33.19,26.81,81.00,49.49,FUZZY"
2026-05-13T13:06:28,1781.04,35.25,33.19,26.81,87.6,46.64,,FUZZY,"35.25,33.19,26.81,87.60,46.64,FUZZY"
2026-05-13T13:06:29,1782.45,35.31,33.19,26.87,51.24,50.89,,FUZZY,"35.31,33.19,26.87,51.24,50.89,FUZZY"
2026-05-13T13:06:31,1783.85,35.25,33.19,26.81,57.7,54.04,,FUZZY,"35.25,33.19,26.81,57.70,54.04,FUZZY"
2026-05-13T13:06:32,1785.26,35.25,33.19,26.81,68.08,56.27,,FUZZY,"35.25,33.19,26.81,68.08,56.27,FUZZY"
2026-05-13T13:06:33,1786.67,35.25,33.19,26.81,85.43,51.73,,FUZZY,"35.25,33.19,26.81,85.43,51.73,FUZZY"
2026-05-13T13:06:35,1788.07,35.31,33.19,26.81,66.57,54.86,,FUZZY,"35.31,33.19,26.81,66.57,54.86,FUZZY"
2026-05-13T13:06:36,1789.48,35.25,33.19,26.81,56.03,57.02,,FUZZY,"35.25,33.19,26.81,56.03,57.02,FUZZY"
2026-05-13T13:06:38,1790.9,35.25,33.19,26.81,71.01,56.17,,FUZZY,"35.25,33.19,26.81,71.01,56.17,FUZZY"
2026-05-13T13:06:39,1792.3,35.25,33.19,26.81,68.6,57.81,,FUZZY,"35.25,33.19,26.81,68.60,57.81,FUZZY"
2026-05-13T13:06:40,1793.71,35.25,33.19,26.81,81.44,52.89,,FUZZY,"35.25,33.19,26.81,81.44,52.89,FUZZY"
2026-05-13T13:06:42,1795.12,35.25,33.19,26.81,62.58,55.54,,FUZZY,"35.25,33.19,26.81,62.58,55.54,FUZZY"
2026-05-13T13:06:43,1796.53,35.25,33.19,26.81,71.23,54.81,,FUZZY,"35.25,33.19,26.81,71.23,54.81,FUZZY"
2026-05-13T13:06:45,1797.94,35.25,33.19,26.81,75.29,50.48,,FUZZY,"35.25,33.19,26.81,75.29,50.48,FUZZY"
2026-05-13T13:06:46,1799.35,35.25,33.19,26.81,77.52,47.39,,FUZZY,"35.25,33.19,26.81,77.52,47.39,FUZZY"
2026-05-13T13:06:48,1800.75,35.25,33.19,26.81,63.41,51.42,,FUZZY,"35.25,33.19,26.81,63.41,51.42,FUZZY"
2026-05-13T13:06:49,1802.16,35.25,33.19,26.81,68.56,54.25,,FUZZY,"35.25,33.19,26.81,68.56,54.25,FUZZY"
2026-05-13T13:06:50,1803.57,35.25,33.19,26.81,59.83,56.57,,FUZZY,"35.25,33.19,26.81,59.83,56.57,FUZZY"
2026-05-13T13:06:52,1804.97,35.25,33.19,26.81,68.33,58.13,,FUZZY,"35.25,33.19,26.81,68.33,58.13,FUZZY"
2026-05-13T13:06:53,1806.38,35.25,33.19,26.81,64.53,59.48,,FUZZY,"35.25,33.19,26.81,64.53,59.48,FUZZY"
2026-05-13T13:06:55,1807.79,35.25,33.13,26.81,80.41,54.14,,FUZZY,"35.25,33.13,26.81,80.41,54.14,FUZZY"
2026-05-13T13:06:56,1809.2,35.25,33.19,26.81,72.37,52.53,,FUZZY,"35.25,33.19,26.81,72.37,52.53,FUZZY"
2026-05-13T13:06:57,1810.61,35.25,33.13,26.81,75.15,48.75,,FUZZY,"35.25,33.13,26.81,75.15,48.75,FUZZY"
2026-05-13T13:06:59,1812.02,35.25,33.19,26.81,54.66,52.44,,FUZZY,"35.25,33.19,26.81,54.66,52.44,FUZZY"
2026-05-13T13:07:00,1813.43,35.25,33.19,26.81,57.86,55.21,,FUZZY,"35.25,33.19,26.81,57.86,55.21,FUZZY"
2026-05-13T13:07:02,1814.83,35.25,33.13,26.81,56.15,57.28,,FUZZY,"35.25,33.13,26.81,56.15,57.28,FUZZY"
2026-05-13T13:07:03,1816.24,35.25,33.19,26.81,61.46,58.84,,FUZZY,"35.25,33.19,26.81,61.46,58.84,FUZZY"
2026-05-13T13:07:04,1817.65,35.25,33.19,26.81,77.38,53.66,,FUZZY,"35.25,33.19,26.81,77.38,53.66,FUZZY"
2026-05-13T13:07:06,1819.05,35.25,33.13,26.81,81.95,49.78,,FUZZY,"35.25,33.13,26.81,81.95,49.78,FUZZY"
2026-05-13T13:07:07,1820.47,35.19,33.13,26.81,73.58,47.8,,FUZZY,"35.19,33.13,26.81,73.58,47.80,FUZZY"
2026-05-13T13:07:09,1821.88,35.19,33.13,26.81,62.43,51.51,,FUZZY,"35.19,33.13,26.81,62.43,51.51,FUZZY"
2026-05-13T13:07:10,1823.28,35.19,33.13,26.75,68.77,54.07,,FUZZY,"35.19,33.13,26.75,68.77,54.07,FUZZY"
2026-05-13T13:07:11,1824.69,35.25,33.13,26.81,68.91,56.2,,FUZZY,"35.25,33.13,26.81,68.91,56.20,FUZZY"
2026-05-13T13:07:13,1826.1,35.19,33.13,26.81,87.56,51.48,,FUZZY,"35.19,33.13,26.81,87.56,51.48,FUZZY"
2026-05-13T13:07:14,1827.51,35.25,33.13,26.81,74.03,48.91,,FUZZY,"35.25,33.13,26.81,74.03,48.91,FUZZY"
2026-05-13T13:07:16,1828.92,35.19,33.13,26.81,86.01,46.01,,FUZZY,"35.19,33.13,26.81,86.01,46.01,FUZZY"
2026-05-13T13:07:17,1830.33,35.19,33.13,26.81,67.4,50.1,,FUZZY,"35.19,33.13,26.81,67.40,50.10,FUZZY"
2026-05-13T13:07:18,1831.73,35.19,33.13,26.75,50.96,52.97,,FUZZY,"35.19,33.13,26.75,50.96,52.97,FUZZY"
2026-05-13T13:07:20,1833.14,35.19,33.13,26.81,39.58,55.39,,FUZZY,"35.19,33.13,26.81,39.58,55.39,FUZZY"
2026-05-13T13:07:21,1834.55,35.19,33.13,26.81,65.63,57.21,,FUZZY,"35.19,33.13,26.81,65.63,57.21,FUZZY"
2026-05-13T13:07:23,1835.96,35.19,33.13,26.81,78.45,52.23,,FUZZY,"35.19,33.13,26.81,78.45,52.23,FUZZY"
2026-05-13T13:07:24,1837.36,35.19,33.13,26.75,64.38,54.84,,FUZZY,"35.19,33.13,26.75,64.38,54.84,FUZZY"
2026-05-13T13:07:26,1838.78,35.19,33.13,26.75,73.15,52.0,,FUZZY,"35.19,33.13,26.75,73.15,52.00,FUZZY"
2026-05-13T13:07:27,1840.19,35.19,33.13,26.75,74.86,48.25,,FUZZY,"35.19,33.13,26.75,74.86,48.25,FUZZY"
2026-05-13T13:07:28,1841.6,35.19,33.13,26.75,58.14,51.85,,FUZZY,"35.19,33.13,26.75,58.14,51.85,FUZZY"
2026-05-13T13:07:30,1843.01,35.19,33.13,26.81,55.06,54.55,,FUZZY,"35.19,33.13,26.81,55.06,54.55,FUZZY"
2026-05-13T13:07:31,1844.41,35.19,33.13,26.75,58.62,56.58,,FUZZY,"35.19,33.13,26.75,58.62,56.58,FUZZY"
2026-05-13T13:07:33,1845.82,35.19,33.13,26.81,51.05,57.85,,FUZZY,"35.19,33.13,26.81,51.05,57.85,FUZZY"
2026-05-13T13:07:34,1847.23,35.19,33.13,26.81,68.42,58.87,,FUZZY,"35.19,33.13,26.81,68.42,58.87,FUZZY"
2026-05-13T13:07:35,1848.63,35.19,33.13,26.75,77.77,53.48,,FUZZY,"35.19,33.13,26.75,77.77,53.48,FUZZY"
2026-05-13T13:07:37,1850.05,35.19,33.13,26.81,74.31,49.9,,FUZZY,"35.19,33.13,26.81,74.31,49.90,FUZZY"
2026-05-13T13:07:38,1851.46,35.19,33.13,26.81,66.92,53.06,,FUZZY,"35.19,33.13,26.81,66.92,53.06,FUZZY"
2026-05-13T13:07:40,1852.86,35.19,33.13,26.75,64.57,55.46,,FUZZY,"35.19,33.13,26.75,64.57,55.46,FUZZY"
2026-05-13T13:07:41,1854.27,35.19,33.13,26.75,77.43,50.92,,FUZZY,"35.19,33.13,26.75,77.43,50.92,FUZZY"
2026-05-13T13:07:42,1855.68,35.19,33.13,26.75,56.77,53.85,,FUZZY,"35.19,33.13,26.75,56.77,53.85,FUZZY"
2026-05-13T13:07:44,1857.09,35.19,33.13,26.75,73.11,51.31,,FUZZY,"35.19,33.13,26.75,73.11,51.31,FUZZY"
2026-05-13T13:07:45,1858.5,35.19,33.13,26.75,60.44,54.14,,FUZZY,"35.19,33.13,26.75,60.44,54.14,FUZZY"
2026-05-13T13:07:47,1859.91,35.13,33.13,26.75,72.78,51.56,,FUZZY,"35.13,33.13,26.75,72.78,51.56,FUZZY"
2026-05-13T13:07:48,1861.33,35.19,33.13,26.75,71.71,50.96,,FUZZY,"35.19,33.13,26.75,71.71,50.96,FUZZY"
2026-05-13T13:07:49,1862.74,35.19,33.13,26.75,74.28,48.02,,FUZZY,"35.19,33.13,26.75,74.28,48.02,FUZZY"
2026-05-13T13:07:51,1864.15,35.19,33.13,26.75,66.91,51.65,,FUZZY,"35.19,33.13,26.75,66.91,51.65,FUZZY"
2026-05-13T13:07:52,1865.56,35.19,33.13,26.75,52.57,54.33,,FUZZY,"35.19,33.13,26.75,52.57,54.33,FUZZY"
2026-05-13T13:07:54,1866.96,35.19,33.13,26.75,67.23,56.36,,FUZZY,"35.19,33.13,26.75,67.23,56.36,FUZZY"
2026-05-13T13:07:55,1868.37,35.19,33.13,26.75,80.29,51.59,,FUZZY,"35.19,33.13,26.75,80.29,51.59,FUZZY"
2026-05-13T13:07:57,1869.78,35.19,33.13,26.75,75.32,47.86,,FUZZY,"35.19,33.13,26.75,75.32,47.86,FUZZY"
2026-05-13T13:07:58,1871.2,35.19,33.13,26.75,73.93,46.04,,FUZZY,"35.19,33.13,26.75,73.93,46.04,FUZZY"
2026-05-13T13:07:59,1872.6,35.19,33.13,26.75,60.77,50.2,,FUZZY,"35.19,33.13,26.75,60.77,50.20,FUZZY"
2026-05-13T13:08:01,1874.01,35.19,33.06,26.75,68.11,53.17,,FUZZY,"35.19,33.06,26.75,68.11,53.17,FUZZY"
2026-05-13T13:08:02,1875.42,35.19,33.06,26.75,60.24,55.54,,FUZZY,"35.19,33.06,26.75,60.24,55.54,FUZZY"
2026-05-13T13:08:04,1876.82,35.19,33.06,26.75,77.5,50.98,,FUZZY,"35.19,33.06,26.75,77.50,50.98,FUZZY"
2026-05-13T13:08:05,1878.23,35.19,33.13,26.75,78.4,47.56,,FUZZY,"35.19,33.13,26.75,78.40,47.56,FUZZY"
2026-05-13T13:08:06,1879.64,35.19,33.06,26.75,62.56,51.34,,FUZZY,"35.19,33.06,26.75,62.56,51.34,FUZZY"
2026-05-13T13:08:08,1881.04,35.19,33.06,26.75,56.22,54.17,,FUZZY,"35.19,33.06,26.75,56.22,54.17,FUZZY"
2026-05-13T13:08:09,1882.45,35.19,33.06,26.75,52.49,56.21,,FUZZY,"35.19,33.06,26.75,52.49,56.21,FUZZY"
2026-05-13T13:08:11,1883.86,35.19,33.06,26.75,66.6,57.82,,FUZZY,"35.19,33.06,26.75,66.60,57.82,FUZZY"
2026-05-13T13:08:12,1885.27,35.19,33.06,26.75,66.84,59.0,,FUZZY,"35.19,33.06,26.75,66.84,59.00,FUZZY"
2026-05-13T13:08:13,1886.67,35.19,33.06,26.75,59.74,59.92,,FUZZY,"35.19,33.06,26.75,59.74,59.92,FUZZY"
2026-05-13T13:08:15,1888.08,35.19,33.06,26.81,76.09,54.2,,FUZZY,"35.19,33.06,26.81,76.09,54.20,FUZZY"
2026-05-13T13:08:16,1889.49,35.19,33.06,26.75,86.24,49.98,,FUZZY,"35.19,33.06,26.75,86.24,49.98,FUZZY"
2026-05-13T13:08:18,1890.9,35.19,33.06,26.75,77.7,46.81,,FUZZY,"35.19,33.06,26.75,77.70,46.81,FUZZY"
2026-05-13T13:08:19,1892.3,35.13,33.06,26.75,59.28,50.56,,FUZZY,"35.13,33.06,26.75,59.28,50.56,FUZZY"
2026-05-13T13:08:20,1893.71,35.19,33.06,26.75,57.91,53.59,,FUZZY,"35.19,33.06,26.75,57.91,53.59,FUZZY"
2026-05-13T13:08:22,1895.12,35.19,33.06,26.75,43.56,55.65,,FUZZY,"35.19,33.06,26.75,43.56,55.65,FUZZY"
2026-05-13T13:08:23,1896.52,35.19,33.06,26.69,66.63,57.4,,FUZZY,"35.19,33.06,26.69,66.63,57.40,FUZZY"
2026-05-13T13:08:25,1897.93,35.13,33.06,26.69,82.45,52.17,,FUZZY,"35.13,33.06,26.69,82.45,52.17,FUZZY"
2026-05-13T13:08:26,1899.34,35.13,33.06,26.75,92.38,48.25,,FUZZY,"35.13,33.06,26.75,92.38,48.25,FUZZY"
2026-05-13T13:08:28,1900.75,35.19,33.06,26.69,72.95,47.25,,FUZZY,"35.19,33.06,26.69,72.95,47.25,FUZZY"
2026-05-13T13:08:29,1902.16,35.19,33.06,26.75,66.38,51.1,,FUZZY,"35.19,33.06,26.75,66.38,51.10,FUZZY"
2026-05-13T13:08:30,1903.57,35.19,33.06,26.75,81.15,47.65,,FUZZY,"35.19,33.06,26.75,81.15,47.65,FUZZY"
2026-05-13T13:08:32,1904.97,35.13,33.06,26.75,65.46,51.19,,FUZZY,"35.13,33.06,26.75,65.46,51.19,FUZZY"
2026-05-13T13:08:33,1906.38,35.19,33.06,26.75,53.78,54.06,,FUZZY,"35.19,33.06,26.75,53.78,54.06,FUZZY"
2026-05-13T13:08:35,1907.79,35.19,33.06,26.75,57.51,56.21,,FUZZY,"35.19,33.06,26.75,57.51,56.21,FUZZY"
2026-05-13T13:08:36,1909.19,35.19,33.06,26.75,66.81,57.8,,FUZZY,"35.19,33.06,26.75,66.81,57.80,FUZZY"
2026-05-13T13:08:37,1910.6,35.19,33.06,26.75,85.52,52.68,,FUZZY,"35.19,33.06,26.75,85.52,52.68,FUZZY"
2026-05-13T13:08:39,1912.01,35.19,33.06,26.75,60.01,55.17,,FUZZY,"35.19,33.06,26.75,60.01,55.17,FUZZY"
2026-05-13T13:08:40,1913.42,35.13,33.0,26.75,69.6,56.47,,FUZZY,"35.13,33.00,26.75,69.60,56.47,FUZZY"
2026-05-13T13:08:42,1914.82,35.13,33.06,26.75,77.04,51.48,,FUZZY,"35.13,33.06,26.75,77.04,51.48,FUZZY"
2026-05-13T13:08:43,1916.23,35.19,33.0,26.75,89.02,47.93,,FUZZY,"35.19,33.00,26.75,89.02,47.93,FUZZY"
2026-05-13T13:08:44,1917.64,35.19,33.06,26.75,68.61,51.41,,FUZZY,"35.19,33.06,26.75,68.61,51.41,FUZZY"
2026-05-13T13:08:46,1919.04,35.13,33.0,26.75,63.44,54.01,,FUZZY,"35.13,33.00,26.75,63.44,54.01,FUZZY"
2026-05-13T13:08:47,1920.45,35.19,33.0,26.75,84.78,49.84,,FUZZY,"35.19,33.00,26.75,84.78,49.84,FUZZY"
2026-05-13T13:08:49,1921.87,35.13,33.0,26.75,71.71,49.35,,FUZZY,"35.13,33.00,26.75,71.71,49.35,FUZZY"
2026-05-13T13:08:50,1923.27,35.13,33.0,26.69,62.88,52.47,,FUZZY,"35.13,33.00,26.69,62.88,52.47,FUZZY"
2026-05-13T13:08:51,1924.68,35.13,33.0,26.75,51.55,54.63,,FUZZY,"35.13,33.00,26.75,51.55,54.63,FUZZY"
2026-05-13T13:08:53,1926.09,35.13,33.0,26.75,54.82,56.43,,FUZZY,"35.13,33.00,26.75,54.82,56.43,FUZZY"
2026-05-13T13:08:54,1927.49,35.13,33.0,26.75,54.93,57.78,,FUZZY,"35.13,33.00,26.75,54.93,57.78,FUZZY"
2026-05-13T13:08:56,1928.91,35.19,33.0,26.75,74.17,53.25,,FUZZY,"35.19,33.00,26.75,74.17,53.25,FUZZY"
2026-05-13T13:08:57,1930.32,35.13,33.0,26.75,72.87,50.81,,FUZZY,"35.13,33.00,26.75,72.87,50.81,FUZZY"
2026-05-13T13:08:58,1931.74,35.19,33.0,26.75,70.55,52.26,,FUZZY,"35.19,33.00,26.75,70.55,52.26,FUZZY"
2026-05-13T13:09:00,1933.15,35.13,33.0,26.75,50.42,54.29,,FUZZY,"35.13,33.00,26.75,50.42,54.29,FUZZY"
2026-05-13T13:09:01,1934.55,35.19,33.0,26.75,76.57,50.03,,FUZZY,"35.19,33.00,26.75,76.57,50.03,FUZZY"
2026-05-13T13:09:03,1935.96,35.19,33.0,26.69,63.03,53.18,,FUZZY,"35.19,33.00,26.69,63.03,53.18,FUZZY"
2026-05-13T13:09:04,1937.37,35.13,33.0,26.75,55.21,55.34,,FUZZY,"35.13,33.00,26.75,55.21,55.34,FUZZY"
2026-05-13T13:09:06,1938.77,35.13,33.0,26.75,76.68,50.63,,FUZZY,"35.13,33.00,26.75,76.68,50.63,FUZZY"
2026-05-13T13:09:07,1940.18,35.13,33.0,26.75,63.67,53.43,,FUZZY,"35.13,33.00,26.75,63.67,53.43,FUZZY"
2026-05-13T13:09:08,1941.59,35.19,33.0,26.75,79.47,49.4,,FUZZY,"35.19,33.00,26.75,79.47,49.40,FUZZY"
2026-05-13T13:09:10,1943.0,35.13,33.0,26.75,64.79,52.5,,FUZZY,"35.13,33.00,26.75,64.79,52.50,FUZZY"
2026-05-13T13:09:11,1944.41,35.13,33.0,26.75,71.52,51.55,,FUZZY,"35.13,33.00,26.75,71.52,51.55,FUZZY"
2026-05-13T13:09:13,1945.82,35.13,33.0,26.75,64.61,54.11,,FUZZY,"35.13,33.00,26.75,64.61,54.11,FUZZY"
2026-05-13T13:09:14,1947.22,35.13,33.0,26.75,66.04,56.04,,FUZZY,"35.13,33.00,26.75,66.04,56.04,FUZZY"
2026-05-13T13:09:15,1948.64,35.13,33.06,26.75,70.22,56.63,,FUZZY,"35.13,33.06,26.75,70.22,56.63,FUZZY"
2026-05-13T13:09:17,1950.05,35.13,33.0,26.75,73.69,52.6,,FUZZY,"35.13,33.00,26.75,73.69,52.60,FUZZY"
2026-05-13T13:09:18,1951.46,35.13,33.0,26.75,75.07,48.38,,FUZZY,"35.13,33.00,26.75,75.07,48.38,FUZZY"
2026-05-13T13:09:20,1952.88,35.19,33.0,26.75,71.43,48.86,,FUZZY,"35.19,33.00,26.75,71.43,48.86,FUZZY"
2026-05-13T13:09:21,1954.28,35.13,33.0,26.75,64.57,52.1,,FUZZY,"35.13,33.00,26.75,64.57,52.10,FUZZY"
2026-05-13T13:09:22,1955.69,35.13,33.0,26.75,62.43,54.53,,FUZZY,"35.13,33.00,26.75,62.43,54.53,FUZZY"
2026-05-13T13:09:24,1957.1,35.13,33.0,26.75,54.97,56.35,,FUZZY,"35.13,33.00,26.75,54.97,56.35,FUZZY"
2026-05-13T13:09:25,1958.51,35.13,33.0,26.75,70.59,56.16,,FUZZY,"35.13,33.00,26.75,70.59,56.16,FUZZY"
2026-05-13T13:09:27,1959.92,35.13,33.0,26.75,76.84,51.24,,FUZZY,"35.13,33.00,26.75,76.84,51.24,FUZZY"
2026-05-13T13:09:28,1961.33,35.13,33.0,26.75,55.33,53.89,,FUZZY,"35.13,33.00,26.75,55.33,53.89,FUZZY"
2026-05-13T13:09:29,1962.73,35.13,33.0,26.75,76.13,49.5,,FUZZY,"35.13,33.00,26.75,76.13,49.50,FUZZY"
2026-05-13T13:09:31,1964.14,35.13,33.0,26.75,67.65,52.5,,FUZZY,"35.13,33.00,26.75,67.65,52.50,FUZZY"
2026-05-13T13:09:32,1965.55,35.13,33.0,26.75,85.26,48.5,,FUZZY,"35.13,33.00,26.75,85.26,48.50,FUZZY"
2026-05-13T13:09:34,1966.96,35.13,33.0,26.75,50.3,51.45,,FUZZY,"35.13,33.00,26.75,50.30,51.45,FUZZY"
2026-05-13T13:09:35,1968.36,35.13,33.0,26.75,59.12,54.04,,FUZZY,"35.13,33.00,26.75,59.12,54.04,FUZZY"
2026-05-13T13:09:37,1969.78,35.13,33.0,26.75,47.65,54.71,,FUZZY,"35.13,33.00,26.75,47.65,54.71,FUZZY"
2026-05-13T13:09:38,1971.18,35.13,33.0,26.75,41.26,56.49,,FUZZY,"35.13,33.00,26.75,41.26,56.49,FUZZY"
2026-05-13T13:09:39,1972.59,35.13,33.0,26.75,56.1,57.82,,FUZZY,"35.13,33.00,26.75,56.10,57.82,FUZZY"
2026-05-13T13:09:41,1974.0,35.13,33.0,26.75,63.24,58.82,,FUZZY,"35.13,33.00,26.75,63.24,58.82,FUZZY"
2026-05-13T13:09:42,1975.4,35.13,33.0,26.75,85.3,53.24,,FUZZY,"35.13,33.00,26.75,85.30,53.24,FUZZY"
2026-05-13T13:09:44,1976.82,35.13,33.0,26.75,73.12,50.57,,FUZZY,"35.13,33.00,26.75,73.12,50.57,FUZZY"
2026-05-13T13:09:45,1978.23,35.13,33.0,26.75,63.45,53.39,,FUZZY,"35.13,33.00,26.75,63.45,53.39,FUZZY"
2026-05-13T13:09:46,1979.63,35.13,33.0,26.75,76.98,49.16,,FUZZY,"35.13,33.00,26.75,76.98,49.16,FUZZY"
2026-05-13T13:09:48,1981.05,35.13,33.0,26.75,70.39,51.14,,FUZZY,"35.13,33.00,26.75,70.39,51.14,FUZZY"
2026-05-13T13:09:49,1982.46,35.13,33.0,26.75,65.96,53.81,,FUZZY,"35.13,33.00,26.75,65.96,53.81,FUZZY"
2026-05-13T13:09:51,1983.86,35.13,33.0,26.75,63.58,55.81,,FUZZY,"35.13,33.00,26.75,63.58,55.81,FUZZY"
2026-05-13T13:09:52,1985.28,35.13,33.0,26.75,73.43,52.22,,FUZZY,"35.13,33.00,26.75,73.43,52.22,FUZZY"
2026-05-13T13:09:53,1986.68,35.13,33.0,26.75,75.57,48.17,,FUZZY,"35.13,33.00,26.75,75.57,48.17,FUZZY"
2026-05-13T13:09:55,1988.09,35.13,33.0,26.75,60.83,51.58,,FUZZY,"35.13,33.00,26.75,60.83,51.58,FUZZY"
2026-05-13T13:09:56,1989.5,35.06,33.0,26.75,67.53,53.91,,FUZZY,"35.06,33.00,26.75,67.53,53.91,FUZZY"
2026-05-13T13:09:58,1990.91,35.13,33.0,26.75,64.81,55.88,,FUZZY,"35.13,33.00,26.75,64.81,55.88,FUZZY"
2026-05-13T13:09:59,1992.31,35.13,33.0,26.75,83.53,51.04,,FUZZY,"35.13,33.00,26.75,83.53,51.04,FUZZY"
2026-05-13T13:10:00,1993.72,35.13,33.0,26.75,91.01,47.4,,FUZZY,"35.13,33.00,26.75,91.01,47.40,FUZZY"
2026-05-13T13:10:02,1995.13,35.13,33.0,26.75,71.8,47.43,,FUZZY,"35.13,33.00,26.75,71.80,47.43,FUZZY"
2026-05-13T13:10:03,1996.54,35.13,33.0,26.75,55.72,51.03,,FUZZY,"35.13,33.00,26.75,55.72,51.03,FUZZY"
2026-05-13T13:10:05,1997.95,35.13,33.0,26.75,64.29,53.72,,FUZZY,"35.13,33.00,26.75,64.29,53.72,FUZZY"
2026-05-13T13:10:06,1999.36,35.13,33.0,26.75,77.92,49.42,,FUZZY,"35.13,33.00,26.75,77.92,49.42,FUZZY"
2026-05-13T13:10:08,2000.77,35.13,33.0,26.75,70.17,51.76,,FUZZY,"35.13,33.00,26.75,70.17,51.76,FUZZY"
2026-05-13T13:10:09,2002.19,35.13,33.0,26.75,73.07,49.51,,FUZZY,"35.13,33.00,26.75,73.07,49.51,FUZZY"
2026-05-13T13:10:10,2003.59,35.13,33.0,26.75,60.43,52.59,,FUZZY,"35.13,33.00,26.75,60.43,52.59,FUZZY"
2026-05-13T13:10:12,2005.0,35.13,33.0,26.75,61.97,54.9,,FUZZY,"35.13,33.00,26.75,61.97,54.90,FUZZY"
2026-05-13T13:10:13,2006.42,35.13,33.0,26.75,72.79,52.11,,FUZZY,"35.13,33.00,26.75,72.79,52.11,FUZZY"
2026-05-13T13:10:15,2007.82,35.06,33.0,26.81,69.32,54.04,,FUZZY,"35.06,33.00,26.81,69.32,54.04,FUZZY"
2026-05-13T13:10:16,2009.24,35.13,33.0,26.75,73.93,50.44,,FUZZY,"35.13,33.00,26.75,73.93,50.44,FUZZY"
2026-05-13T13:10:17,2010.64,35.13,33.0,26.75,62.57,53.29,,FUZZY,"35.13,33.00,26.75,62.57,53.29,FUZZY"
2026-05-13T13:10:19,2012.06,35.13,33.0,26.75,70.63,53.79,,FUZZY,"35.13,33.00,26.75,70.63,53.79,FUZZY"
2026-05-13T13:10:20,2013.47,35.13,33.0,26.75,67.85,55.7,,FUZZY,"35.13,33.00,26.75,67.85,55.70,FUZZY"
2026-05-13T13:10:22,2014.87,35.06,33.0,26.81,61.94,57.03,,FUZZY,"35.06,33.00,26.81,61.94,57.03,FUZZY"
2026-05-13T13:10:23,2016.28,35.13,33.0,26.75,66.18,58.23,,FUZZY,"35.13,33.00,26.75,66.18,58.23,FUZZY"
2026-05-13T13:10:24,2017.69,35.06,33.0,26.75,86.47,52.59,,FUZZY,"35.06,33.00,26.75,86.47,52.59,FUZZY"
2026-05-13T13:10:26,2019.09,35.13,33.0,26.75,75.39,48.42,,FUZZY,"35.13,33.00,26.75,75.39,48.42,FUZZY"
2026-05-13T13:10:27,2020.5,35.06,33.0,26.75,64.96,51.57,,FUZZY,"35.06,33.00,26.75,64.96,51.57,FUZZY"
2026-05-13T13:10:29,2021.91,35.13,33.0,26.75,63.18,54.13,,FUZZY,"35.13,33.00,26.75,63.18,54.13,FUZZY"
2026-05-13T13:10:30,2023.32,35.13,33.0,26.75,73.87,50.56,,FUZZY,"35.13,33.00,26.75,73.87,50.56,FUZZY"
2026-05-13T13:10:31,2024.73,35.06,33.0,26.75,59.55,53.18,,FUZZY,"35.06,33.00,26.75,59.55,53.18,FUZZY"
2026-05-13T13:10:33,2026.14,35.13,33.0,26.75,61.62,55.34,,FUZZY,"35.13,33.00,26.75,61.62,55.34,FUZZY"
2026-05-13T13:10:34,2027.54,35.13,33.0,26.75,54.65,56.96,,FUZZY,"35.13,33.00,26.75,54.65,56.96,FUZZY"
2026-05-13T13:10:36,2028.95,35.06,33.0,26.75,65.66,57.97,,FUZZY,"35.06,33.00,26.75,65.66,57.97,FUZZY"
2026-05-13T13:10:37,2030.36,35.06,33.0,26.75,69.46,58.41,,FUZZY,"35.06,33.00,26.75,69.46,58.41,FUZZY"
2026-05-13T13:10:39,2031.77,35.13,33.0,26.75,71.59,55.9,,FUZZY,"35.13,33.00,26.75,71.59,55.90,FUZZY"
2026-05-13T13:10:40,2033.18,35.06,33.0,26.81,87.43,50.85,,FUZZY,"35.06,33.00,26.81,87.43,50.85,FUZZY"
2026-05-13T13:10:41,2034.59,35.06,33.0,26.75,91.37,47.06,,FUZZY,"35.06,33.00,26.75,91.37,47.06,FUZZY"
2026-05-13T13:10:43,2035.99,35.06,33.0,26.75,68.95,50.31,,FUZZY,"35.06,33.00,26.75,68.95,50.31,FUZZY"
2026-05-13T13:10:44,2037.4,35.06,33.0,26.75,59.98,52.99,,FUZZY,"35.06,33.00,26.75,59.98,52.99,FUZZY"
2026-05-13T13:10:46,2038.81,35.06,33.0,26.75,63.59,55.0,,FUZZY,"35.06,33.00,26.75,63.59,55.00,FUZZY"
2026-05-13T13:10:47,2040.21,35.06,33.0,26.75,57.24,56.51,,FUZZY,"35.06,33.00,26.75,57.24,56.51,FUZZY"
2026-05-13T13:10:48,2041.63,35.13,33.0,26.75,74.49,51.77,,FUZZY,"35.13,33.00,26.75,74.49,51.77,FUZZY"
2026-05-13T13:10:50,2043.04,35.13,33.0,26.75,65.2,54.28,,FUZZY,"35.13,33.00,26.75,65.20,54.28,FUZZY"
2026-05-13T13:10:51,2044.44,35.06,33.0,26.81,50.68,55.67,,FUZZY,"35.06,33.00,26.81,50.68,55.67,FUZZY"
2026-05-13T13:10:53,2045.85,35.13,33.0,26.75,54.47,57.2,,FUZZY,"35.13,33.00,26.75,54.47,57.20,FUZZY"
2026-05-13T13:10:54,2047.26,35.06,33.0,26.75,78.19,51.82,,FUZZY,"35.06,33.00,26.75,78.19,51.82,FUZZY"
2026-05-13T13:10:55,2048.67,35.06,33.0,26.75,72.68,49.65,,FUZZY,"35.06,33.00,26.75,72.68,49.65,FUZZY"
2026-05-13T13:10:57,2050.08,35.06,33.0,26.75,65.07,52.5,,FUZZY,"35.06,33.00,26.75,65.07,52.50,FUZZY"
2026-05-13T13:10:58,2051.49,35.06,33.0,26.75,57.83,54.63,,FUZZY,"35.06,33.00,26.75,57.83,54.63,FUZZY"
2026-05-13T13:11:00,2052.9,35.13,33.0,26.75,73.53,51.24,,FUZZY,"35.13,33.00,26.75,73.53,51.24,FUZZY"
2026-05-13T13:11:01,2054.31,35.06,33.0,26.75,75.01,47.15,,FUZZY,"35.06,33.00,26.75,75.01,47.15,FUZZY"
2026-05-13T13:11:02,2055.72,35.06,33.0,26.75,53.4,50.62,,FUZZY,"35.06,33.00,26.75,53.40,50.62,FUZZY"
2026-05-13T13:11:04,2057.12,35.06,33.0,26.75,56.76,53.22,,FUZZY,"35.06,33.00,26.75,56.76,53.22,FUZZY"
2026-05-13T13:11:05,2058.54,35.06,33.0,26.69,49.7,54.66,,FUZZY,"35.06,33.00,26.69,49.70,54.66,FUZZY"
2026-05-13T13:11:07,2059.95,35.06,33.0,26.75,47.48,54.85,,FUZZY,"35.06,33.00,26.75,47.48,54.85,FUZZY"
2026-05-13T13:11:08,2061.36,35.06,33.0,26.75,62.19,56.39,,FUZZY,"35.06,33.00,26.75,62.19,56.39,FUZZY"
2026-05-13T13:11:10,2062.77,35.06,32.94,26.75,77.68,51.22,,FUZZY,"35.06,32.94,26.75,77.68,51.22,FUZZY"
2026-05-13T13:11:11,2064.17,35.06,33.0,26.75,76.07,47.31,,FUZZY,"35.06,33.00,26.75,76.07,47.31,FUZZY"
2026-05-13T13:11:12,2065.58,35.06,33.0,26.75,67.63,50.69,,FUZZY,"35.06,33.00,26.75,67.63,50.69,FUZZY"
2026-05-13T13:11:14,2066.99,35.06,33.0,26.75,69.05,53.02,,FUZZY,"35.06,33.00,26.75,69.05,53.02,FUZZY"
2026-05-13T13:11:15,2068.39,35.06,33.0,26.75,64.82,55.02,,FUZZY,"35.06,33.00,26.75,64.82,55.02,FUZZY"
2026-05-13T13:11:17,2069.8,35.06,33.0,26.75,67.93,56.44,,FUZZY,"35.06,33.00,26.75,67.93,56.44,FUZZY"
2026-05-13T13:11:18,2071.21,35.06,33.0,26.69,63.17,57.58,,FUZZY,"35.06,33.00,26.69,63.17,57.58,FUZZY"
2026-05-13T13:11:19,2072.61,35.06,33.0,26.75,81.07,52.11,,FUZZY,"35.06,33.00,26.75,81.07,52.11,FUZZY"
2026-05-13T13:11:21,2074.02,35.06,32.94,26.75,69.63,53.97,,FUZZY,"35.06,32.94,26.75,69.63,53.97,FUZZY"
2026-05-13T13:11:22,2075.43,35.06,32.94,26.69,80.05,49.4,,FUZZY,"35.06,32.94,26.69,80.05,49.40,FUZZY"
2026-05-13T13:11:24,2076.84,35.06,33.0,26.69,76.42,45.97,,FUZZY,"35.06,33.00,26.69,76.42,45.97,FUZZY"
2026-05-13T13:11:25,2078.25,35.06,32.94,26.69,46.77,48.71,,FUZZY,"35.06,32.94,26.69,46.77,48.71,FUZZY"
2026-05-13T13:11:26,2079.66,35.06,33.0,26.75,43.31,51.66,,FUZZY,"35.06,33.00,26.75,43.31,51.66,FUZZY"
2026-05-13T13:11:28,2081.07,35.06,33.0,26.69,59.92,54.0,,FUZZY,"35.06,33.00,26.69,59.92,54.00,FUZZY"
2026-05-13T13:11:29,2082.47,35.06,32.94,26.69,61.77,55.76,,FUZZY,"35.06,32.94,26.69,61.77,55.76,FUZZY"
2026-05-13T13:11:31,2083.89,35.06,33.0,26.69,73.31,52.05,,FUZZY,"35.06,33.00,26.69,73.31,52.05,FUZZY"
2026-05-13T13:11:32,2085.29,35.06,33.0,26.75,81.52,47.96,,FUZZY,"35.06,33.00,26.75,81.52,47.96,FUZZY"
2026-05-13T13:11:33,2086.7,35.06,32.94,26.69,62.01,51.23,,FUZZY,"35.06,32.94,26.69,62.01,51.23,FUZZY"
2026-05-13T13:11:35,2088.11,35.06,32.94,26.69,79.4,47.34,,FUZZY,"35.06,32.94,26.69,79.40,47.34,FUZZY"
2026-05-13T13:11:36,2089.52,35.06,32.94,26.69,76.16,44.41,,FUZZY,"35.06,32.94,26.69,76.16,44.41,FUZZY"
2026-05-13T13:11:38,2090.93,35.13,32.94,26.69,45.46,48.21,,FUZZY,"35.13,32.94,26.69,45.46,48.21,FUZZY"
2026-05-13T13:11:39,2092.34,35.13,32.94,26.69,40.39,51.61,,FUZZY,"35.13,32.94,26.69,40.39,51.61,FUZZY"
2026-05-13T13:11:41,2093.74,35.06,33.0,26.69,31.75,53.97,,FUZZY,"35.06,33.00,26.69,31.75,53.97,FUZZY"
2026-05-13T13:11:42,2095.15,35.06,32.94,26.69,58.9,55.73,,FUZZY,"35.06,32.94,26.69,58.90,55.73,FUZZY"
2026-05-13T13:11:43,2096.56,35.06,33.0,26.69,63.16,57.05,,FUZZY,"35.06,33.00,26.69,63.16,57.05,FUZZY"
2026-05-13T13:11:45,2097.97,35.06,32.94,26.75,79.26,51.71,,FUZZY,"35.06,32.94,26.75,79.26,51.71,FUZZY"
2026-05-13T13:11:46,2099.38,35.06,32.94,26.69,73.71,48.67,,FUZZY,"35.06,32.94,26.69,73.71,48.67,FUZZY"
2026-05-13T13:11:48,2100.79,35.13,32.94,26.69,55.88,51.96,,FUZZY,"35.13,32.94,26.69,55.88,51.96,FUZZY"
2026-05-13T13:11:49,2102.19,35.06,32.94,26.75,67.35,54.21,,FUZZY,"35.06,32.94,26.75,67.35,54.21,FUZZY"
2026-05-13T13:11:50,2103.6,35.06,33.0,26.69,59.34,55.91,,FUZZY,"35.06,33.00,26.69,59.34,55.91,FUZZY"
2026-05-13T13:11:52,2105.01,35.06,32.94,26.69,66.34,57.19,,FUZZY,"35.06,32.94,26.69,66.34,57.19,FUZZY"
2026-05-13T13:11:53,2106.42,35.06,33.0,26.69,83.53,51.81,,FUZZY,"35.06,33.00,26.69,83.53,51.81,FUZZY"
2026-05-13T13:11:55,2107.82,35.06,32.94,26.69,54.41,54.12,,FUZZY,"35.06,32.94,26.69,54.41,54.12,FUZZY"
2026-05-13T13:11:56,2109.23,35.06,33.0,26.69,58.97,55.84,,FUZZY,"35.06,33.00,26.69,58.97,55.84,FUZZY"
2026-05-13T13:11:57,2110.64,35.06,33.0,26.69,58.99,57.14,,FUZZY,"35.06,33.00,26.69,58.99,57.14,FUZZY"
2026-05-13T13:11:59,2112.04,35.06,33.0,26.69,58.99,58.11,,FUZZY,"35.06,33.00,26.69,58.99,58.11,FUZZY"
2026-05-13T13:12:00,2113.45,35.06,32.94,26.69,83.0,52.5,,FUZZY,"35.06,32.94,26.69,83.00,52.50,FUZZY"
2026-05-13T13:12:02,2114.86,35.06,33.0,26.75,75.2,48.14,,FUZZY,"35.06,33.00,26.75,75.20,48.14,FUZZY"
2026-05-13T13:12:03,2116.27,35.0,32.94,26.75,52.88,51.17,,FUZZY,"35.00,32.94,26.75,52.88,51.17,FUZZY"
2026-05-13T13:12:04,2117.68,35.06,32.94,26.69,45.15,53.15,,FUZZY,"35.06,32.94,26.69,45.15,53.15,FUZZY"
2026-05-13T13:12:06,2119.09,35.06,32.94,26.69,53.46,55.12,,FUZZY,"35.06,32.94,26.69,53.46,55.12,FUZZY"
2026-05-13T13:12:07,2120.49,35.0,32.94,26.69,57.38,56.4,,FUZZY,"35.00,32.94,26.69,57.38,56.40,FUZZY"
2026-05-13T13:12:09,2121.9,35.0,32.94,26.69,62.55,57.36,,FUZZY,"35.00,32.94,26.69,62.55,57.36,FUZZY"
2026-05-13T13:12:10,2123.31,35.06,32.94,26.75,70.02,57.79,,FUZZY,"35.06,32.94,26.75,70.02,57.79,FUZZY"
2026-05-13T13:12:11,2124.72,35.06,32.94,26.69,88.01,52.27,,FUZZY,"35.06,32.94,26.69,88.01,52.27,FUZZY"
2026-05-13T13:12:13,2126.13,35.06,32.94,26.75,68.8,54.24,,FUZZY,"35.06,32.94,26.75,68.80,54.24,FUZZY"
2026-05-13T13:12:14,2127.54,35.0,32.94,26.75,64.72,55.75,,FUZZY,"35.00,32.94,26.75,64.72,55.75,FUZZY"
2026-05-13T13:12:16,2128.94,35.06,32.94,26.69,50.49,56.73,,FUZZY,"35.06,32.94,26.69,50.49,56.73,FUZZY"
2026-05-13T13:12:17,2130.35,35.0,32.94,26.69,67.0,57.61,,FUZZY,"35.00,32.94,26.69,67.00,57.61,FUZZY"
2026-05-13T13:12:19,2131.76,35.0,32.94,26.69,82.0,51.93,,FUZZY,"35.00,32.94,26.69,82.00,51.93,FUZZY"
2026-05-13T13:12:20,2133.16,35.0,32.94,26.69,60.4,54.01,,FUZZY,"35.00,32.94,26.69,60.40,54.01,FUZZY"
2026-05-13T13:12:21,2134.57,35.0,32.94,26.75,50.56,55.26,,FUZZY,"35.00,32.94,26.75,50.56,55.26,FUZZY"
2026-05-13T13:12:23,2135.98,35.0,32.94,26.69,52.62,56.51,,FUZZY,"35.00,32.94,26.69,52.62,56.51,FUZZY"
2026-05-13T13:12:24,2137.38,35.0,32.94,26.69,58.85,57.44,,FUZZY,"35.00,32.94,26.69,58.85,57.44,FUZZY"
2026-05-13T13:12:26,2138.79,35.0,32.94,26.69,51.74,58.04,,FUZZY,"35.00,32.94,26.69,51.74,58.04,FUZZY"
2026-05-13T13:12:27,2140.2,35.06,32.94,26.75,63.3,58.79,,FUZZY,"35.06,32.94,26.75,63.30,58.79,FUZZY"
2026-05-13T13:12:28,2141.6,35.0,32.94,26.75,68.52,59.01,,FUZZY,"35.00,32.94,26.75,68.52,59.01,FUZZY"
2026-05-13T13:12:30,2143.01,35.06,32.94,26.69,77.21,53.18,,FUZZY,"35.06,32.94,26.69,77.21,53.18,FUZZY"
2026-05-13T13:12:31,2144.42,35.06,32.94,26.69,65.08,55.14,,FUZZY,"35.06,32.94,26.69,65.08,55.14,FUZZY"
2026-05-13T13:12:33,2145.83,35.13,32.94,26.69,60.23,56.81,,FUZZY,"35.13,32.94,26.69,60.23,56.81,FUZZY"
2026-05-13T13:12:34,2147.23,35.13,32.94,26.69,84.09,51.73,,FUZZY,"35.13,32.94,26.69,84.09,51.73,FUZZY"
2026-05-13T13:12:35,2148.64,35.13,32.94,26.69,59.44,54.25,,FUZZY,"35.13,32.94,26.69,59.44,54.25,FUZZY"
2026-05-13T13:12:37,2150.05,35.19,32.94,26.69,54.37,56.35,,FUZZY,"35.19,32.94,26.69,54.37,56.35,FUZZY"
2026-05-13T13:12:38,2151.45,35.25,32.94,26.69,57.75,58.14,,FUZZY,"35.25,32.94,26.69,57.75,58.14,FUZZY"
2026-05-13T13:12:40,2152.86,35.25,32.94,26.69,83.1,53.14,,FUZZY,"35.25,32.94,26.69,83.10,53.14,FUZZY"
2026-05-13T13:12:41,2154.28,35.31,32.94,26.69,71.64,52.93,,FUZZY,"35.31,32.94,26.69,71.64,52.93,FUZZY"
2026-05-13T13:12:42,2155.68,35.31,32.94,26.62,62.86,55.79,,FUZZY,"35.31,32.94,26.62,62.86,55.79,FUZZY"
2026-05-13T13:12:44,2157.09,35.38,32.94,26.69,50.34,57.94,,FUZZY,"35.38,32.94,26.69,50.34,57.94,FUZZY"
2026-05-13T13:12:45,2158.5,35.44,32.94,26.69,65.14,60.03,,FUZZY,"35.44,32.94,26.69,65.14,60.03,FUZZY"
2026-05-13T13:12:47,2159.9,35.44,33.0,26.69,86.05,55.2,,FUZZY,"35.44,33.00,26.69,86.05,55.20,FUZZY"
2026-05-13T13:12:48,2161.31,35.5,32.94,26.62,84.22,51.81,,FUZZY,"35.50,32.94,26.62,84.22,51.81,FUZZY"
2026-05-13T13:12:49,2162.71,35.5,32.94,26.69,64.89,55.68,,FUZZY,"35.50,32.94,26.69,64.89,55.68,FUZZY"
2026-05-13T13:12:51,2164.11,35.63,33.0,26.62,52.36,58.56,,FUZZY,"35.63,33.00,26.62,52.36,58.56,FUZZY"
2026-05-13T13:12:52,2165.52,35.63,32.94,26.62,68.94,60.72,,FUZZY,"35.63,32.94,26.62,68.94,60.72,FUZZY"
2026-05-13T13:12:54,2166.92,35.69,32.94,26.69,85.78,55.95,,FUZZY,"35.69,32.94,26.69,85.78,55.95,FUZZY"
2026-05-13T13:12:55,2168.32,35.75,32.94,26.69,94.31,52.38,,FUZZY,"35.75,32.94,26.69,94.31,52.38,FUZZY"
2026-05-13T13:12:56,2169.72,35.81,32.94,26.69,82.12,49.69,,FUZZY,"35.81,32.94,26.69,82.12,49.69,FUZZY"
2026-05-13T13:12:58,2171.13,35.88,32.94,26.69,62.25,54.1,,FUZZY,"35.88,32.94,26.69,62.25,54.10,FUZZY"
2026-05-13T13:12:59,2172.53,35.88,32.94,26.69,56.7,57.4,,FUZZY,"35.88,32.94,26.69,56.70,57.40,FUZZY"
2026-05-13T13:13:01,2173.94,35.94,33.0,26.69,73.68,54.95,,FUZZY,"35.94,33.00,26.69,73.68,54.95,FUZZY"
2026-05-13T13:13:02,2175.34,36.0,32.94,26.69,65.47,58.03,,FUZZY,"36.00,32.94,26.69,65.47,58.03,FUZZY"
2026-05-13T13:13:04,2176.75,36.06,33.0,26.69,76.59,53.93,,FUZZY,"36.06,33.00,26.69,76.59,53.93,FUZZY"
2026-05-13T13:13:05,2178.15,36.13,32.94,26.69,64.84,57.27,,FUZZY,"36.13,32.94,26.69,64.84,57.27,FUZZY"
2026-05-13T13:13:06,2179.55,36.19,33.0,26.62,69.13,59.74,,FUZZY,"36.19,33.00,26.62,69.13,59.74,FUZZY"
2026-05-13T13:13:08,2180.96,36.25,33.0,26.69,87.05,55.22,,FUZZY,"36.25,33.00,26.69,87.05,55.22,FUZZY"
2026-05-13T13:13:09,2182.36,36.31,32.94,26.69,85.82,51.83,,FUZZY,"36.31,32.94,26.69,85.82,51.83,FUZZY"
2026-05-13T13:13:11,2183.76,36.38,33.0,26.69,84.13,49.29,,FUZZY,"36.38,33.00,26.69,84.13,49.29,FUZZY"
2026-05-13T13:13:12,2185.16,36.44,32.94,26.69,66.65,53.78,,FUZZY,"36.44,32.94,26.69,66.65,53.78,FUZZY"
2026-05-13T13:13:13,2186.57,36.44,33.0,26.62,65.06,57.15,,FUZZY,"36.44,33.00,26.62,65.06,57.15,FUZZY"
2026-05-13T13:13:15,2187.97,36.5,33.0,26.62,64.42,59.69,,FUZZY,"36.50,33.00,26.62,64.42,59.69,FUZZY"
2026-05-13T13:13:16,2189.37,36.63,33.0,26.69,76.17,55.17,,FUZZY,"36.63,33.00,26.69,76.17,55.17,FUZZY"
2026-05-13T13:13:18,2190.78,36.63,33.0,26.69,89.27,51.79,,FUZZY,"36.63,33.00,26.69,89.27,51.79,FUZZY"
2026-05-13T13:13:19,2192.18,36.75,33.0,26.69,67.51,55.65,,FUZZY,"36.75,33.00,26.69,67.51,55.65,FUZZY"
2026-05-13T13:13:20,2193.58,36.75,33.0,26.62,69.0,58.53,,FUZZY,"36.75,33.00,26.62,69.00,58.53,FUZZY"
2026-05-13T13:13:22,2194.99,36.81,33.0,26.62,87.6,54.32,,FUZZY,"36.81,33.00,26.62,87.60,54.32,FUZZY"
2026-05-13T13:13:23,2196.39,36.88,33.0,26.69,92.04,51.15,,FUZZY,"36.88,33.00,26.69,92.04,51.15,FUZZY"
2026-05-13T13:13:25,2197.79,36.94,33.0,26.69,62.62,55.19,,FUZZY,"36.94,33.00,26.69,62.62,55.19,FUZZY"
2026-05-13T13:13:26,2199.2,37.0,33.0,26.69,67.65,58.2,,FUZZY,"37.00,33.00,26.69,67.65,58.20,FUZZY"
2026-05-13T13:13:27,2200.6,37.06,33.0,26.69,70.86,59.12,,FUZZY,"37.06,33.00,26.69,70.86,59.12,FUZZY"
2026-05-13T13:13:29,2202.01,37.13,33.0,26.62,67.94,61.14,,FUZZY,"37.13,33.00,26.62,67.94,61.14,FUZZY"
2026-05-13T13:13:30,2203.41,37.19,33.0,26.62,80.58,56.27,,FUZZY,"37.19,33.00,26.62,80.58,56.27,FUZZY"
2026-05-13T13:13:32,2204.81,37.25,33.0,26.69,77.23,52.61,,FUZZY,"37.25,33.00,26.69,77.23,52.61,FUZZY"
2026-05-13T13:13:33,2206.22,37.31,33.0,26.62,57.89,56.28,,FUZZY,"37.31,33.00,26.62,57.89,56.28,FUZZY"
2026-05-13T13:13:34,2207.62,37.38,33.0,26.62,71.76,56.44,,FUZZY,"37.38,33.00,26.62,71.76,56.44,FUZZY"
2026-05-13T13:13:36,2209.03,37.44,33.0,26.69,88.7,52.74,,FUZZY,"37.44,33.00,26.69,88.70,52.74,FUZZY"
2026-05-13T13:13:37,2210.43,37.5,33.0,26.69,72.68,52.63,,FUZZY,"37.50,33.00,26.69,72.68,52.63,FUZZY"
2026-05-13T13:13:39,2211.85,37.56,33.0,26.69,74.67,50.55,,FUZZY,"37.56,33.00,26.69,74.67,50.55,FUZZY"
2026-05-13T13:13:40,2213.25,37.63,33.0,26.69,64.67,54.95,,FUZZY,"37.63,33.00,26.69,64.67,54.95,FUZZY"
2026-05-13T13:13:41,2214.66,37.69,33.0,26.69,57.07,58.36,,FUZZY,"37.69,33.00,26.69,57.07,58.36,FUZZY"
2026-05-13T13:13:43,2216.07,37.75,33.0,26.69,66.63,61.05,,FUZZY,"37.75,33.00,26.69,66.63,61.05,FUZZY"
2026-05-13T13:13:44,2217.47,37.81,33.0,26.69,86.65,57.94,,FUZZY,"37.81,33.00,26.69,86.65,57.94,FUZZY"
2026-05-13T13:13:46,2218.89,37.88,33.0,26.69,71.26,59.52,,FUZZY,"37.88,33.00,26.69,71.26,59.52,FUZZY"
2026-05-13T13:13:47,2220.29,37.94,33.0,26.62,77.1,57.39,,FUZZY,"37.94,33.00,26.62,77.10,57.39,FUZZY"
2026-05-13T13:13:48,2221.7,38.0,33.0,26.69,90.84,56.09,,FUZZY,"38.00,33.00,26.69,90.84,56.09,FUZZY"
2026-05-13T13:13:50,2223.11,38.06,33.0,26.69,74.14,56.09,,FUZZY,"38.06,33.00,26.69,74.14,56.09,FUZZY"
2026-05-13T13:13:51,2224.52,38.13,33.06,26.62,84.25,55.67,,FUZZY,"38.13,33.06,26.62,84.25,55.67,FUZZY"
2026-05-13T13:13:53,2225.92,38.13,33.06,26.69,82.3,55.36,,FUZZY,"38.13,33.06,26.69,82.30,55.36,FUZZY"
2026-05-13T13:13:54,2227.33,38.25,33.06,26.62,62.32,59.69,,FUZZY,"38.25,33.06,26.62,62.32,59.69,FUZZY"
2026-05-13T13:13:55,2228.74,38.25,33.06,26.62,68.73,62.93,,FUZZY,"38.25,33.06,26.62,68.73,62.93,FUZZY"
2026-05-13T13:13:57,2230.14,38.31,33.06,26.62,84.49,61.61,,FUZZY,"38.31,33.06,26.62,84.49,61.61,FUZZY"
2026-05-13T13:13:58,2231.55,38.38,33.06,26.69,93.8,60.9,,FUZZY,"38.38,33.06,26.69,93.80,60.90,FUZZY"
2026-05-13T13:14:00,2232.95,38.44,33.06,26.62,94.52,60.63,,FUZZY,"38.44,33.06,26.62,94.52,60.63,FUZZY"
2026-05-13T13:14:01,2234.36,38.5,33.06,26.69,85.81,60.7,,FUZZY,"38.50,33.06,26.69,85.81,60.70,FUZZY"
2026-05-13T13:14:03,2235.77,38.56,33.06,26.62,76.92,61.02,,FUZZY,"38.56,33.06,26.62,76.92,61.02,FUZZY"
2026-05-13T13:14:04,2237.18,38.63,33.06,26.69,74.57,61.56,,FUZZY,"38.63,33.06,26.69,74.57,61.56,FUZZY"
2026-05-13T13:14:05,2238.59,38.69,33.06,26.69,86.83,62.24,,FUZZY,"38.69,33.06,26.69,86.83,62.24,FUZZY"
2026-05-13T13:14:07,2239.99,38.75,33.06,26.69,88.13,63.05,,FUZZY,"38.75,33.06,26.69,88.13,63.05,FUZZY"
2026-05-13T13:14:08,2241.4,38.81,33.13,26.62,89.25,63.95,,FUZZY,"38.81,33.13,26.62,89.25,63.95,FUZZY"
2026-05-13T13:14:10,2242.8,38.88,33.13,26.62,77.7,64.95,,FUZZY,"38.88,33.13,26.62,77.70,64.95,FUZZY"
2026-05-13T13:14:11,2244.21,38.88,33.13,26.62,77.28,65.69,,FUZZY,"38.88,33.13,26.62,77.28,65.69,FUZZY"
2026-05-13T13:14:12,2245.62,38.94,33.13,26.69,75.91,66.58,,FUZZY,"38.94,33.13,26.69,75.91,66.58,FUZZY"
2026-05-13T13:14:14,2247.02,39.0,33.13,26.69,90.36,67.6,,FUZZY,"39.00,33.13,26.69,90.36,67.60,FUZZY"
2026-05-13T13:14:15,2248.43,39.06,33.13,26.69,82.95,68.72,,FUZZY,"39.06,33.13,26.69,82.95,68.72,FUZZY"
2026-05-13T13:14:17,2249.84,39.13,33.13,26.69,93.18,69.94,,FUZZY,"39.13,33.13,26.69,93.18,69.94,FUZZY"
2026-05-13T13:14:18,2251.24,39.13,33.13,26.62,97.27,70.86,,FUZZY,"39.13,33.13,26.62,97.27,70.86,FUZZY"
2026-05-13T13:14:19,2252.65,39.25,33.13,26.62,98.31,72.41,,FUZZY,"39.25,33.13,26.62,98.31,72.41,FUZZY"
2026-05-13T13:14:21,2254.05,39.25,33.13,26.62,99.32,73.58,,FUZZY,"39.25,33.13,26.62,99.32,73.58,FUZZY"
2026-05-13T13:14:22,2255.46,39.31,33.19,26.62,99.73,74.92,,FUZZY,"39.31,33.19,26.62,99.73,74.92,FUZZY"
2026-05-13T13:14:24,2256.87,39.38,33.19,26.69,99.89,76.46,,FUZZY,"39.38,33.19,26.69,99.89,76.46,FUZZY"
2026-05-13T13:14:25,2258.27,39.38,33.19,26.69,99.96,77.61,,FUZZY,"39.38,33.19,26.69,99.96,77.61,FUZZY"
2026-05-13T13:14:26,2259.68,39.44,33.25,26.62,99.98,79.05,,FUZZY,"39.44,33.25,26.62,99.98,79.05,FUZZY"
2026-05-13T13:14:28,2261.08,39.5,33.25,26.62,99.99,80.74,,FUZZY,"39.50,33.25,26.62,99.99,80.74,FUZZY"
2026-05-13T13:14:29,2262.48,39.5,33.25,26.62,100.0,82.01,,FUZZY,"39.50,33.25,26.62,100.00,82.01,FUZZY"
2026-05-13T13:14:31,2263.88,39.56,33.25,26.62,100.0,82.97,,FUZZY,"39.56,33.25,26.62,100.00,82.97,FUZZY"
2026-05-13T13:14:32,2265.29,39.63,33.25,26.69,100.0,83.7,,FUZZY,"39.63,33.25,26.69,100.00,83.70,FUZZY"
2026-05-13T13:14:33,2266.69,39.63,33.25,26.62,100.0,84.24,,FUZZY,"39.63,33.25,26.62,100.00,84.24,FUZZY"
2026-05-13T13:14:35,2268.09,39.69,33.31,26.62,100.0,84.65,,FUZZY,"39.69,33.31,26.62,100.00,84.65,FUZZY"
2026-05-13T13:14:36,2269.49,39.69,33.31,26.62,100.0,84.96,,FUZZY,"39.69,33.31,26.62,100.00,84.96,FUZZY"
2026-05-13T13:14:38,2270.9,39.75,33.31,26.62,100.0,85.19,,FUZZY,"39.75,33.31,26.62,100.00,85.19,FUZZY"
2026-05-13T13:14:39,2272.3,39.81,33.31,26.62,100.0,85.37,,FUZZY,"39.81,33.31,26.62,100.00,85.37,FUZZY"
2026-05-13T13:14:40,2273.7,39.81,33.31,26.62,100.0,85.51,,FUZZY,"39.81,33.31,26.62,100.00,85.51,FUZZY"
2026-05-13T13:14:42,2275.1,39.88,33.31,26.62,100.0,85.61,,FUZZY,"39.88,33.31,26.62,100.00,85.61,FUZZY"
2026-05-13T13:14:43,2276.51,39.88,33.31,26.62,100.0,85.69,,FUZZY,"39.88,33.31,26.62,100.00,85.69,FUZZY"
2026-05-13T13:14:45,2277.91,39.88,33.38,26.62,100.0,85.75,,FUZZY,"39.88,33.38,26.62,100.00,85.75,FUZZY"
2026-05-13T13:14:46,2279.31,39.94,33.38,26.62,100.0,85.8,,FUZZY,"39.94,33.38,26.62,100.00,85.80,FUZZY"
2026-05-13T13:14:47,2280.71,39.94,33.38,26.62,100.0,85.83,,FUZZY,"39.94,33.38,26.62,100.00,85.83,FUZZY"
2026-05-13T13:14:49,2282.12,39.94,33.38,26.62,100.0,85.86,,FUZZY,"39.94,33.38,26.62,100.00,85.86,FUZZY"
2026-05-13T13:14:50,2283.52,40.0,33.38,26.62,100.0,85.88,,FUZZY,"40.00,33.38,26.62,100.00,85.88,FUZZY"
2026-05-13T13:14:52,2284.92,40.0,33.38,26.62,100.0,85.9,,FUZZY,"40.00,33.38,26.62,100.00,85.90,FUZZY"
2026-05-13T13:14:53,2286.32,40.06,33.38,26.62,100.0,85.91,,FUZZY,"40.06,33.38,26.62,100.00,85.91,FUZZY"
2026-05-13T13:14:54,2287.73,40.06,33.44,26.62,100.0,85.93,,FUZZY,"40.06,33.44,26.62,100.00,85.93,FUZZY"
2026-05-13T13:14:56,2289.13,40.06,33.44,26.62,100.0,85.93,,FUZZY,"40.06,33.44,26.62,100.00,85.93,FUZZY"
2026-05-13T13:14:57,2290.53,40.13,33.44,26.62,100.0,85.94,,FUZZY,"40.13,33.44,26.62,100.00,85.94,FUZZY"
2026-05-13T13:14:59,2291.93,40.13,33.44,26.62,100.0,85.95,,FUZZY,"40.13,33.44,26.62,100.00,85.95,FUZZY"
2026-05-13T13:15:00,2293.34,40.13,33.44,26.62,100.0,85.95,,FUZZY,"40.13,33.44,26.62,100.00,85.95,FUZZY"
2026-05-13T13:15:01,2294.74,40.19,33.5,26.56,100.0,85.96,,FUZZY,"40.19,33.50,26.56,100.00,85.96,FUZZY"
2026-05-13T13:15:03,2296.14,40.19,33.5,26.56,100.0,85.97,,FUZZY,"40.19,33.50,26.56,100.00,85.97,FUZZY"
2026-05-13T13:15:04,2297.54,40.19,33.5,26.62,100.0,85.97,,FUZZY,"40.19,33.50,26.62,100.00,85.97,FUZZY"
2026-05-13T13:15:06,2298.95,40.25,33.5,26.62,100.0,85.97,,FUZZY,"40.25,33.50,26.62,100.00,85.97,FUZZY"
2026-05-13T13:15:07,2300.35,40.25,33.5,26.56,100.0,85.98,,FUZZY,"40.25,33.50,26.56,100.00,85.98,FUZZY"
2026-05-13T13:15:09,2301.75,40.25,33.56,26.56,100.0,85.98,,FUZZY,"40.25,33.56,26.56,100.00,85.98,FUZZY"
2026-05-13T13:15:10,2303.15,40.31,33.5,26.56,100.0,85.98,,FUZZY,"40.31,33.50,26.56,100.00,85.98,FUZZY"
2026-05-13T13:15:11,2304.56,40.31,33.56,26.56,100.0,85.98,,FUZZY,"40.31,33.56,26.56,100.00,85.98,FUZZY"
2026-05-13T13:15:13,2305.96,40.31,33.56,26.56,100.0,85.99,,FUZZY,"40.31,33.56,26.56,100.00,85.99,FUZZY"
2026-05-13T13:15:14,2307.36,40.38,33.56,26.56,100.0,85.99,,FUZZY,"40.38,33.56,26.56,100.00,85.99,FUZZY"
2026-05-13T13:15:16,2308.76,40.38,33.56,26.56,100.0,85.99,,FUZZY,"40.38,33.56,26.56,100.00,85.99,FUZZY"
2026-05-13T13:15:17,2310.17,40.38,33.56,26.56,100.0,85.99,,FUZZY,"40.38,33.56,26.56,100.00,85.99,FUZZY"
2026-05-13T13:15:18,2311.57,40.38,33.56,26.56,100.0,85.99,,FUZZY,"40.38,33.56,26.56,100.00,85.99,FUZZY"
2026-05-13T13:15:20,2312.97,40.44,33.63,26.56,100.0,85.99,,FUZZY,"40.44,33.63,26.56,100.00,85.99,FUZZY"
2026-05-13T13:15:21,2314.37,40.44,33.63,26.56,100.0,85.99,,FUZZY,"40.44,33.63,26.56,100.00,85.99,FUZZY"
2026-05-13T13:15:23,2315.78,40.44,33.63,26.56,100.0,85.99,,FUZZY,"40.44,33.63,26.56,100.00,85.99,FUZZY"
2026-05-13T13:15:24,2317.18,40.44,33.63,26.56,100.0,85.99,,FUZZY,"40.44,33.63,26.56,100.00,85.99,FUZZY"
2026-05-13T13:15:25,2318.58,40.5,33.63,26.56,100.0,86.0,,FUZZY,"40.50,33.63,26.56,100.00,86.00,FUZZY"
2026-05-13T13:15:27,2319.98,40.5,33.63,26.56,100.0,86.0,,FUZZY,"40.50,33.63,26.56,100.00,86.00,FUZZY"
2026-05-13T13:15:28,2321.39,40.5,33.63,26.56,100.0,86.0,,FUZZY,"40.50,33.63,26.56,100.00,86.00,FUZZY"
2026-05-13T13:15:30,2322.79,40.5,33.63,26.56,100.0,86.0,,FUZZY,"40.50,33.63,26.56,100.00,86.00,FUZZY"
2026-05-13T13:15:31,2324.19,40.5,33.69,26.56,100.0,86.0,,FUZZY,"40.50,33.69,26.56,100.00,86.00,FUZZY"
2026-05-13T13:15:32,2325.59,40.5,33.69,26.56,100.0,86.0,,FUZZY,"40.50,33.69,26.56,100.00,86.00,FUZZY"
2026-05-13T13:15:34,2327.0,40.56,33.63,26.56,100.0,86.0,,FUZZY,"40.56,33.63,26.56,100.00,86.00,FUZZY"
2026-05-13T13:15:35,2328.4,40.56,33.69,26.56,100.0,86.0,,FUZZY,"40.56,33.69,26.56,100.00,86.00,FUZZY"
2026-05-13T13:15:37,2329.8,40.56,33.69,26.5,100.0,86.0,,FUZZY,"40.56,33.69,26.50,100.00,86.00,FUZZY"
2026-05-13T13:15:38,2331.2,40.63,33.69,26.5,100.0,86.0,,FUZZY,"40.63,33.69,26.50,100.00,86.00,FUZZY"
2026-05-13T13:15:39,2332.61,40.63,33.75,26.5,100.0,86.0,,FUZZY,"40.63,33.75,26.50,100.00,86.00,FUZZY"
2026-05-13T13:15:41,2334.01,40.63,33.69,26.5,100.0,86.0,,FUZZY,"40.63,33.69,26.50,100.00,86.00,FUZZY"
2026-05-13T13:15:42,2335.41,40.63,33.69,26.56,100.0,86.0,,FUZZY,"40.63,33.69,26.56,100.00,86.00,FUZZY"
2026-05-13T13:15:44,2336.81,40.69,33.75,26.56,100.0,86.0,,FUZZY,"40.69,33.75,26.56,100.00,86.00,FUZZY"
2026-05-13T13:15:45,2338.22,40.69,33.75,26.5,100.0,85.99,,FUZZY,"40.69,33.75,26.50,100.00,85.99,FUZZY"
2026-05-13T13:15:46,2339.62,40.69,33.75,26.5,100.0,85.99,,FUZZY,"40.69,33.75,26.50,100.00,85.99,FUZZY"
2026-05-13T13:15:48,2341.02,40.69,33.75,26.56,100.0,85.99,,FUZZY,"40.69,33.75,26.56,100.00,85.99,FUZZY"
2026-05-13T13:15:49,2342.42,40.69,33.81,26.56,100.0,85.99,,FUZZY,"40.69,33.81,26.56,100.00,85.99,FUZZY"
2026-05-13T13:15:51,2343.83,40.75,33.75,26.5,100.0,85.99,,FUZZY,"40.75,33.75,26.50,100.00,85.99,FUZZY"
2026-05-13T13:15:52,2345.23,40.75,33.75,26.5,100.0,85.99,,FUZZY,"40.75,33.75,26.50,100.00,85.99,FUZZY"
2026-05-13T13:15:53,2346.63,40.75,33.81,26.5,100.0,85.99,,FUZZY,"40.75,33.81,26.50,100.00,85.99,FUZZY"
2026-05-13T13:15:55,2348.03,40.75,33.81,26.5,100.0,85.99,,FUZZY,"40.75,33.81,26.50,100.00,85.99,FUZZY"
2026-05-13T13:15:56,2349.44,40.75,33.81,26.56,100.0,85.99,,FUZZY,"40.75,33.81,26.56,100.00,85.99,FUZZY"
2026-05-13T13:15:58,2350.84,40.75,33.81,26.56,100.0,85.99,,FUZZY,"40.75,33.81,26.56,100.00,85.99,FUZZY"
2026-05-13T13:15:59,2352.24,40.81,33.81,26.56,100.0,85.99,,FUZZY,"40.81,33.81,26.56,100.00,85.99,FUZZY"
2026-05-13T13:16:00,2353.64,40.81,33.81,26.56,100.0,85.99,,FUZZY,"40.81,33.81,26.56,100.00,85.99,FUZZY"
2026-05-13T13:16:02,2355.05,40.81,33.81,26.56,100.0,85.99,,FUZZY,"40.81,33.81,26.56,100.00,85.99,FUZZY"
2026-05-13T13:16:03,2356.45,40.81,33.81,26.56,100.0,85.99,,FUZZY,"40.81,33.81,26.56,100.00,85.99,FUZZY"
2026-05-13T13:16:05,2357.85,40.81,33.81,26.5,100.0,85.99,,FUZZY,"40.81,33.81,26.50,100.00,85.99,FUZZY"
2026-05-13T13:16:06,2359.25,40.81,33.81,26.56,100.0,85.99,,FUZZY,"40.81,33.81,26.56,100.00,85.99,FUZZY"
2026-05-13T13:16:07,2360.66,40.88,33.81,26.56,100.0,85.99,,FUZZY,"40.88,33.81,26.56,100.00,85.99,FUZZY"
2026-05-13T13:16:09,2362.06,40.88,33.88,26.62,100.0,85.99,,FUZZY,"40.88,33.88,26.62,100.00,85.99,FUZZY"
2026-05-13T13:16:10,2363.46,40.88,33.88,26.56,100.0,85.98,,FUZZY,"40.88,33.88,26.56,100.00,85.98,FUZZY"
2026-05-13T13:16:12,2364.86,40.88,33.88,26.56,100.0,85.98,,FUZZY,"40.88,33.88,26.56,100.00,85.98,FUZZY"
2026-05-13T13:16:13,2366.27,40.88,33.88,26.56,100.0,85.98,,FUZZY,"40.88,33.88,26.56,100.00,85.98,FUZZY"
2026-05-13T13:16:14,2367.67,40.88,33.88,26.5,100.0,85.98,,FUZZY,"40.88,33.88,26.50,100.00,85.98,FUZZY"
2026-05-13T13:16:16,2369.07,40.94,33.88,26.5,100.0,85.98,,FUZZY,"40.94,33.88,26.50,100.00,85.98,FUZZY"
2026-05-13T13:16:17,2370.47,40.94,33.88,26.56,100.0,85.98,,FUZZY,"40.94,33.88,26.56,100.00,85.98,FUZZY"
2026-05-13T13:16:19,2371.87,40.94,33.88,26.56,100.0,85.98,,FUZZY,"40.94,33.88,26.56,100.00,85.98,FUZZY"
2026-05-13T13:16:20,2373.28,40.94,33.94,26.56,100.0,85.98,,FUZZY,"40.94,33.94,26.56,100.00,85.98,FUZZY"
2026-05-13T13:16:21,2374.68,40.94,33.88,26.56,100.0,85.98,,FUZZY,"40.94,33.88,26.56,100.00,85.98,FUZZY"
2026-05-13T13:16:23,2376.08,40.94,33.94,26.56,100.0,85.98,,FUZZY,"40.94,33.94,26.56,100.00,85.98,FUZZY"
2026-05-13T13:16:24,2377.48,40.94,33.94,26.56,100.0,85.98,,FUZZY,"40.94,33.94,26.56,100.00,85.98,FUZZY"
2026-05-13T13:16:26,2378.89,41.0,33.94,26.56,100.0,85.98,,FUZZY,"41.00,33.94,26.56,100.00,85.98,FUZZY"
2026-05-13T13:16:27,2380.29,41.0,33.94,26.56,100.0,85.97,,FUZZY,"41.00,33.94,26.56,100.00,85.97,FUZZY"
2026-05-13T13:16:28,2381.69,41.0,33.94,26.56,100.0,85.97,,FUZZY,"41.00,33.94,26.56,100.00,85.97,FUZZY"
2026-05-13T13:16:30,2383.09,41.0,33.94,26.56,100.0,85.97,,FUZZY,"41.00,33.94,26.56,100.00,85.97,FUZZY"
2026-05-13T13:16:31,2384.5,41.0,33.94,26.56,100.0,85.97,,FUZZY,"41.00,33.94,26.56,100.00,85.97,FUZZY"
2026-05-13T13:16:33,2385.9,41.0,33.94,26.56,100.0,85.97,,FUZZY,"41.00,33.94,26.56,100.00,85.97,FUZZY"
2026-05-13T13:16:34,2387.3,41.0,34.0,26.56,100.0,85.97,,FUZZY,"41.00,34.00,26.56,100.00,85.97,FUZZY"
2026-05-13T13:16:35,2388.7,41.0,34.0,26.56,100.0,85.97,,FUZZY,"41.00,34.00,26.56,100.00,85.97,FUZZY"
2026-05-13T13:16:37,2390.11,41.06,34.0,26.56,100.0,85.97,,FUZZY,"41.06,34.00,26.56,100.00,85.97,FUZZY"
2026-05-13T13:16:38,2391.51,41.06,34.0,26.56,100.0,85.97,,FUZZY,"41.06,34.00,26.56,100.00,85.97,FUZZY"
2026-05-13T13:16:40,2392.91,41.06,34.0,26.56,100.0,85.97,,FUZZY,"41.06,34.00,26.56,100.00,85.97,FUZZY"
2026-05-13T13:16:41,2394.31,41.06,34.0,26.56,100.0,85.96,,FUZZY,"41.06,34.00,26.56,100.00,85.96,FUZZY"
2026-05-13T13:16:42,2395.72,41.13,34.0,26.56,100.0,85.96,,FUZZY,"41.13,34.00,26.56,100.00,85.96,FUZZY"
2026-05-13T13:16:44,2397.12,41.06,34.0,26.56,100.0,85.96,,FUZZY,"41.06,34.00,26.56,100.00,85.96,FUZZY"
2026-05-13T13:16:45,2398.52,41.06,34.0,26.56,100.0,85.96,,FUZZY,"41.06,34.00,26.56,100.00,85.96,FUZZY"
2026-05-13T13:16:47,2399.92,41.13,34.0,26.5,100.0,85.96,,FUZZY,"41.13,34.00,26.50,100.00,85.96,FUZZY"
2026-05-13T13:16:48,2401.32,41.13,34.0,26.5,100.0,85.96,,FUZZY,"41.13,34.00,26.50,100.00,85.96,FUZZY"
2026-05-13T13:16:49,2402.73,41.13,34.0,26.5,100.0,85.96,,FUZZY,"41.13,34.00,26.50,100.00,85.96,FUZZY"
2026-05-13T13:16:51,2404.13,41.13,34.0,26.5,100.0,85.96,,FUZZY,"41.13,34.00,26.50,100.00,85.96,FUZZY"
2026-05-13T13:16:52,2405.53,41.13,34.0,26.5,100.0,85.96,,FUZZY,"41.13,34.00,26.50,100.00,85.96,FUZZY"
2026-05-13T13:16:54,2406.93,41.13,34.06,26.5,100.0,85.96,,FUZZY,"41.13,34.06,26.50,100.00,85.96,FUZZY"
2026-05-13T13:16:55,2408.34,41.13,34.06,26.56,100.0,85.96,,FUZZY,"41.13,34.06,26.56,100.00,85.96,FUZZY"
2026-05-13T13:16:56,2409.74,41.19,34.06,26.5,100.0,85.95,,FUZZY,"41.19,34.06,26.50,100.00,85.95,FUZZY"
2026-05-13T13:16:58,2411.14,41.19,34.06,26.5,100.0,85.95,,FUZZY,"41.19,34.06,26.50,100.00,85.95,FUZZY"
2026-05-13T13:16:59,2412.54,41.19,34.06,26.5,100.0,85.95,,FUZZY,"41.19,34.06,26.50,100.00,85.95,FUZZY"
2026-05-13T13:17:01,2413.95,41.19,34.06,26.5,100.0,85.95,,FUZZY,"41.19,34.06,26.50,100.00,85.95,FUZZY"
2026-05-13T13:17:02,2415.35,41.19,34.06,26.56,100.0,85.95,,FUZZY,"41.19,34.06,26.56,100.00,85.95,FUZZY"
2026-05-13T13:17:04,2416.75,41.19,34.06,26.56,100.0,85.95,,FUZZY,"41.19,34.06,26.56,100.00,85.95,FUZZY"
2026-05-13T13:17:05,2418.15,41.19,34.06,26.5,100.0,85.95,,FUZZY,"41.19,34.06,26.50,100.00,85.95,FUZZY"
2026-05-13T13:17:06,2419.56,41.19,34.06,26.5,100.0,85.95,,FUZZY,"41.19,34.06,26.50,100.00,85.95,FUZZY"
2026-05-13T13:17:08,2420.96,41.25,34.06,26.56,100.0,85.95,,FUZZY,"41.25,34.06,26.56,100.00,85.95,FUZZY"
2026-05-13T13:17:09,2422.36,41.25,34.06,26.5,100.0,85.94,,FUZZY,"41.25,34.06,26.50,100.00,85.94,FUZZY"
2026-05-13T13:17:11,2423.76,41.25,34.06,26.56,100.0,85.94,,FUZZY,"41.25,34.06,26.56,100.00,85.94,FUZZY"
2026-05-13T13:17:12,2425.17,41.25,34.13,26.5,100.0,85.94,,FUZZY,"41.25,34.13,26.50,100.00,85.94,FUZZY"
2026-05-13T13:17:13,2426.57,41.25,34.13,26.5,100.0,85.94,,FUZZY,"41.25,34.13,26.50,100.00,85.94,FUZZY"
2026-05-13T13:17:15,2427.97,41.25,34.13,26.5,100.0,85.94,,FUZZY,"41.25,34.13,26.50,100.00,85.94,FUZZY"
2026-05-13T13:17:16,2429.37,41.25,34.13,26.56,100.0,85.94,,FUZZY,"41.25,34.13,26.56,100.00,85.94,FUZZY"
2026-05-13T13:17:18,2430.78,41.25,34.13,26.5,100.0,85.94,,FUZZY,"41.25,34.13,26.50,100.00,85.94,FUZZY"
2026-05-13T13:17:19,2432.18,41.25,34.13,26.5,100.0,85.94,,FUZZY,"41.25,34.13,26.50,100.00,85.94,FUZZY"
2026-05-13T13:17:20,2433.58,41.25,34.13,26.56,100.0,85.94,,FUZZY,"41.25,34.13,26.56,100.00,85.94,FUZZY"
2026-05-13T13:17:22,2434.98,41.25,34.13,26.5,100.0,85.94,,FUZZY,"41.25,34.13,26.50,100.00,85.94,FUZZY"
2026-05-13T13:17:23,2436.39,41.31,34.13,26.5,100.0,85.94,,FUZZY,"41.31,34.13,26.50,100.00,85.94,FUZZY"
2026-05-13T13:17:25,2437.79,41.31,34.13,26.5,100.0,85.94,,FUZZY,"41.31,34.13,26.50,100.00,85.94,FUZZY"
2026-05-13T13:17:26,2439.19,41.31,34.19,26.5,100.0,85.93,,FUZZY,"41.31,34.19,26.50,100.00,85.93,FUZZY"
2026-05-13T13:17:27,2440.59,41.31,34.13,26.5,100.0,85.93,,FUZZY,"41.31,34.13,26.50,100.00,85.93,FUZZY"
2026-05-13T13:17:29,2442.0,41.31,34.13,26.5,100.0,85.93,,FUZZY,"41.31,34.13,26.50,100.00,85.93,FUZZY"
2026-05-13T13:17:30,2443.4,41.31,34.13,26.5,100.0,85.93,,FUZZY,"41.31,34.13,26.50,100.00,85.93,FUZZY"
2026-05-13T13:17:32,2444.8,41.31,34.19,26.5,100.0,85.93,,FUZZY,"41.31,34.19,26.50,100.00,85.93,FUZZY"
2026-05-13T13:17:33,2446.2,41.31,34.19,26.5,100.0,85.93,,FUZZY,"41.31,34.19,26.50,100.00,85.93,FUZZY"
2026-05-13T13:17:34,2447.61,41.38,34.19,26.5,100.0,85.93,,FUZZY,"41.38,34.19,26.50,100.00,85.93,FUZZY"
2026-05-13T13:17:36,2449.01,41.31,34.19,26.5,100.0,85.93,,FUZZY,"41.31,34.19,26.50,100.00,85.93,FUZZY"
2026-05-13T13:17:37,2450.41,41.31,34.19,26.5,100.0,85.93,,FUZZY,"41.31,34.19,26.50,100.00,85.93,FUZZY"
2026-05-13T13:17:39,2451.81,41.38,34.19,26.5,100.0,85.93,,FUZZY,"41.38,34.19,26.50,100.00,85.93,FUZZY"
2026-05-13T13:17:40,2453.22,41.38,34.25,26.5,100.0,85.93,,FUZZY,"41.38,34.25,26.50,100.00,85.93,FUZZY"
2026-05-13T13:17:41,2454.62,41.38,34.19,26.5,100.0,85.92,,FUZZY,"41.38,34.19,26.50,100.00,85.92,FUZZY"
2026-05-13T13:17:43,2456.02,41.38,34.19,26.5,100.0,85.92,,FUZZY,"41.38,34.19,26.50,100.00,85.92,FUZZY"
2026-05-13T13:17:44,2457.42,41.38,34.19,26.5,100.0,85.92,,FUZZY,"41.38,34.19,26.50,100.00,85.92,FUZZY"
2026-05-13T13:17:46,2458.83,41.38,34.25,26.5,100.0,85.92,,FUZZY,"41.38,34.25,26.50,100.00,85.92,FUZZY"
2026-05-13T13:17:47,2460.23,41.38,34.25,26.5,100.0,85.92,,FUZZY,"41.38,34.25,26.50,100.00,85.92,FUZZY"
2026-05-13T13:17:48,2461.63,41.38,34.25,26.5,100.0,85.92,,FUZZY,"41.38,34.25,26.50,100.00,85.92,FUZZY"
2026-05-13T13:17:50,2463.03,41.38,34.25,26.5,100.0,85.92,,FUZZY,"41.38,34.25,26.50,100.00,85.92,FUZZY"
2026-05-13T13:17:51,2464.44,41.38,34.25,26.5,100.0,85.92,,FUZZY,"41.38,34.25,26.50,100.00,85.92,FUZZY"
2026-05-13T13:17:53,2465.84,41.38,34.25,26.5,100.0,85.92,,FUZZY,"41.38,34.25,26.50,100.00,85.92,FUZZY"
2026-05-13T13:17:54,2467.24,41.38,34.25,26.5,100.0,85.92,,FUZZY,"41.38,34.25,26.50,100.00,85.92,FUZZY"
2026-05-13T13:17:55,2468.64,41.44,34.25,26.5,100.0,85.92,,FUZZY,"41.44,34.25,26.50,100.00,85.92,FUZZY"
2026-05-13T13:17:57,2470.05,41.38,34.25,26.5,100.0,85.92,,FUZZY,"41.38,34.25,26.50,100.00,85.92,FUZZY"
2026-05-13T13:17:58,2471.45,41.44,34.25,26.5,100.0,85.92,,FUZZY,"41.44,34.25,26.50,100.00,85.92,FUZZY"
2026-05-13T13:18:00,2472.85,41.44,34.25,26.5,100.0,85.91,,FUZZY,"41.44,34.25,26.50,100.00,85.91,FUZZY"
2026-05-13T13:18:01,2474.25,41.44,34.25,26.5,100.0,85.91,,FUZZY,"41.44,34.25,26.50,100.00,85.91,FUZZY"
2026-05-13T13:18:02,2475.66,41.44,34.31,26.5,100.0,85.91,,FUZZY,"41.44,34.31,26.50,100.00,85.91,FUZZY"
2026-05-13T13:18:04,2477.06,41.44,34.31,26.5,100.0,85.91,,FUZZY,"41.44,34.31,26.50,100.00,85.91,FUZZY"
2026-05-13T13:18:05,2478.46,41.44,34.25,26.5,100.0,85.91,,FUZZY,"41.44,34.25,26.50,100.00,85.91,FUZZY"
2026-05-13T13:18:07,2479.86,41.44,34.31,26.5,100.0,85.91,,FUZZY,"41.44,34.31,26.50,100.00,85.91,FUZZY"
2026-05-13T13:18:08,2481.27,41.44,34.31,26.5,100.0,85.91,,FUZZY,"41.44,34.31,26.50,100.00,85.91,FUZZY"
2026-05-13T13:18:09,2482.67,41.44,34.31,26.5,100.0,85.91,,FUZZY,"41.44,34.31,26.50,100.00,85.91,FUZZY"
2026-05-13T13:18:11,2484.07,41.44,34.31,26.5,100.0,85.91,,FUZZY,"41.44,34.31,26.50,100.00,85.91,FUZZY"
2026-05-13T13:18:12,2485.47,41.44,34.31,26.5,100.0,85.91,,FUZZY,"41.44,34.31,26.50,100.00,85.91,FUZZY"
2026-05-13T13:18:14,2486.88,41.5,34.31,26.5,100.0,85.9,,FUZZY,"41.50,34.31,26.50,100.00,85.90,FUZZY"
2026-05-13T13:18:15,2488.28,41.44,34.31,26.5,100.0,85.91,,FUZZY,"41.44,34.31,26.50,100.00,85.91,FUZZY"
2026-05-13T13:18:16,2489.68,41.5,34.31,26.5,100.0,85.9,,FUZZY,"41.50,34.31,26.50,100.00,85.90,FUZZY"
2026-05-13T13:18:18,2491.08,41.5,34.31,26.5,100.0,85.9,,FUZZY,"41.50,34.31,26.50,100.00,85.90,FUZZY"
2026-05-13T13:18:19,2492.48,41.5,34.31,26.5,100.0,85.9,,FUZZY,"41.50,34.31,26.50,100.00,85.90,FUZZY"
2026-05-13T13:18:21,2493.89,41.5,34.31,26.5,100.0,85.9,,FUZZY,"41.50,34.31,26.50,100.00,85.90,FUZZY"
2026-05-13T13:18:22,2495.29,41.5,34.31,26.5,100.0,85.9,,FUZZY,"41.50,34.31,26.50,100.00,85.90,FUZZY"
2026-05-13T13:18:23,2496.69,41.5,34.31,26.5,100.0,85.9,,FUZZY,"41.50,34.31,26.50,100.00,85.90,FUZZY"
2026-05-13T13:18:25,2498.09,41.5,34.31,26.5,100.0,85.9,,FUZZY,"41.50,34.31,26.50,100.00,85.90,FUZZY"
2026-05-13T13:18:26,2499.5,41.5,34.31,26.5,100.0,85.9,,FUZZY,"41.50,34.31,26.50,100.00,85.90,FUZZY"
2026-05-13T13:18:28,2500.9,41.5,34.38,26.5,100.0,85.9,,FUZZY,"41.50,34.38,26.50,100.00,85.90,FUZZY"
2026-05-13T13:18:29,2502.3,41.5,34.38,26.5,100.0,85.9,,FUZZY,"41.50,34.38,26.50,100.00,85.90,FUZZY"
2026-05-13T13:18:30,2503.7,41.5,34.31,26.5,100.0,85.9,,FUZZY,"41.50,34.31,26.50,100.00,85.90,FUZZY"
2026-05-13T13:18:32,2505.11,41.5,34.38,26.5,100.0,85.9,,FUZZY,"41.50,34.38,26.50,100.00,85.90,FUZZY"
2026-05-13T13:18:33,2506.51,41.5,34.38,26.5,100.0,85.9,,FUZZY,"41.50,34.38,26.50,100.00,85.90,FUZZY"
2026-05-13T13:18:35,2507.91,41.5,34.38,26.5,100.0,85.9,,FUZZY,"41.50,34.38,26.50,100.00,85.90,FUZZY"
2026-05-13T13:18:36,2509.31,41.5,34.38,26.5,100.0,85.9,,FUZZY,"41.50,34.38,26.50,100.00,85.90,FUZZY"
2026-05-13T13:18:37,2510.72,41.5,34.38,26.5,100.0,85.9,,FUZZY,"41.50,34.38,26.50,100.00,85.90,FUZZY"
2026-05-13T13:18:39,2512.12,41.5,34.38,26.5,100.0,85.9,,FUZZY,"41.50,34.38,26.50,100.00,85.90,FUZZY"
2026-05-13T13:18:40,2513.52,41.56,34.38,26.5,100.0,85.89,,FUZZY,"41.56,34.38,26.50,100.00,85.89,FUZZY"
2026-05-13T13:18:42,2514.92,41.56,34.38,26.5,100.0,85.89,,FUZZY,"41.56,34.38,26.50,100.00,85.89,FUZZY"
2026-05-13T13:18:43,2516.33,41.56,34.38,26.5,100.0,85.89,,FUZZY,"41.56,34.38,26.50,100.00,85.89,FUZZY"
2026-05-13T13:18:44,2517.73,41.56,34.38,26.5,100.0,85.89,,FUZZY,"41.56,34.38,26.50,100.00,85.89,FUZZY"
2026-05-13T13:18:46,2519.13,41.56,34.38,26.5,100.0,85.89,,FUZZY,"41.56,34.38,26.50,100.00,85.89,FUZZY"
2026-05-13T13:18:47,2520.53,41.56,34.38,26.5,100.0,85.89,,FUZZY,"41.56,34.38,26.50,100.00,85.89,FUZZY"
2026-05-13T13:18:49,2521.94,41.56,34.38,26.5,100.0,85.89,,FUZZY,"41.56,34.38,26.50,100.00,85.89,FUZZY"
2026-05-13T13:18:50,2523.34,41.56,34.38,26.5,100.0,85.89,,FUZZY,"41.56,34.38,26.50,100.00,85.89,FUZZY"
2026-05-13T13:18:51,2524.74,41.56,34.44,26.5,100.0,85.89,,FUZZY,"41.56,34.44,26.50,100.00,85.89,FUZZY"
2026-05-13T13:18:53,2526.14,41.56,34.44,26.5,100.0,85.89,,FUZZY,"41.56,34.44,26.50,100.00,85.89,FUZZY"
2026-05-13T13:18:54,2527.55,41.56,34.38,26.5,100.0,85.89,,FUZZY,"41.56,34.38,26.50,100.00,85.89,FUZZY"
2026-05-13T13:18:56,2528.95,41.56,34.44,26.5,100.0,85.89,,FUZZY,"41.56,34.44,26.50,100.00,85.89,FUZZY"
2026-05-13T13:18:57,2530.35,41.63,34.44,26.5,100.0,85.88,,FUZZY,"41.63,34.44,26.50,100.00,85.88,FUZZY"
2026-05-13T13:18:59,2531.75,41.63,34.44,26.5,100.0,85.88,,FUZZY,"41.63,34.44,26.50,100.00,85.88,FUZZY"
2026-05-13T13:19:00,2533.16,41.63,34.44,26.5,100.0,85.88,,FUZZY,"41.63,34.44,26.50,100.00,85.88,FUZZY"
2026-05-13T13:19:01,2534.56,41.63,34.38,26.5,100.0,85.88,,FUZZY,"41.63,34.38,26.50,100.00,85.88,FUZZY"
2026-05-13T13:19:03,2535.96,41.63,34.44,26.5,100.0,85.88,,FUZZY,"41.63,34.44,26.50,100.00,85.88,FUZZY"
2026-05-13T13:19:04,2537.36,41.63,34.44,26.5,100.0,85.88,,FUZZY,"41.63,34.44,26.50,100.00,85.88,FUZZY"
2026-05-13T13:19:06,2538.77,41.63,34.44,26.5,100.0,85.88,,FUZZY,"41.63,34.44,26.50,100.00,85.88,FUZZY"
2026-05-13T13:19:07,2540.17,41.63,34.44,26.5,100.0,85.88,,FUZZY,"41.63,34.44,26.50,100.00,85.88,FUZZY"
2026-05-13T13:19:08,2541.57,41.63,34.44,26.5,100.0,85.88,,FUZZY,"41.63,34.44,26.50,100.00,85.88,FUZZY"
2026-05-13T13:19:10,2542.97,41.63,34.44,26.5,100.0,85.88,,FUZZY,"41.63,34.44,26.50,100.00,85.88,FUZZY"
2026-05-13T13:19:11,2544.38,41.63,34.44,26.5,100.0,85.88,,FUZZY,"41.63,34.44,26.50,100.00,85.88,FUZZY"
2026-05-13T13:19:13,2545.78,41.63,34.44,26.5,100.0,85.88,,FUZZY,"41.63,34.44,26.50,100.00,85.88,FUZZY"
2026-05-13T13:19:14,2547.18,41.63,34.44,26.5,100.0,85.88,,FUZZY,"41.63,34.44,26.50,100.00,85.88,FUZZY"
2026-05-13T13:19:15,2548.58,41.63,34.44,26.5,100.0,85.88,,FUZZY,"41.63,34.44,26.50,100.00,85.88,FUZZY"
2026-05-13T13:19:17,2549.99,41.63,34.44,26.5,100.0,85.88,,FUZZY,"41.63,34.44,26.50,100.00,85.88,FUZZY"
2026-05-13T13:19:18,2551.39,41.63,34.44,26.5,100.0,85.88,,FUZZY,"41.63,34.44,26.50,100.00,85.88,FUZZY"
2026-05-13T13:19:20,2552.79,41.63,34.44,26.5,100.0,85.88,,FUZZY,"41.63,34.44,26.50,100.00,85.88,FUZZY"
2026-05-13T13:19:21,2554.19,41.63,34.44,26.5,100.0,85.88,,FUZZY,"41.63,34.44,26.50,100.00,85.88,FUZZY"
2026-05-13T13:19:22,2555.6,41.63,34.5,26.5,100.0,85.88,,FUZZY,"41.63,34.50,26.50,100.00,85.88,FUZZY"
2026-05-13T13:19:24,2557.0,41.63,34.5,26.5,100.0,85.88,,FUZZY,"41.63,34.50,26.50,100.00,85.88,FUZZY"
2026-05-13T13:19:25,2558.4,41.63,34.5,26.5,100.0,85.88,,FUZZY,"41.63,34.50,26.50,100.00,85.88,FUZZY"
2026-05-13T13:19:27,2559.8,41.63,34.5,26.5,100.0,85.88,,FUZZY,"41.63,34.50,26.50,100.00,85.88,FUZZY"
2026-05-13T13:19:28,2561.21,41.69,34.44,26.5,100.0,85.87,,FUZZY,"41.69,34.44,26.50,100.00,85.87,FUZZY"
2026-05-13T13:19:29,2562.61,41.69,34.5,26.5,100.0,85.87,,FUZZY,"41.69,34.50,26.50,100.00,85.87,FUZZY"
2026-05-13T13:19:31,2564.01,41.69,34.44,26.5,100.0,85.87,,FUZZY,"41.69,34.44,26.50,100.00,85.87,FUZZY"
2026-05-13T13:19:32,2565.41,41.63,34.5,26.5,100.0,85.87,,FUZZY,"41.63,34.50,26.50,100.00,85.87,FUZZY"
2026-05-13T13:19:34,2566.82,41.69,34.5,26.5,100.0,85.87,,FUZZY,"41.69,34.50,26.50,100.00,85.87,FUZZY"
2026-05-13T13:19:35,2568.22,41.69,34.5,26.5,100.0,85.87,,FUZZY,"41.69,34.50,26.50,100.00,85.87,FUZZY"
2026-05-13T13:19:36,2569.62,41.69,34.5,26.5,100.0,85.87,,FUZZY,"41.69,34.50,26.50,100.00,85.87,FUZZY"
2026-05-13T13:19:38,2571.02,41.69,34.5,26.5,100.0,85.87,,FUZZY,"41.69,34.50,26.50,100.00,85.87,FUZZY"
2026-05-13T13:19:39,2572.43,41.69,34.5,26.5,100.0,85.87,,FUZZY,"41.69,34.50,26.50,100.00,85.87,FUZZY"
2026-05-13T13:19:41,2573.83,41.69,34.5,26.5,100.0,85.87,,FUZZY,"41.69,34.50,26.50,100.00,85.87,FUZZY"
2026-05-13T13:19:42,2575.23,41.69,34.5,26.5,100.0,85.87,,FUZZY,"41.69,34.50,26.50,100.00,85.87,FUZZY"
2026-05-13T13:19:43,2576.63,41.69,34.5,26.5,100.0,85.87,,FUZZY,"41.69,34.50,26.50,100.00,85.87,FUZZY"
2026-05-13T13:19:45,2578.04,41.69,34.5,26.5,100.0,85.87,,FUZZY,"41.69,34.50,26.50,100.00,85.87,FUZZY"
2026-05-13T13:19:46,2579.44,41.69,34.5,26.5,100.0,85.87,,FUZZY,"41.69,34.50,26.50,100.00,85.87,FUZZY"
2026-05-13T13:19:48,2580.84,41.69,34.5,26.5,100.0,85.86,,FUZZY,"41.69,34.50,26.50,100.00,85.86,FUZZY"
2026-05-13T13:19:49,2582.24,41.69,34.5,26.5,100.0,85.86,,FUZZY,"41.69,34.50,26.50,100.00,85.86,FUZZY"
2026-05-13T13:19:50,2583.65,41.69,34.56,26.5,100.0,85.86,,FUZZY,"41.69,34.56,26.50,100.00,85.86,FUZZY"
2026-05-13T13:19:52,2585.05,41.69,34.5,26.5,100.0,85.86,,FUZZY,"41.69,34.50,26.50,100.00,85.86,FUZZY"
2026-05-13T13:19:53,2586.45,41.69,34.56,26.5,100.0,85.86,,FUZZY,"41.69,34.56,26.50,100.00,85.86,FUZZY"
2026-05-13T13:19:55,2587.85,41.69,34.56,26.5,100.0,85.86,,FUZZY,"41.69,34.56,26.50,100.00,85.86,FUZZY"
2026-05-13T13:19:56,2589.26,41.69,34.56,26.5,100.0,85.86,,FUZZY,"41.69,34.56,26.50,100.00,85.86,FUZZY"
2026-05-13T13:19:57,2590.66,41.69,34.56,26.5,100.0,85.86,,FUZZY,"41.69,34.56,26.50,100.00,85.86,FUZZY"
2026-05-13T13:19:59,2592.06,41.69,34.56,26.5,100.0,85.86,,FUZZY,"41.69,34.56,26.50,100.00,85.86,FUZZY"
2026-05-13T13:20:00,2593.46,41.69,34.56,26.5,100.0,85.86,,FUZZY,"41.69,34.56,26.50,100.00,85.86,FUZZY"
2026-05-13T13:20:02,2594.87,41.69,34.56,26.5,100.0,85.86,,FUZZY,"41.69,34.56,26.50,100.00,85.86,FUZZY"
2026-05-13T13:20:03,2596.27,41.69,34.56,26.5,100.0,85.86,,FUZZY,"41.69,34.56,26.50,100.00,85.86,FUZZY"
2026-05-13T13:20:04,2597.67,41.75,34.56,26.5,100.0,85.86,,FUZZY,"41.75,34.56,26.50,100.00,85.86,FUZZY"
2026-05-13T13:20:06,2599.07,41.75,34.56,26.5,100.0,85.86,,FUZZY,"41.75,34.56,26.50,100.00,85.86,FUZZY"
2026-05-13T13:20:07,2600.48,41.75,34.56,26.5,100.0,85.86,,FUZZY,"41.75,34.56,26.50,100.00,85.86,FUZZY"
2026-05-13T13:20:09,2601.88,41.75,34.56,26.5,100.0,85.85,,FUZZY,"41.75,34.56,26.50,100.00,85.85,FUZZY"
2026-05-13T13:20:10,2603.28,41.75,34.56,26.5,100.0,85.85,,FUZZY,"41.75,34.56,26.50,100.00,85.85,FUZZY"
2026-05-13T13:20:11,2604.68,41.75,34.56,26.5,100.0,85.85,,FUZZY,"41.75,34.56,26.50,100.00,85.85,FUZZY"
2026-05-13T13:20:13,2606.09,41.75,34.56,26.5,100.0,85.85,,FUZZY,"41.75,34.56,26.50,100.00,85.85,FUZZY"
2026-05-13T13:20:14,2607.49,41.75,34.56,26.5,100.0,85.85,,FUZZY,"41.75,34.56,26.50,100.00,85.85,FUZZY"
2026-05-13T13:20:16,2608.89,41.75,34.56,26.5,100.0,85.85,,FUZZY,"41.75,34.56,26.50,100.00,85.85,FUZZY"
2026-05-13T13:20:17,2610.29,41.75,34.56,26.5,100.0,85.85,,FUZZY,"41.75,34.56,26.50,100.00,85.85,FUZZY"
2026-05-13T13:20:18,2611.7,41.75,34.56,26.5,100.0,85.85,,FUZZY,"41.75,34.56,26.50,100.00,85.85,FUZZY"
2026-05-13T13:20:20,2613.1,41.75,34.56,26.5,100.0,85.85,,FUZZY,"41.75,34.56,26.50,100.00,85.85,FUZZY"
2026-05-13T13:20:21,2614.5,41.75,34.56,26.56,100.0,85.85,,FUZZY,"41.75,34.56,26.56,100.00,85.85,FUZZY"
2026-05-13T13:20:23,2615.9,41.75,34.56,26.5,100.0,85.85,,FUZZY,"41.75,34.56,26.50,100.00,85.85,FUZZY"
2026-05-13T13:20:24,2617.31,41.75,34.56,26.5,100.0,85.85,,FUZZY,"41.75,34.56,26.50,100.00,85.85,FUZZY"
2026-05-13T13:20:25,2618.71,41.75,34.56,26.5,100.0,85.85,,FUZZY,"41.75,34.56,26.50,100.00,85.85,FUZZY"
2026-05-13T13:20:27,2620.11,41.75,34.56,26.5,100.0,85.85,,FUZZY,"41.75,34.56,26.50,100.00,85.85,FUZZY"
2026-05-13T13:20:28,2621.51,41.75,34.56,26.5,100.0,85.85,,FUZZY,"41.75,34.56,26.50,100.00,85.85,FUZZY"
2026-05-13T13:20:30,2622.91,41.75,34.56,26.5,100.0,85.85,,FUZZY,"41.75,34.56,26.50,100.00,85.85,FUZZY"
2026-05-13T13:20:31,2624.32,41.75,34.56,26.5,100.0,85.85,,FUZZY,"41.75,34.56,26.50,100.00,85.85,FUZZY"
2026-05-13T13:20:32,2625.72,41.75,34.56,26.5,100.0,85.85,,FUZZY,"41.75,34.56,26.50,100.00,85.85,FUZZY"
2026-05-13T13:20:34,2627.12,41.75,34.63,26.5,100.0,85.85,,FUZZY,"41.75,34.63,26.50,100.00,85.85,FUZZY"
2026-05-13T13:20:35,2628.53,41.75,34.63,26.5,100.0,85.85,,FUZZY,"41.75,34.63,26.50,100.00,85.85,FUZZY"
2026-05-13T13:20:37,2629.93,41.75,34.56,26.5,100.0,85.85,,FUZZY,"41.75,34.56,26.50,100.00,85.85,FUZZY"
2026-05-13T13:20:38,2631.33,41.75,34.63,26.5,100.0,85.85,,FUZZY,"41.75,34.63,26.50,100.00,85.85,FUZZY"
2026-05-13T13:20:39,2632.73,41.75,34.63,26.5,100.0,85.85,,FUZZY,"41.75,34.63,26.50,100.00,85.85,FUZZY"
2026-05-13T13:20:41,2634.13,41.75,34.63,26.5,100.0,85.85,,FUZZY,"41.75,34.63,26.50,100.00,85.85,FUZZY"
2026-05-13T13:20:42,2635.54,41.75,34.63,26.5,100.0,85.85,,FUZZY,"41.75,34.63,26.50,100.00,85.85,FUZZY"
2026-05-13T13:20:44,2636.94,41.75,34.63,26.5,100.0,85.85,,FUZZY,"41.75,34.63,26.50,100.00,85.85,FUZZY"
2026-05-13T13:20:45,2638.34,41.75,34.63,26.5,100.0,85.85,,FUZZY,"41.75,34.63,26.50,100.00,85.85,FUZZY"
2026-05-13T13:20:47,2639.74,41.75,34.63,26.5,100.0,85.85,,FUZZY,"41.75,34.63,26.50,100.00,85.85,FUZZY"
2026-05-13T13:20:48,2641.15,41.81,34.63,26.56,100.0,85.85,,FUZZY,"41.81,34.63,26.56,100.00,85.85,FUZZY"
2026-05-13T13:20:49,2642.55,41.75,34.63,26.56,100.0,85.85,,FUZZY,"41.75,34.63,26.56,100.00,85.85,FUZZY"
2026-05-13T13:20:51,2643.95,41.81,34.63,26.56,100.0,85.84,,FUZZY,"41.81,34.63,26.56,100.00,85.84,FUZZY"
2026-05-13T13:20:52,2645.35,41.81,34.63,26.5,100.0,85.84,,FUZZY,"41.81,34.63,26.50,100.00,85.84,FUZZY"
2026-05-13T13:20:54,2646.76,41.81,34.63,26.56,100.0,85.84,,FUZZY,"41.81,34.63,26.56,100.00,85.84,FUZZY"
2026-05-13T13:20:55,2648.16,41.81,34.63,26.56,100.0,85.84,,FUZZY,"41.81,34.63,26.56,100.00,85.84,FUZZY"
2026-05-13T13:20:56,2649.56,41.81,34.63,26.5,100.0,85.84,,FUZZY,"41.81,34.63,26.50,100.00,85.84,FUZZY"
2026-05-13T13:20:58,2650.96,41.81,34.63,26.5,100.0,85.84,,FUZZY,"41.81,34.63,26.50,100.00,85.84,FUZZY"
2026-05-13T13:20:59,2652.37,41.75,34.63,26.5,100.0,85.84,,FUZZY,"41.75,34.63,26.50,100.00,85.84,FUZZY"
2026-05-13T13:21:01,2653.77,41.81,34.63,26.56,100.0,85.84,,FUZZY,"41.81,34.63,26.56,100.00,85.84,FUZZY"
2026-05-13T13:21:02,2655.17,41.81,34.63,26.5,100.0,85.84,,FUZZY,"41.81,34.63,26.50,100.00,85.84,FUZZY"
2026-05-13T13:21:03,2656.57,41.81,34.63,26.5,100.0,85.84,,FUZZY,"41.81,34.63,26.50,100.00,85.84,FUZZY"
2026-05-13T13:21:05,2657.98,41.81,34.63,26.5,100.0,85.84,,FUZZY,"41.81,34.63,26.50,100.00,85.84,FUZZY"
2026-05-13T13:21:06,2659.38,41.81,34.63,26.5,100.0,85.84,,FUZZY,"41.81,34.63,26.50,100.00,85.84,FUZZY"
2026-05-13T13:21:08,2660.78,41.81,34.63,26.5,100.0,85.84,,FUZZY,"41.81,34.63,26.50,100.00,85.84,FUZZY"
2026-05-13T13:21:09,2662.18,41.81,34.63,26.5,100.0,85.84,,FUZZY,"41.81,34.63,26.50,100.00,85.84,FUZZY"
2026-05-13T13:21:10,2663.59,41.81,34.63,26.5,100.0,85.84,,FUZZY,"41.81,34.63,26.50,100.00,85.84,FUZZY"
2026-05-13T13:21:12,2664.99,41.81,34.63,26.5,100.0,85.83,,FUZZY,"41.81,34.63,26.50,100.00,85.83,FUZZY"
2026-05-13T13:21:13,2666.39,41.81,34.63,26.5,100.0,85.83,,FUZZY,"41.81,34.63,26.50,100.00,85.83,FUZZY"
2026-05-13T13:21:15,2667.79,41.81,34.63,26.5,100.0,85.83,,FUZZY,"41.81,34.63,26.50,100.00,85.83,FUZZY"
2026-05-13T13:21:16,2669.2,41.81,34.63,26.5,100.0,85.83,,FUZZY,"41.81,34.63,26.50,100.00,85.83,FUZZY"
2026-05-13T13:21:17,2670.6,41.81,34.63,26.5,100.0,85.83,,FUZZY,"41.81,34.63,26.50,100.00,85.83,FUZZY"
2026-05-13T13:21:19,2672.0,41.81,34.69,26.5,100.0,85.83,,FUZZY,"41.81,34.69,26.50,100.00,85.83,FUZZY"
2026-05-13T13:21:20,2673.4,41.81,34.63,26.5,100.0,85.83,,FUZZY,"41.81,34.63,26.50,100.00,85.83,FUZZY"
2026-05-13T13:21:22,2674.81,41.81,34.63,26.5,100.0,85.83,,FUZZY,"41.81,34.63,26.50,100.00,85.83,FUZZY"
2026-05-13T13:21:23,2676.21,41.81,34.63,26.5,100.0,85.83,,FUZZY,"41.81,34.63,26.50,100.00,85.83,FUZZY"
2026-05-13T13:21:24,2677.61,41.81,34.69,26.5,100.0,85.83,,FUZZY,"41.81,34.69,26.50,100.00,85.83,FUZZY"
2026-05-13T13:21:26,2679.01,41.81,34.63,26.5,100.0,85.83,,FUZZY,"41.81,34.63,26.50,100.00,85.83,FUZZY"
2026-05-13T13:21:27,2680.42,41.81,34.63,26.5,100.0,85.83,,FUZZY,"41.81,34.63,26.50,100.00,85.83,FUZZY"
2026-05-13T13:21:29,2681.82,41.81,34.69,26.5,100.0,85.83,,FUZZY,"41.81,34.69,26.50,100.00,85.83,FUZZY"
2026-05-13T13:21:30,2683.22,41.81,34.69,26.5,100.0,85.83,,FUZZY,"41.81,34.69,26.50,100.00,85.83,FUZZY"
2026-05-13T13:21:31,2684.62,41.81,34.69,26.5,100.0,85.83,,FUZZY,"41.81,34.69,26.50,100.00,85.83,FUZZY"
2026-05-13T13:21:33,2686.03,41.88,34.69,26.5,100.0,85.83,,FUZZY,"41.88,34.69,26.50,100.00,85.83,FUZZY"
2026-05-13T13:21:34,2687.43,41.88,34.69,26.5,100.0,85.83,,FUZZY,"41.88,34.69,26.50,100.00,85.83,FUZZY"
2026-05-13T13:21:36,2688.83,41.81,34.69,26.5,100.0,85.83,,FUZZY,"41.81,34.69,26.50,100.00,85.83,FUZZY"
2026-05-13T13:21:37,2690.23,41.81,34.69,26.5,100.0,85.83,,FUZZY,"41.81,34.69,26.50,100.00,85.83,FUZZY"
2026-05-13T13:21:38,2691.64,41.81,34.69,26.5,100.0,85.83,,FUZZY,"41.81,34.69,26.50,100.00,85.83,FUZZY"
2026-05-13T13:21:40,2693.04,41.81,34.69,26.5,100.0,85.83,,FUZZY,"41.81,34.69,26.50,100.00,85.83,FUZZY"
2026-05-13T13:21:41,2694.44,41.88,34.69,26.5,100.0,85.83,,FUZZY,"41.88,34.69,26.50,100.00,85.83,FUZZY"
2026-05-13T13:21:43,2695.84,41.88,34.69,26.5,100.0,85.83,,FUZZY,"41.88,34.69,26.50,100.00,85.83,FUZZY"
2026-05-13T13:21:44,2697.25,41.88,34.75,26.5,100.0,85.83,,FUZZY,"41.88,34.75,26.50,100.00,85.83,FUZZY"
2026-05-13T13:21:45,2698.65,41.88,34.69,26.44,100.0,85.18,,FUZZY,"41.88,34.69,26.44,100.00,85.18,FUZZY"
2026-05-13T13:21:47,2700.06,41.88,34.75,26.44,100.0,84.69,,FUZZY,"41.88,34.75,26.44,100.00,84.69,FUZZY"
2026-05-13T13:21:48,2701.46,41.88,34.75,26.44,100.0,84.32,,FUZZY,"41.88,34.75,26.44,100.00,84.32,FUZZY"
2026-05-13T13:21:50,2702.87,41.88,34.75,26.44,100.0,84.05,,FUZZY,"41.88,34.75,26.44,100.00,84.05,FUZZY"
2026-05-13T13:21:51,2704.27,41.88,34.75,26.44,100.0,83.85,,FUZZY,"41.88,34.75,26.44,100.00,83.85,FUZZY"
2026-05-13T13:21:52,2705.68,41.88,34.75,26.5,100.0,84.34,,FUZZY,"41.88,34.75,26.50,100.00,84.34,FUZZY"
2026-05-13T13:21:54,2707.08,41.88,34.75,26.44,100.0,84.06,,FUZZY,"41.88,34.75,26.44,100.00,84.06,FUZZY"
2026-05-13T13:21:55,2708.49,41.88,34.75,26.44,100.0,83.85,,FUZZY,"41.88,34.75,26.44,100.00,83.85,FUZZY"
2026-05-13T13:21:57,2709.89,41.88,34.75,26.44,100.0,83.7,,FUZZY,"41.88,34.75,26.44,100.00,83.70,FUZZY"
2026-05-13T13:21:58,2711.3,41.88,34.75,26.44,100.0,83.58,,FUZZY,"41.88,34.75,26.44,100.00,83.58,FUZZY"
2026-05-13T13:21:59,2712.7,41.88,34.75,26.44,100.0,83.49,,FUZZY,"41.88,34.75,26.44,100.00,83.49,FUZZY"
2026-05-13T13:22:01,2714.11,41.88,34.75,26.44,100.0,83.43,,FUZZY,"41.88,34.75,26.44,100.00,83.43,FUZZY"
2026-05-13T13:22:02,2715.51,41.88,34.75,26.44,100.0,83.38,,FUZZY,"41.88,34.75,26.44,100.00,83.38,FUZZY"
2026-05-13T13:22:04,2716.92,41.88,34.75,26.44,100.0,83.34,,FUZZY,"41.88,34.75,26.44,100.00,83.34,FUZZY"
2026-05-13T13:22:05,2718.32,41.88,34.75,26.44,100.0,83.31,,FUZZY,"41.88,34.75,26.44,100.00,83.31,FUZZY"
2026-05-13T13:22:06,2719.72,41.88,34.75,26.5,100.0,83.94,,FUZZY,"41.88,34.75,26.50,100.00,83.94,FUZZY"
2026-05-13T13:22:08,2721.13,41.88,34.75,26.5,100.0,84.41,,FUZZY,"41.88,34.75,26.50,100.00,84.41,FUZZY"
2026-05-13T13:22:09,2722.53,41.88,34.75,26.5,100.0,84.76,,FUZZY,"41.88,34.75,26.50,100.00,84.76,FUZZY"
2026-05-13T13:22:11,2723.93,41.88,34.75,26.44,100.0,84.38,,FUZZY,"41.88,34.75,26.44,100.00,84.38,FUZZY"
2026-05-13T13:22:12,2725.34,41.94,34.75,26.44,100.0,84.08,,FUZZY,"41.94,34.75,26.44,100.00,84.08,FUZZY"
2026-05-13T13:22:14,2726.74,41.88,34.75,26.44,100.0,83.87,,FUZZY,"41.88,34.75,26.44,100.00,83.87,FUZZY"
2026-05-13T13:22:15,2728.15,41.94,34.75,26.44,100.0,83.7,,FUZZY,"41.94,34.75,26.44,100.00,83.70,FUZZY"
2026-05-13T13:22:16,2729.56,41.88,34.75,26.44,100.0,83.58,,FUZZY,"41.88,34.75,26.44,100.00,83.58,FUZZY"
2026-05-13T13:22:18,2730.96,41.88,34.75,26.44,100.0,83.49,,FUZZY,"41.88,34.75,26.44,100.00,83.49,FUZZY"
2026-05-13T13:22:19,2732.37,41.94,34.75,26.44,100.0,83.42,,FUZZY,"41.94,34.75,26.44,100.00,83.42,FUZZY"
2026-05-13T13:22:21,2733.77,41.94,34.75,26.44,100.0,83.36,,FUZZY,"41.94,34.75,26.44,100.00,83.36,FUZZY"
2026-05-13T13:22:22,2735.18,41.88,34.75,26.44,100.0,83.33,,FUZZY,"41.88,34.75,26.44,100.00,83.33,FUZZY"
2026-05-13T13:22:23,2736.58,41.94,34.75,26.44,100.0,83.29,,FUZZY,"41.94,34.75,26.44,100.00,83.29,FUZZY"
2026-05-13T13:22:25,2737.99,41.94,34.75,26.44,100.0,83.27,,FUZZY,"41.94,34.75,26.44,100.00,83.27,FUZZY"
2026-05-13T13:22:26,2739.39,41.94,34.75,26.44,100.0,83.25,,FUZZY,"41.94,34.75,26.44,100.00,83.25,FUZZY"
2026-05-13T13:22:28,2740.8,41.94,34.75,26.44,100.0,83.23,,FUZZY,"41.94,34.75,26.44,100.00,83.23,FUZZY"
2026-05-13T13:22:29,2742.2,41.94,34.75,26.44,100.0,83.22,,FUZZY,"41.94,34.75,26.44,100.00,83.22,FUZZY"
2026-05-13T13:22:30,2743.61,41.94,34.75,26.44,100.0,83.21,,FUZZY,"41.94,34.75,26.44,100.00,83.21,FUZZY"
2026-05-13T13:22:32,2745.01,41.94,34.75,26.44,100.0,83.21,,FUZZY,"41.94,34.75,26.44,100.00,83.21,FUZZY"
2026-05-13T13:22:33,2746.42,41.94,34.75,26.44,100.0,83.2,,FUZZY,"41.94,34.75,26.44,100.00,83.20,FUZZY"
2026-05-13T13:22:35,2747.82,41.94,34.75,26.44,100.0,83.2,,FUZZY,"41.94,34.75,26.44,100.00,83.20,FUZZY"
2026-05-13T13:22:36,2749.23,41.94,34.75,26.44,100.0,83.2,,FUZZY,"41.94,34.75,26.44,100.00,83.20,FUZZY"
2026-05-13T13:22:37,2750.63,41.94,34.75,26.44,100.0,83.19,,FUZZY,"41.94,34.75,26.44,100.00,83.19,FUZZY"
2026-05-13T13:22:39,2752.04,41.94,34.75,26.44,100.0,83.19,,FUZZY,"41.94,34.75,26.44,100.00,83.19,FUZZY"
2026-05-13T13:22:40,2753.44,42.0,34.75,26.44,100.0,83.18,,FUZZY,"42.00,34.75,26.44,100.00,83.18,FUZZY"
2026-05-13T13:22:42,2754.85,42.0,34.81,26.44,100.0,83.17,,FUZZY,"42.00,34.81,26.44,100.00,83.17,FUZZY"
2026-05-13T13:22:43,2756.26,41.94,34.81,26.44,100.0,83.18,,FUZZY,"41.94,34.81,26.44,100.00,83.18,FUZZY"
2026-05-13T13:22:44,2757.66,42.0,34.81,26.37,100.0,82.66,,FUZZY,"42.00,34.81,26.37,100.00,82.66,FUZZY"
2026-05-13T13:22:46,2759.07,42.0,34.75,26.44,100.0,82.78,,FUZZY,"42.00,34.75,26.44,100.00,82.78,FUZZY"
2026-05-13T13:22:47,2760.47,42.0,34.81,26.44,100.0,82.87,,FUZZY,"42.00,34.81,26.44,100.00,82.87,FUZZY"
2026-05-13T13:22:49,2761.88,42.0,34.81,26.44,100.0,82.94,,FUZZY,"42.00,34.81,26.44,100.00,82.94,FUZZY"
2026-05-13T13:22:50,2763.28,42.0,34.75,26.44,100.0,82.99,,FUZZY,"42.00,34.75,26.44,100.00,82.99,FUZZY"
2026-05-13T13:22:51,2764.69,42.0,34.81,26.37,100.0,82.53,,FUZZY,"42.00,34.81,26.37,100.00,82.53,FUZZY"
2026-05-13T13:22:53,2766.09,42.0,34.81,26.44,100.0,82.68,,FUZZY,"42.00,34.81,26.44,100.00,82.68,FUZZY"
2026-05-13T13:22:54,2767.5,42.0,34.81,26.44,100.0,82.8,,FUZZY,"42.00,34.81,26.44,100.00,82.80,FUZZY"
2026-05-13T13:22:56,2768.9,42.0,34.81,26.37,100.0,82.38,,FUZZY,"42.00,34.81,26.37,100.00,82.38,FUZZY"
2026-05-13T13:22:57,2770.31,42.0,34.81,26.37,100.0,82.07,,FUZZY,"42.00,34.81,26.37,100.00,82.07,FUZZY"
2026-05-13T13:22:58,2771.71,42.0,34.81,26.37,100.0,81.83,,FUZZY,"42.00,34.81,26.37,100.00,81.83,FUZZY"
2026-05-13T13:23:00,2773.12,42.0,34.81,26.37,100.0,81.66,,FUZZY,"42.00,34.81,26.37,100.00,81.66,FUZZY"
2026-05-13T13:23:01,2774.52,42.06,34.81,26.44,100.0,82.02,,FUZZY,"42.06,34.81,26.44,100.00,82.02,FUZZY"
2026-05-13T13:23:03,2775.93,42.0,34.81,26.44,100.0,82.3,,FUZZY,"42.00,34.81,26.44,100.00,82.30,FUZZY"
2026-05-13T13:23:04,2777.33,42.0,34.81,26.44,100.0,82.51,,FUZZY,"42.00,34.81,26.44,100.00,82.51,FUZZY"
2026-05-13T13:23:05,2778.74,42.06,34.81,26.37,100.0,82.15,,FUZZY,"42.06,34.81,26.37,100.00,82.15,FUZZY"
2026-05-13T13:23:07,2780.14,42.06,34.81,26.44,100.0,82.39,,FUZZY,"42.06,34.81,26.44,100.00,82.39,FUZZY"
2026-05-13T13:23:08,2781.55,42.06,34.81,26.44,100.0,82.57,,FUZZY,"42.06,34.81,26.44,100.00,82.57,FUZZY"
2026-05-13T13:23:10,2782.96,42.06,34.81,26.44,100.0,82.7,,FUZZY,"42.06,34.81,26.44,100.00,82.70,FUZZY"
2026-05-13T13:23:11,2784.36,42.06,34.81,26.44,100.0,82.8,,FUZZY,"42.06,34.81,26.44,100.00,82.80,FUZZY"
2026-05-13T13:23:13,2785.77,42.06,34.81,26.44,100.0,82.88,,FUZZY,"42.06,34.81,26.44,100.00,82.88,FUZZY"
2026-05-13T13:23:14,2787.17,42.06,34.81,26.44,100.0,82.93,,FUZZY,"42.06,34.81,26.44,100.00,82.93,FUZZY"
2026-05-13T13:23:15,2788.58,42.06,34.81,26.44,100.0,82.98,,FUZZY,"42.06,34.81,26.44,100.00,82.98,FUZZY"
2026-05-13T13:23:17,2789.98,42.06,34.81,26.44,100.0,83.01,,FUZZY,"42.06,34.81,26.44,100.00,83.01,FUZZY"
2026-05-13T13:23:18,2791.39,42.13,34.81,26.44,100.0,83.02,,FUZZY,"42.13,34.81,26.44,100.00,83.02,FUZZY"
2026-05-13T13:23:20,2792.79,42.13,34.81,26.37,100.0,82.51,,FUZZY,"42.13,34.81,26.37,100.00,82.51,FUZZY"
2026-05-13T13:23:21,2794.2,42.13,34.81,26.44,100.0,82.65,,FUZZY,"42.13,34.81,26.44,100.00,82.65,FUZZY"
2026-05-13T13:23:22,2795.6,42.13,34.81,26.37,100.0,82.24,,FUZZY,"42.13,34.81,26.37,100.00,82.24,FUZZY"
2026-05-13T13:23:24,2797.01,42.13,34.88,26.44,100.0,82.44,,FUZZY,"42.13,34.88,26.44,100.00,82.44,FUZZY"
2026-05-13T13:23:25,2798.41,42.13,34.88,26.44,100.0,82.6,,FUZZY,"42.13,34.88,26.44,100.00,82.60,FUZZY"
2026-05-13T13:23:27,2799.82,42.13,34.88,26.44,100.0,82.71,,FUZZY,"42.13,34.88,26.44,100.00,82.71,FUZZY"
2026-05-13T13:23:28,2801.22,42.13,34.88,26.44,100.0,82.8,,FUZZY,"42.13,34.88,26.44,100.00,82.80,FUZZY"
2026-05-13T13:23:29,2802.63,42.13,34.88,26.44,100.0,82.86,,FUZZY,"42.13,34.88,26.44,100.00,82.86,FUZZY"
2026-05-13T13:23:31,2804.03,42.13,34.88,26.44,100.0,82.91,,FUZZY,"42.13,34.88,26.44,100.00,82.91,FUZZY"
2026-05-13T13:23:32,2805.44,42.13,34.88,26.44,100.0,82.95,,FUZZY,"42.13,34.88,26.44,100.00,82.95,FUZZY"
2026-05-13T13:23:34,2806.84,42.13,34.88,26.44,100.0,82.97,,FUZZY,"42.13,34.88,26.44,100.00,82.97,FUZZY"
2026-05-13T13:23:35,2808.25,42.13,34.88,26.44,100.0,82.99,,FUZZY,"42.13,34.88,26.44,100.00,82.99,FUZZY"
2026-05-13T13:23:36,2809.65,42.13,34.88,26.44,100.0,83.01,,FUZZY,"42.13,34.88,26.44,100.00,83.01,FUZZY"
2026-05-13T13:23:38,2811.06,42.13,34.88,26.44,100.0,83.02,,FUZZY,"42.13,34.88,26.44,100.00,83.02,FUZZY"
2026-05-13T13:23:39,2812.47,42.19,34.88,26.44,100.0,83.01,,FUZZY,"42.19,34.88,26.44,100.00,83.01,FUZZY"
2026-05-13T13:23:41,2813.87,42.19,34.88,26.44,100.0,83.01,,FUZZY,"42.19,34.88,26.44,100.00,83.01,FUZZY"
2026-05-13T13:23:42,2815.28,42.19,34.88,26.44,100.0,83.01,,FUZZY,"42.19,34.88,26.44,100.00,83.01,FUZZY"
2026-05-13T13:23:43,2816.68,42.19,34.88,26.44,100.0,83.0,,FUZZY,"42.19,34.88,26.44,100.00,83.00,FUZZY"
2026-05-13T13:23:45,2818.09,42.19,34.88,26.44,100.0,83.0,,FUZZY,"42.19,34.88,26.44,100.00,83.00,FUZZY"
2026-05-13T13:23:46,2819.49,42.19,34.88,26.44,100.0,83.0,,FUZZY,"42.19,34.88,26.44,100.00,83.00,FUZZY"
2026-05-13T13:23:48,2820.9,42.19,34.88,26.44,100.0,83.0,,FUZZY,"42.19,34.88,26.44,100.00,83.00,FUZZY"
2026-05-13T13:23:49,2822.3,42.19,34.88,26.44,100.0,83.0,,FUZZY,"42.19,34.88,26.44,100.00,83.00,FUZZY"
2026-05-13T13:23:50,2823.71,42.19,34.88,26.44,100.0,83.0,,FUZZY,"42.19,34.88,26.44,100.00,83.00,FUZZY"
2026-05-13T13:23:52,2825.11,42.19,34.88,26.44,100.0,83.0,,FUZZY,"42.19,34.88,26.44,100.00,83.00,FUZZY"
2026-05-13T13:23:53,2826.52,42.19,34.88,26.44,100.0,83.0,,FUZZY,"42.19,34.88,26.44,100.00,83.00,FUZZY"
2026-05-13T13:23:55,2827.92,42.19,34.88,26.44,100.0,83.0,,FUZZY,"42.19,34.88,26.44,100.00,83.00,FUZZY"
2026-05-13T13:23:56,2829.33,42.19,34.88,26.44,100.0,83.0,,FUZZY,"42.19,34.88,26.44,100.00,83.00,FUZZY"
2026-05-13T13:23:57,2830.73,42.19,34.88,26.44,100.0,83.0,,FUZZY,"42.19,34.88,26.44,100.00,83.00,FUZZY"
2026-05-13T13:23:59,2832.14,42.19,34.88,26.44,100.0,83.0,,FUZZY,"42.19,34.88,26.44,100.00,83.00,FUZZY"
2026-05-13T13:24:00,2833.54,42.19,34.88,26.44,100.0,83.0,,FUZZY,"42.19,34.88,26.44,100.00,83.00,FUZZY"
2026-05-13T13:24:02,2834.95,42.19,34.88,26.37,100.0,82.48,,FUZZY,"42.19,34.88,26.37,100.00,82.48,FUZZY"
2026-05-13T13:24:03,2836.35,42.19,34.88,26.37,100.0,82.09,,FUZZY,"42.19,34.88,26.37,100.00,82.09,FUZZY"
2026-05-13T13:24:05,2837.76,42.19,34.88,26.44,100.0,82.32,,FUZZY,"42.19,34.88,26.44,100.00,82.32,FUZZY"
2026-05-13T13:24:06,2839.16,42.19,34.88,26.44,100.0,82.49,,FUZZY,"42.19,34.88,26.44,100.00,82.49,FUZZY"
2026-05-13T13:24:07,2840.57,42.19,34.88,26.44,100.0,82.62,,FUZZY,"42.19,34.88,26.44,100.00,82.62,FUZZY"
2026-05-13T13:24:09,2841.97,42.19,34.88,26.44,100.0,82.71,,FUZZY,"42.19,34.88,26.44,100.00,82.71,FUZZY"
2026-05-13T13:24:10,2843.38,42.25,34.88,26.37,100.0,82.25,,FUZZY,"42.25,34.88,26.37,100.00,82.25,FUZZY"
2026-05-13T13:24:12,2844.79,42.25,34.94,26.44,100.0,82.42,,FUZZY,"42.25,34.94,26.44,100.00,82.42,FUZZY"
2026-05-13T13:24:13,2846.19,42.25,34.88,26.37,100.0,82.03,,FUZZY,"42.25,34.88,26.37,100.00,82.03,FUZZY"
2026-05-13T13:24:14,2847.6,42.25,34.88,26.37,100.0,81.73,,FUZZY,"42.25,34.88,26.37,100.00,81.73,FUZZY"
2026-05-13T13:24:16,2849.0,42.25,34.94,26.37,100.0,81.51,,FUZZY,"42.25,34.94,26.37,100.00,81.51,FUZZY"
2026-05-13T13:24:17,2850.41,42.25,34.88,26.37,100.0,81.34,,FUZZY,"42.25,34.88,26.37,100.00,81.34,FUZZY"
2026-05-13T13:24:19,2851.81,42.25,34.88,26.37,100.0,81.22,,FUZZY,"42.25,34.88,26.37,100.00,81.22,FUZZY"
2026-05-13T13:24:20,2853.22,42.25,34.88,26.37,100.0,81.13,,FUZZY,"42.25,34.88,26.37,100.00,81.13,FUZZY"
2026-05-13T13:24:21,2854.62,42.25,34.88,26.37,100.0,81.06,,FUZZY,"42.25,34.88,26.37,100.00,81.06,FUZZY"
2026-05-13T13:24:23,2856.03,42.25,34.94,26.44,100.0,81.53,,FUZZY,"42.25,34.94,26.44,100.00,81.53,FUZZY"
2026-05-13T13:24:24,2857.43,42.25,34.94,26.37,100.0,81.36,,FUZZY,"42.25,34.94,26.37,100.00,81.36,FUZZY"
2026-05-13T13:24:26,2858.84,42.25,34.94,26.37,100.0,81.23,,FUZZY,"42.25,34.94,26.37,100.00,81.23,FUZZY"
2026-05-13T13:24:27,2860.24,42.25,34.94,26.37,100.0,81.13,,FUZZY,"42.25,34.94,26.37,100.00,81.13,FUZZY"
2026-05-13T13:24:28,2861.65,42.25,34.88,26.37,100.0,81.06,,FUZZY,"42.25,34.88,26.37,100.00,81.06,FUZZY"
2026-05-13T13:24:30,2863.05,42.25,34.94,26.37,100.0,81.01,,FUZZY,"42.25,34.94,26.37,100.00,81.01,FUZZY"
2026-05-13T13:24:31,2864.46,42.31,34.94,26.37,100.0,80.95,,FUZZY,"42.31,34.94,26.37,100.00,80.95,FUZZY"
2026-05-13T13:24:33,2865.86,42.25,34.94,26.37,100.0,80.92,,FUZZY,"42.25,34.94,26.37,100.00,80.92,FUZZY"
2026-05-13T13:24:34,2867.27,42.31,34.94,26.37,100.0,80.88,,FUZZY,"42.31,34.94,26.37,100.00,80.88,FUZZY"
2026-05-13T13:24:35,2868.68,42.31,34.94,26.37,100.0,80.85,,FUZZY,"42.31,34.94,26.37,100.00,80.85,FUZZY"
2026-05-13T13:24:37,2870.08,42.31,34.94,26.37,100.0,80.83,,FUZZY,"42.31,34.94,26.37,100.00,80.83,FUZZY"
2026-05-13T13:24:38,2871.49,42.31,34.94,26.37,100.0,80.82,,FUZZY,"42.31,34.94,26.37,100.00,80.82,FUZZY"
2026-05-13T13:24:40,2872.89,42.31,34.94,26.37,100.0,80.8,,FUZZY,"42.31,34.94,26.37,100.00,80.80,FUZZY"
2026-05-13T13:24:41,2874.3,42.31,34.94,26.37,100.0,80.79,,FUZZY,"42.31,34.94,26.37,100.00,80.79,FUZZY"
2026-05-13T13:24:42,2875.7,42.31,34.94,26.37,100.0,80.79,,FUZZY,"42.31,34.94,26.37,100.00,80.79,FUZZY"
2026-05-13T13:24:44,2877.11,42.31,34.94,26.37,100.0,80.78,,FUZZY,"42.31,34.94,26.37,100.00,80.78,FUZZY"
2026-05-13T13:24:45,2878.51,42.31,34.94,26.37,100.0,80.78,,FUZZY,"42.31,34.94,26.37,100.00,80.78,FUZZY"
2026-05-13T13:24:47,2879.92,42.31,34.94,26.37,100.0,80.78,,FUZZY,"42.31,34.94,26.37,100.00,80.78,FUZZY"
2026-05-13T13:24:48,2881.32,42.31,34.94,26.37,100.0,80.77,,FUZZY,"42.31,34.94,26.37,100.00,80.77,FUZZY"
2026-05-13T13:24:49,2882.73,42.31,34.94,26.37,100.0,80.77,,FUZZY,"42.31,34.94,26.37,100.00,80.77,FUZZY"
2026-05-13T13:24:51,2884.13,42.31,34.94,26.37,100.0,80.77,,FUZZY,"42.31,34.94,26.37,100.00,80.77,FUZZY"
2026-05-13T13:24:52,2885.54,42.31,34.94,26.37,100.0,80.77,,FUZZY,"42.31,34.94,26.37,100.00,80.77,FUZZY"
2026-05-13T13:24:54,2886.94,42.31,34.94,26.37,100.0,80.77,,FUZZY,"42.31,34.94,26.37,100.00,80.77,FUZZY"
2026-05-13T13:24:55,2888.35,42.31,34.94,26.37,100.0,80.77,,FUZZY,"42.31,34.94,26.37,100.00,80.77,FUZZY"
2026-05-13T13:24:57,2889.75,42.38,34.94,26.37,100.0,80.75,,FUZZY,"42.38,34.94,26.37,100.00,80.75,FUZZY"
2026-05-13T13:24:58,2891.16,42.38,34.94,26.37,100.0,80.73,,FUZZY,"42.38,34.94,26.37,100.00,80.73,FUZZY"
2026-05-13T13:24:59,2892.56,42.38,34.94,26.37,100.0,80.72,,FUZZY,"42.38,34.94,26.37,100.00,80.72,FUZZY"
2026-05-13T13:25:01,2893.97,42.38,34.94,26.37,100.0,80.71,,FUZZY,"42.38,34.94,26.37,100.00,80.71,FUZZY"
2026-05-13T13:25:02,2895.38,42.38,34.94,26.37,100.0,80.7,,FUZZY,"42.38,34.94,26.37,100.00,80.70,FUZZY"
2026-05-13T13:25:04,2896.78,42.38,34.94,26.37,100.0,80.7,,FUZZY,"42.38,34.94,26.37,100.00,80.70,FUZZY"
2026-05-13T13:25:05,2898.19,42.38,34.94,26.37,100.0,80.69,,FUZZY,"42.38,34.94,26.37,100.00,80.69,FUZZY"
2026-05-13T13:25:06,2899.59,42.38,34.94,26.37,100.0,80.69,,FUZZY,"42.38,34.94,26.37,100.00,80.69,FUZZY"
2026-05-13T13:25:08,2901.0,42.38,34.94,26.37,100.0,80.69,,FUZZY,"42.38,34.94,26.37,100.00,80.69,FUZZY"
2026-05-13T13:25:09,2902.4,42.38,34.94,26.37,100.0,80.69,,FUZZY,"42.38,34.94,26.37,100.00,80.69,FUZZY"
2026-05-13T13:25:11,2903.81,42.38,34.94,26.37,100.0,80.69,,FUZZY,"42.38,34.94,26.37,100.00,80.69,FUZZY"
2026-05-13T13:25:12,2905.21,42.38,34.94,26.37,100.0,80.69,,FUZZY,"42.38,34.94,26.37,100.00,80.69,FUZZY"
2026-05-13T13:25:13,2906.62,42.38,34.94,26.37,100.0,80.68,,FUZZY,"42.38,34.94,26.37,100.00,80.68,FUZZY"
2026-05-13T13:25:15,2908.02,42.38,34.94,26.37,100.0,80.68,,FUZZY,"42.38,34.94,26.37,100.00,80.68,FUZZY"
2026-05-13T13:25:16,2909.43,42.38,35.0,26.37,100.0,80.68,,FUZZY,"42.38,35.00,26.37,100.00,80.68,FUZZY"
2026-05-13T13:25:18,2910.83,42.38,34.94,26.37,100.0,80.68,,FUZZY,"42.38,34.94,26.37,100.00,80.68,FUZZY"
2026-05-13T13:25:19,2912.24,42.44,34.94,26.37,100.0,80.66,,FUZZY,"42.44,34.94,26.37,100.00,80.66,FUZZY"
2026-05-13T13:25:20,2913.64,42.44,34.94,26.37,100.0,80.65,,FUZZY,"42.44,34.94,26.37,100.00,80.65,FUZZY"
2026-05-13T13:25:22,2915.05,42.38,34.94,26.37,100.0,80.65,,FUZZY,"42.38,34.94,26.37,100.00,80.65,FUZZY"
2026-05-13T13:25:23,2916.46,42.44,34.94,26.37,100.0,80.64,,FUZZY,"42.44,34.94,26.37,100.00,80.64,FUZZY"
2026-05-13T13:25:25,2917.86,42.44,34.94,26.31,100.0,80.22,,FUZZY,"42.44,34.94,26.31,100.00,80.22,FUZZY"
2026-05-13T13:25:26,2919.27,42.44,34.94,26.31,100.0,79.91,,FUZZY,"42.44,34.94,26.31,100.00,79.91,FUZZY"
2026-05-13T13:25:27,2920.67,42.44,35.0,26.31,100.0,79.67,,FUZZY,"42.44,35.00,26.31,100.00,79.67,FUZZY"
2026-05-13T13:25:29,2922.08,42.44,35.0,26.31,100.0,79.49,,FUZZY,"42.44,35.00,26.31,100.00,79.49,FUZZY"
2026-05-13T13:25:30,2923.48,42.44,35.0,26.31,100.0,79.36,,FUZZY,"42.44,35.00,26.31,100.00,79.36,FUZZY"
2026-05-13T13:25:32,2924.89,42.44,35.0,26.31,100.0,79.26,,FUZZY,"42.44,35.00,26.31,100.00,79.26,FUZZY"
2026-05-13T13:25:33,2926.29,42.44,35.0,26.31,100.0,79.19,,FUZZY,"42.44,35.00,26.31,100.00,79.19,FUZZY"
2026-05-13T13:25:34,2927.7,42.44,35.0,26.31,100.0,79.13,,FUZZY,"42.44,35.00,26.31,100.00,79.13,FUZZY"
2026-05-13T13:25:36,2929.1,42.44,35.0,26.37,100.0,79.5,,FUZZY,"42.44,35.00,26.37,100.00,79.50,FUZZY"
2026-05-13T13:25:37,2930.51,42.5,35.0,26.37,100.0,79.75,,FUZZY,"42.50,35.00,26.37,100.00,79.75,FUZZY"
2026-05-13T13:25:39,2931.91,42.44,35.0,26.31,100.0,79.55,,FUZZY,"42.44,35.00,26.31,100.00,79.55,FUZZY"
2026-05-13T13:25:40,2933.32,42.5,35.0,26.31,100.0,79.38,,FUZZY,"42.50,35.00,26.31,100.00,79.38,FUZZY"
2026-05-13T13:25:41,2934.72,42.44,35.0,26.37,100.0,79.68,,FUZZY,"42.44,35.00,26.37,100.00,79.68,FUZZY"
2026-05-13T13:25:43,2936.13,42.5,35.0,26.37,99.4,79.89,,FUZZY,"42.50,35.00,26.37,99.40,79.89,FUZZY"
2026-05-13T13:25:44,2937.53,42.5,35.0,26.37,99.76,80.04,,FUZZY,"42.50,35.00,26.37,99.76,80.04,FUZZY"
2026-05-13T13:25:46,2938.94,42.5,35.0,26.37,99.9,80.16,,FUZZY,"42.50,35.00,26.37,99.90,80.16,FUZZY"
2026-05-13T13:25:47,2940.34,42.5,35.0,26.37,99.96,80.25,,FUZZY,"42.50,35.00,26.37,99.96,80.25,FUZZY"
2026-05-13T13:25:49,2941.75,42.5,35.0,26.37,99.98,80.31,,FUZZY,"42.50,35.00,26.37,99.98,80.31,FUZZY"
2026-05-13T13:25:50,2943.15,42.5,35.0,26.37,99.99,80.36,,FUZZY,"42.50,35.00,26.37,99.99,80.36,FUZZY"
2026-05-13T13:25:51,2944.56,42.5,35.0,26.37,100.0,80.4,,FUZZY,"42.50,35.00,26.37,100.00,80.40,FUZZY"
2026-05-13T13:25:53,2945.97,42.5,35.0,26.37,100.0,80.43,,FUZZY,"42.50,35.00,26.37,100.00,80.43,FUZZY"
2026-05-13T13:25:54,2947.37,42.5,35.0,26.37,100.0,80.45,,FUZZY,"42.50,35.00,26.37,100.00,80.45,FUZZY"
2026-05-13T13:25:56,2948.78,42.5,35.0,26.37,100.0,80.46,,FUZZY,"42.50,35.00,26.37,100.00,80.46,FUZZY"
2026-05-13T13:25:57,2950.18,42.5,35.0,26.31,100.0,80.06,,FUZZY,"42.50,35.00,26.31,100.00,80.06,FUZZY"
2026-05-13T13:25:58,2951.59,42.5,35.0,26.37,100.0,80.17,,FUZZY,"42.50,35.00,26.37,100.00,80.17,FUZZY"
2026-05-13T13:26:00,2952.99,42.5,35.0,26.37,100.0,80.26,,FUZZY,"42.50,35.00,26.37,100.00,80.26,FUZZY"
2026-05-13T13:26:01,2954.4,42.5,35.0,26.37,100.0,80.32,,FUZZY,"42.50,35.00,26.37,100.00,80.32,FUZZY"
2026-05-13T13:26:03,2955.8,42.5,35.0,26.31,100.0,79.95,,FUZZY,"42.50,35.00,26.31,100.00,79.95,FUZZY"
2026-05-13T13:26:04,2957.21,42.56,35.0,26.37,100.0,80.07,,FUZZY,"42.56,35.00,26.37,100.00,80.07,FUZZY"
2026-05-13T13:26:05,2958.61,42.5,35.0,26.37,100.0,80.18,,FUZZY,"42.50,35.00,26.37,100.00,80.18,FUZZY"
2026-05-13T13:26:07,2960.02,42.5,35.0,26.37,100.0,80.26,,FUZZY,"42.50,35.00,26.37,100.00,80.26,FUZZY"
2026-05-13T13:26:08,2961.42,42.5,35.0,26.31,100.0,79.91,,FUZZY,"42.50,35.00,26.31,100.00,79.91,FUZZY"
2026-05-13T13:26:10,2962.83,42.5,35.0,26.31,100.0,79.65,,FUZZY,"42.50,35.00,26.31,100.00,79.65,FUZZY"
2026-05-13T13:26:11,2964.23,42.5,35.0,26.37,100.0,79.86,,FUZZY,"42.50,35.00,26.37,100.00,79.86,FUZZY"
2026-05-13T13:26:12,2965.64,42.5,35.0,26.31,100.0,79.61,,FUZZY,"42.50,35.00,26.31,100.00,79.61,FUZZY"
2026-05-13T13:26:14,2967.04,42.5,35.06,26.31,100.0,79.42,,FUZZY,"42.50,35.06,26.31,100.00,79.42,FUZZY"
2026-05-13T13:26:15,2968.45,42.56,35.0,26.31,100.0,79.25,,FUZZY,"42.56,35.00,26.31,100.00,79.25,FUZZY"
2026-05-13T13:26:17,2969.85,42.5,35.0,26.31,100.0,79.15,,FUZZY,"42.50,35.00,26.31,100.00,79.15,FUZZY"
2026-05-13T13:26:18,2971.26,42.56,35.0,26.31,100.0,79.05,,FUZZY,"42.56,35.00,26.31,100.00,79.05,FUZZY"
2026-05-13T13:26:19,2972.67,42.5,35.06,26.31,100.0,79.0,,FUZZY,"42.50,35.06,26.31,100.00,79.00,FUZZY"
2026-05-13T13:26:21,2974.07,42.56,35.06,26.37,100.0,79.35,,FUZZY,"42.56,35.06,26.37,100.00,79.35,FUZZY"
2026-05-13T13:26:22,2975.48,42.56,35.06,26.31,100.0,79.2,,FUZZY,"42.56,35.06,26.31,100.00,79.20,FUZZY"
2026-05-13T13:26:24,2976.88,42.56,35.06,26.31,100.0,79.08,,FUZZY,"42.56,35.06,26.31,100.00,79.08,FUZZY"
2026-05-13T13:26:25,2978.29,42.63,35.06,26.31,100.0,78.96,,FUZZY,"42.63,35.06,26.31,100.00,78.96,FUZZY"
2026-05-13T13:26:26,2979.69,42.56,35.0,26.31,100.0,78.91,,FUZZY,"42.56,35.00,26.31,100.00,78.91,FUZZY"
2026-05-13T13:26:28,2981.1,42.56,35.06,26.31,100.0,78.86,,FUZZY,"42.56,35.06,26.31,100.00,78.86,FUZZY"
2026-05-13T13:26:29,2982.5,42.56,35.06,26.31,100.0,78.83,,FUZZY,"42.56,35.06,26.31,100.00,78.83,FUZZY"
2026-05-13T13:26:31,2983.91,42.63,35.06,26.31,100.0,78.78,,FUZZY,"42.63,35.06,26.31,100.00,78.78,FUZZY"
2026-05-13T13:26:32,2985.31,42.63,35.06,26.31,100.0,78.73,,FUZZY,"42.63,35.06,26.31,100.00,78.73,FUZZY"
2026-05-13T13:26:33,2986.72,42.63,35.06,26.31,100.0,78.7,,FUZZY,"42.63,35.06,26.31,100.00,78.70,FUZZY"
2026-05-13T13:26:35,2988.12,42.63,35.06,26.31,100.0,78.68,,FUZZY,"42.63,35.06,26.31,100.00,78.68,FUZZY"
2026-05-13T13:26:36,2989.53,42.63,35.06,26.31,100.0,78.66,,FUZZY,"42.63,35.06,26.31,100.00,78.66,FUZZY"
2026-05-13T13:26:38,2990.93,42.63,35.06,26.31,100.0,78.65,,FUZZY,"42.63,35.06,26.31,100.00,78.65,FUZZY"
2026-05-13T13:26:39,2992.34,42.63,35.06,26.31,100.0,78.64,,FUZZY,"42.63,35.06,26.31,100.00,78.64,FUZZY"
2026-05-13T13:26:41,2993.74,42.63,35.06,26.31,100.0,78.63,,FUZZY,"42.63,35.06,26.31,100.00,78.63,FUZZY"
2026-05-13T13:26:42,2995.15,42.63,35.06,26.31,100.0,78.63,,FUZZY,"42.63,35.06,26.31,100.00,78.63,FUZZY"
2026-05-13T13:26:43,2996.55,42.63,35.0,26.31,100.0,78.62,,FUZZY,"42.63,35.00,26.31,100.00,78.62,FUZZY"
2026-05-13T13:26:45,2997.96,42.63,35.06,26.31,100.0,78.62,,FUZZY,"42.63,35.06,26.31,100.00,78.62,FUZZY"
2026-05-13T13:26:46,2999.37,42.69,35.06,26.31,100.0,78.58,,FUZZY,"42.69,35.06,26.31,100.00,78.58,FUZZY"
2026-05-13T13:26:48,3000.77,42.63,35.06,26.31,100.0,78.59,,FUZZY,"42.63,35.06,26.31,100.00,78.59,FUZZY"
2026-05-13T13:26:49,3002.18,42.63,35.06,26.31,100.0,78.59,,FUZZY,"42.63,35.06,26.31,100.00,78.59,FUZZY"
2026-05-13T13:26:50,3003.58,42.63,35.06,26.31,100.0,78.6,,FUZZY,"42.63,35.06,26.31,100.00,78.60,FUZZY"
2026-05-13T13:26:52,3004.99,42.69,35.06,26.31,100.0,78.57,,FUZZY,"42.69,35.06,26.31,100.00,78.57,FUZZY"
2026-05-13T13:26:53,3006.39,42.63,35.06,26.31,100.0,78.58,,FUZZY,"42.63,35.06,26.31,100.00,78.58,FUZZY"
2026-05-13T13:26:55,3007.8,42.69,35.06,26.31,100.0,78.55,,FUZZY,"42.69,35.06,26.31,100.00,78.55,FUZZY"
2026-05-13T13:26:56,3009.2,42.69,35.06,26.31,100.0,78.53,,FUZZY,"42.69,35.06,26.31,100.00,78.53,FUZZY"
2026-05-13T13:26:57,3010.61,42.69,35.06,26.31,100.0,78.52,,FUZZY,"42.69,35.06,26.31,100.00,78.52,FUZZY"
2026-05-13T13:26:59,3012.01,42.69,35.06,26.31,100.0,78.51,,FUZZY,"42.69,35.06,26.31,100.00,78.51,FUZZY"
2026-05-13T13:27:00,3013.42,42.69,35.06,26.31,100.0,78.5,,FUZZY,"42.69,35.06,26.31,100.00,78.50,FUZZY"
2026-05-13T13:27:02,3014.82,42.69,35.06,26.31,100.0,78.5,,FUZZY,"42.69,35.06,26.31,100.00,78.50,FUZZY"
2026-05-13T13:27:03,3016.23,42.69,35.06,26.31,100.0,78.49,,FUZZY,"42.69,35.06,26.31,100.00,78.49,FUZZY"
2026-05-13T13:27:04,3017.63,42.69,35.06,26.31,100.0,78.49,,FUZZY,"42.69,35.06,26.31,100.00,78.49,FUZZY"
2026-05-13T13:27:06,3019.04,42.69,35.06,26.31,100.0,78.49,,FUZZY,"42.69,35.06,26.31,100.00,78.49,FUZZY"
2026-05-13T13:27:07,3020.44,42.69,35.06,26.31,100.0,78.48,,FUZZY,"42.69,35.06,26.31,100.00,78.48,FUZZY"
2026-05-13T13:27:09,3021.85,42.69,35.06,26.31,100.0,78.48,,FUZZY,"42.69,35.06,26.31,100.00,78.48,FUZZY"
2026-05-13T13:27:10,3023.25,42.69,35.06,26.31,100.0,78.48,,FUZZY,"42.69,35.06,26.31,100.00,78.48,FUZZY"
2026-05-13T13:27:11,3024.66,42.69,35.06,26.31,100.0,78.48,,FUZZY,"42.69,35.06,26.31,100.00,78.48,FUZZY"
2026-05-13T13:27:13,3026.06,42.75,35.06,26.31,100.0,78.45,,FUZZY,"42.75,35.06,26.31,100.00,78.45,FUZZY"
2026-05-13T13:27:14,3027.47,42.75,35.06,26.31,100.0,78.42,,FUZZY,"42.75,35.06,26.31,100.00,78.42,FUZZY"
2026-05-13T13:27:16,3028.88,42.69,35.06,26.31,100.0,78.43,,FUZZY,"42.69,35.06,26.31,100.00,78.43,FUZZY"
2026-05-13T13:27:17,3030.28,42.75,35.06,26.31,100.0,78.41,,FUZZY,"42.75,35.06,26.31,100.00,78.41,FUZZY"
2026-05-13T13:27:18,3031.69,42.75,35.06,26.31,100.0,78.39,,FUZZY,"42.75,35.06,26.31,100.00,78.39,FUZZY"
2026-05-13T13:27:20,3033.09,42.75,35.06,26.31,100.0,78.38,,FUZZY,"42.75,35.06,26.31,100.00,78.38,FUZZY"
2026-05-13T13:27:21,3034.5,42.75,35.06,26.37,100.0,78.8,,FUZZY,"42.75,35.06,26.37,100.00,78.80,FUZZY"
2026-05-13T13:27:23,3035.9,42.75,35.06,26.31,100.0,78.69,,FUZZY,"42.75,35.06,26.31,100.00,78.69,FUZZY"
2026-05-13T13:27:24,3037.31,42.75,35.06,26.31,100.0,78.6,,FUZZY,"42.75,35.06,26.31,100.00,78.60,FUZZY"
2026-05-13T13:27:25,3038.71,42.69,35.06,26.31,100.0,78.57,,FUZZY,"42.69,35.06,26.31,100.00,78.57,FUZZY"
2026-05-13T13:27:27,3040.12,42.69,35.06,26.31,100.0,78.55,,FUZZY,"42.69,35.06,26.31,100.00,78.55,FUZZY"
2026-05-13T13:27:28,3041.52,42.69,35.06,26.31,100.0,78.53,,FUZZY,"42.69,35.06,26.31,100.00,78.53,FUZZY"
2026-05-13T13:27:30,3042.93,42.69,35.06,26.37,100.0,78.94,,FUZZY,"42.69,35.06,26.37,100.00,78.94,FUZZY"
2026-05-13T13:27:31,3044.33,42.69,35.06,26.31,100.0,78.83,,FUZZY,"42.69,35.06,26.31,100.00,78.83,FUZZY"
2026-05-13T13:27:32,3045.74,42.63,35.06,26.31,100.0,78.77,,FUZZY,"42.63,35.06,26.31,100.00,78.77,FUZZY"
2026-05-13T13:27:34,3047.14,42.63,35.06,26.31,100.0,78.73,,FUZZY,"42.63,35.06,26.31,100.00,78.73,FUZZY"
2026-05-13T13:27:35,3048.55,42.63,35.06,26.37,100.0,79.12,,FUZZY,"42.63,35.06,26.37,100.00,79.12,FUZZY"
2026-05-13T13:27:37,3049.95,42.56,35.06,26.31,100.0,79.02,,FUZZY,"42.56,35.06,26.31,100.00,79.02,FUZZY"
2026-05-13T13:27:38,3051.36,42.5,35.06,26.37,100.0,79.4,,FUZZY,"42.50,35.06,26.37,100.00,79.40,FUZZY"
2026-05-13T13:27:40,3052.76,42.5,35.06,26.37,100.0,79.67,,FUZZY,"42.50,35.06,26.37,100.00,79.67,FUZZY"
2026-05-13T13:27:41,3054.17,42.44,35.06,26.37,100.0,79.9,,FUZZY,"42.44,35.06,26.37,100.00,79.90,FUZZY"
2026-05-13T13:27:42,3055.58,42.44,35.06,26.37,100.0,80.08,,FUZZY,"42.44,35.06,26.37,100.00,80.08,FUZZY"
2026-05-13T13:27:44,3056.98,42.38,35.06,26.37,100.0,80.23,,FUZZY,"42.38,35.06,26.37,100.00,80.23,FUZZY"
2026-05-13T13:27:45,3058.39,42.38,35.06,26.37,100.0,80.34,,FUZZY,"42.38,35.06,26.37,100.00,80.34,FUZZY"
2026-05-13T13:27:47,3059.79,42.25,35.06,26.37,100.0,80.47,,FUZZY,"42.25,35.06,26.37,100.00,80.47,FUZZY"
2026-05-13T13:27:48,3061.2,42.25,35.06,26.37,100.0,80.56,,FUZZY,"42.25,35.06,26.37,100.00,80.56,FUZZY"
2026-05-13T13:27:49,3062.6,42.19,35.06,26.37,100.0,80.65,,FUZZY,"42.19,35.06,26.37,100.00,80.65,FUZZY"
2026-05-13T13:27:51,3064.01,42.13,35.06,26.37,100.0,80.74,,FUZZY,"42.13,35.06,26.37,100.00,80.74,FUZZY"
2026-05-13T13:27:52,3065.41,42.13,35.06,26.37,100.0,80.81,,FUZZY,"42.13,35.06,26.37,100.00,80.81,FUZZY"
2026-05-13T13:27:54,3066.82,42.0,35.06,26.37,100.0,80.89,,FUZZY,"42.00,35.06,26.37,100.00,80.89,FUZZY"
2026-05-13T13:27:55,3068.22,42.0,35.06,26.37,100.0,80.95,,FUZZY,"42.00,35.06,26.37,100.00,80.95,FUZZY"
2026-05-13T13:27:56,3069.63,41.94,35.06,26.37,100.0,81.01,,FUZZY,"41.94,35.06,26.37,100.00,81.01,FUZZY"
2026-05-13T13:27:58,3071.03,41.88,35.06,26.37,100.0,81.07,,FUZZY,"41.88,35.06,26.37,100.00,81.07,FUZZY"
2026-05-13T13:27:59,3072.44,41.81,35.06,26.37,100.0,81.13,,FUZZY,"41.81,35.06,26.37,100.00,81.13,FUZZY"
2026-05-13T13:28:01,3073.84,41.75,35.06,26.37,100.0,81.19,,FUZZY,"41.75,35.06,26.37,100.00,81.19,FUZZY"
2026-05-13T13:28:02,3075.25,41.69,35.06,26.37,100.0,81.24,,FUZZY,"41.69,35.06,26.37,100.00,81.24,FUZZY"
2026-05-13T13:28:03,3076.65,41.63,35.06,26.37,100.0,81.3,,FUZZY,"41.63,35.06,26.37,100.00,81.30,FUZZY"
2026-05-13T13:28:05,3078.06,41.63,35.06,26.37,100.0,81.33,,FUZZY,"41.63,35.06,26.37,100.00,81.33,FUZZY"
2026-05-13T13:28:06,3079.46,41.5,35.13,26.37,100.0,81.38,,FUZZY,"41.50,35.13,26.37,100.00,81.38,FUZZY"
2026-05-13T13:28:08,3080.87,41.44,35.06,26.37,100.0,81.43,,FUZZY,"41.44,35.06,26.37,100.00,81.43,FUZZY"
2026-05-13T13:28:09,3082.28,41.38,35.06,26.37,100.0,81.48,,FUZZY,"41.38,35.06,26.37,100.00,81.48,FUZZY"
2026-05-13T13:28:10,3083.68,41.38,35.06,26.37,100.0,81.51,,FUZZY,"41.38,35.06,26.37,100.00,81.51,FUZZY"
2026-05-13T13:28:12,3085.09,41.31,35.06,26.37,100.0,81.54,,FUZZY,"41.31,35.06,26.37,100.00,81.54,FUZZY"
2026-05-13T13:28:13,3086.49,41.25,35.06,26.37,100.0,81.58,,FUZZY,"41.25,35.06,26.37,100.00,81.58,FUZZY"
2026-05-13T13:28:15,3087.9,41.19,35.06,26.37,100.0,81.61,,FUZZY,"41.19,35.06,26.37,100.00,81.61,FUZZY"
2026-05-13T13:28:16,3089.3,41.13,35.06,26.37,100.0,81.63,,FUZZY,"41.13,35.06,26.37,100.00,81.63,FUZZY"
2026-05-13T13:28:17,3090.71,41.06,35.06,26.37,100.0,81.66,,FUZZY,"41.06,35.06,26.37,100.00,81.66,FUZZY"
2026-05-13T13:28:19,3092.11,41.0,35.06,26.37,100.0,81.69,,FUZZY,"41.00,35.06,26.37,100.00,81.69,FUZZY"
2026-05-13T13:28:20,3093.52,40.94,35.06,26.37,100.0,81.71,,FUZZY,"40.94,35.06,26.37,100.00,81.71,FUZZY"
2026-05-13T13:28:22,3094.92,40.88,35.06,26.37,100.0,81.72,,FUZZY,"40.88,35.06,26.37,100.00,81.72,FUZZY"
2026-05-13T13:28:23,3096.33,40.81,35.06,26.44,100.0,82.2,,FUZZY,"40.81,35.06,26.44,100.00,82.20,FUZZY"
2026-05-13T13:28:24,3097.74,40.75,35.06,26.37,100.0,82.09,,FUZZY,"40.75,35.06,26.37,100.00,82.09,FUZZY"
2026-05-13T13:28:26,3099.14,40.69,35.0,26.37,100.0,82.01,,FUZZY,"40.69,35.00,26.37,100.00,82.01,FUZZY"
2026-05-13T13:28:27,3100.55,40.63,35.0,26.37,100.0,81.95,,FUZZY,"40.63,35.00,26.37,100.00,81.95,FUZZY"
2026-05-13T13:28:29,3101.95,40.56,35.0,26.37,100.0,81.91,,FUZZY,"40.56,35.00,26.37,100.00,81.91,FUZZY"
2026-05-13T13:28:30,3103.36,40.5,35.0,26.37,100.0,81.87,,FUZZY,"40.50,35.00,26.37,100.00,81.87,FUZZY"
2026-05-13T13:28:32,3104.76,40.44,35.0,26.37,100.0,81.85,,FUZZY,"40.44,35.00,26.37,100.00,81.85,FUZZY"
2026-05-13T13:28:33,3106.17,40.38,35.0,26.37,100.0,81.83,,FUZZY,"40.38,35.00,26.37,100.00,81.83,FUZZY"
2026-05-13T13:28:34,3107.58,40.38,35.0,26.37,100.0,81.81,,FUZZY,"40.38,35.00,26.37,100.00,81.81,FUZZY"
2026-05-13T13:28:36,3108.98,40.31,35.0,26.37,100.0,81.8,,FUZZY,"40.31,35.00,26.37,100.00,81.80,FUZZY"
2026-05-13T13:28:37,3110.39,40.19,35.0,26.37,100.0,81.79,,FUZZY,"40.19,35.00,26.37,100.00,81.79,FUZZY"
2026-05-13T13:28:39,3111.79,40.19,35.0,26.37,100.0,81.79,,FUZZY,"40.19,35.00,26.37,100.00,81.79,FUZZY"
2026-05-13T13:28:40,3113.2,40.13,35.0,26.37,100.0,81.78,,FUZZY,"40.13,35.00,26.37,100.00,81.78,FUZZY"
2026-05-13T13:28:41,3114.6,40.0,35.0,26.37,100.0,81.76,,FUZZY,"40.00,35.00,26.37,100.00,81.76,FUZZY"
2026-05-13T13:28:43,3116.01,40.0,35.0,26.37,100.0,81.75,,FUZZY,"40.00,35.00,26.37,100.00,81.75,FUZZY"
2026-05-13T13:28:44,3117.41,39.94,34.94,26.37,100.0,81.73,,FUZZY,"39.94,34.94,26.37,100.00,81.73,FUZZY"
2026-05-13T13:28:46,3118.82,39.88,35.0,26.37,100.0,81.71,,FUZZY,"39.88,35.00,26.37,100.00,81.71,FUZZY"
2026-05-13T13:28:47,3120.22,39.81,35.0,26.37,100.0,81.67,,FUZZY,"39.81,35.00,26.37,100.00,81.67,FUZZY"
2026-05-13T13:28:48,3121.63,39.75,34.94,26.37,100.0,81.64,,FUZZY,"39.75,34.94,26.37,100.00,81.64,FUZZY"
2026-05-13T13:28:50,3123.03,39.69,34.94,26.37,100.0,81.6,,FUZZY,"39.69,34.94,26.37,100.00,81.60,FUZZY"
2026-05-13T13:28:51,3124.44,39.63,34.94,26.37,100.0,81.56,,FUZZY,"39.63,34.94,26.37,100.00,81.56,FUZZY"
2026-05-13T13:28:53,3125.85,39.56,34.94,26.37,100.0,81.51,,FUZZY,"39.56,34.94,26.37,100.00,81.51,FUZZY"
2026-05-13T13:28:54,3127.25,39.56,34.94,26.37,100.0,81.47,,FUZZY,"39.56,34.94,26.37,100.00,81.47,FUZZY"
2026-05-13T13:28:55,3128.66,39.44,34.94,26.37,100.0,81.02,,FUZZY,"39.44,34.94,26.37,100.00,81.02,FUZZY"
2026-05-13T13:28:57,3130.07,39.44,34.94,26.37,100.0,80.68,,FUZZY,"39.44,34.94,26.37,100.00,80.68,FUZZY"
2026-05-13T13:28:58,3131.49,39.38,34.94,26.37,100.0,80.04,,FUZZY,"39.38,34.94,26.37,100.00,80.04,FUZZY"
2026-05-13T13:29:00,3132.9,39.31,34.94,26.37,100.0,79.19,,FUZZY,"39.31,34.94,26.37,100.00,79.19,FUZZY"
2026-05-13T13:29:01,3134.31,39.25,34.94,26.37,100.0,78.2,,FUZZY,"39.25,34.94,26.37,100.00,78.20,FUZZY"
2026-05-13T13:29:02,3135.72,39.19,34.88,26.37,100.0,77.12,,FUZZY,"39.19,34.88,26.37,100.00,77.12,FUZZY"
2026-05-13T13:29:04,3137.13,39.13,34.88,26.37,100.0,75.97,,FUZZY,"39.13,34.88,26.37,100.00,75.97,FUZZY"
2026-05-13T13:29:05,3138.55,39.13,34.88,26.37,100.0,75.12,,FUZZY,"39.13,34.88,26.37,100.00,75.12,FUZZY"
2026-05-13T13:29:07,3139.96,39.06,34.88,26.37,100.0,74.15,,FUZZY,"39.06,34.88,26.37,100.00,74.15,FUZZY"
2026-05-13T13:29:08,3141.37,39.0,34.88,26.37,100.0,73.1,,FUZZY,"39.00,34.88,26.37,100.00,73.10,FUZZY"
2026-05-13T13:29:10,3142.78,39.0,34.88,26.37,100.0,72.32,,FUZZY,"39.00,34.88,26.37,100.00,72.32,FUZZY"
2026-05-13T13:29:11,3144.2,38.88,34.88,26.37,100.0,71.14,,FUZZY,"38.88,34.88,26.37,100.00,71.14,FUZZY"
2026-05-13T13:29:12,3145.61,38.94,34.88,26.37,100.0,70.54,,FUZZY,"38.94,34.88,26.37,100.00,70.54,FUZZY"
2026-05-13T13:29:14,3147.02,38.81,34.88,26.37,95.8,69.52,,FUZZY,"38.81,34.88,26.37,95.80,69.52,FUZZY"
2026-05-13T13:29:15,3148.43,38.81,34.88,26.37,98.32,68.76,,FUZZY,"38.81,34.88,26.37,98.32,68.76,FUZZY"
2026-05-13T13:29:17,3149.85,38.75,34.88,26.37,93.33,67.92,,FUZZY,"38.75,34.88,26.37,93.33,67.92,FUZZY"
2026-05-13T13:29:18,3151.26,38.75,34.81,26.37,96.73,67.29,,FUZZY,"38.75,34.81,26.37,96.73,67.29,FUZZY"
2026-05-13T13:29:19,3152.67,38.69,34.81,26.37,98.69,66.56,,FUZZY,"38.69,34.81,26.37,98.69,66.56,FUZZY"
2026-05-13T13:29:21,3154.08,38.63,34.81,26.37,93.48,65.75,,FUZZY,"38.63,34.81,26.37,93.48,65.75,FUZZY"
2026-05-13T13:29:22,3155.49,38.56,34.81,26.37,97.39,64.9,,FUZZY,"38.56,34.81,26.37,97.39,64.90,FUZZY"
2026-05-13T13:29:24,3156.91,38.5,34.81,26.37,98.96,64.01,,FUZZY,"38.50,34.81,26.37,98.96,64.01,FUZZY"
2026-05-13T13:29:25,3158.32,38.5,34.81,26.37,91.78,63.35,,FUZZY,"38.50,34.81,26.37,91.78,63.35,FUZZY"
2026-05-13T13:29:26,3159.73,38.5,34.81,26.31,96.71,62.9,,FUZZY,"38.50,34.81,26.31,96.71,62.90,FUZZY"
2026-05-13T13:29:28,3161.14,38.44,34.75,26.31,98.09,62.34,,FUZZY,"38.44,34.75,26.31,98.09,62.34,FUZZY"
2026-05-13T13:29:29,3162.56,38.44,34.75,26.37,99.23,61.85,,FUZZY,"38.44,34.75,26.37,99.23,61.85,FUZZY"
2026-05-13T13:29:31,3163.97,38.38,34.75,26.31,99.69,61.33,,FUZZY,"38.38,34.75,26.31,99.69,61.33,FUZZY"
2026-05-13T13:29:32,3165.38,38.31,34.75,26.31,99.88,60.71,,FUZZY,"38.31,34.75,26.31,99.88,60.71,FUZZY"
2026-05-13T13:29:34,3166.79,38.31,34.75,26.37,95.75,60.15,,FUZZY,"38.31,34.75,26.37,95.75,60.15,FUZZY"
2026-05-13T13:29:35,3168.21,38.31,34.75,26.31,76.7,59.82,,FUZZY,"38.31,34.75,26.31,76.70,59.82,FUZZY"
2026-05-13T13:29:36,3169.63,38.25,34.75,26.37,72.08,60.54,,FUZZY,"38.25,34.75,26.37,72.08,60.54,FUZZY"
2026-05-13T13:29:38,3171.04,38.19,34.75,26.31,88.83,59.67,,FUZZY,"38.19,34.75,26.31,88.83,59.67,FUZZY"
2026-05-13T13:29:39,3172.46,38.19,34.69,26.31,92.53,59.01,,FUZZY,"38.19,34.69,26.31,92.53,59.01,FUZZY"
2026-05-13T13:29:41,3173.87,38.19,34.75,26.37,84.41,58.39,,FUZZY,"38.19,34.75,26.37,84.41,58.39,FUZZY"
2026-05-13T13:29:42,3175.28,38.13,34.69,26.31,84.17,57.83,,FUZZY,"38.13,34.69,26.31,84.17,57.83,FUZZY"
2026-05-13T13:29:43,3176.69,38.13,34.69,26.31,89.47,57.41,,FUZZY,"38.13,34.69,26.31,89.47,57.41,FUZZY"
2026-05-13T13:29:45,3178.1,38.06,34.69,26.37,78.99,56.71,,FUZZY,"38.06,34.69,26.37,78.99,56.71,FUZZY"
2026-05-13T13:29:46,3179.52,38.06,34.63,26.37,83.19,56.18,,FUZZY,"38.06,34.63,26.37,83.19,56.18,FUZZY"
2026-05-13T13:29:48,3180.93,38.0,34.69,26.37,91.48,55.53,,FUZZY,"38.00,34.69,26.37,91.48,55.53,FUZZY"
2026-05-13T13:29:49,3182.35,38.0,34.63,26.37,74.39,55.51,,FUZZY,"38.00,34.63,26.37,74.39,55.51,FUZZY"
2026-05-13T13:29:51,3183.77,37.94,34.63,26.37,62.76,57.87,,FUZZY,"37.94,34.63,26.37,62.76,57.87,FUZZY"
2026-05-13T13:29:52,3185.18,37.94,34.63,26.37,64.7,59.64,,FUZZY,"37.94,34.63,26.37,64.70,59.64,FUZZY"
2026-05-13T13:29:53,3186.59,37.88,34.63,26.37,82.88,57.61,,FUZZY,"37.88,34.63,26.37,82.88,57.61,FUZZY"
2026-05-13T13:29:55,3188.0,37.88,34.63,26.37,93.15,56.09,,FUZZY,"37.88,34.63,26.37,93.15,56.09,FUZZY"
2026-05-13T13:29:56,3189.41,37.88,34.63,26.37,88.26,54.95,,FUZZY,"37.88,34.63,26.37,88.26,54.95,FUZZY"
2026-05-13T13:29:58,3190.83,37.81,34.63,26.37,78.5,53.76,,FUZZY,"37.81,34.63,26.37,78.50,53.76,FUZZY"
2026-05-13T13:29:59,3192.24,37.81,34.56,26.37,78.2,52.86,,FUZZY,"37.81,34.56,26.37,78.20,52.86,FUZZY"
2026-05-13T13:30:00,3193.66,37.75,34.56,26.37,70.28,55.27,,FUZZY,"37.75,34.56,26.37,70.28,55.27,FUZZY"
2026-05-13T13:30:02,3195.07,37.75,34.56,26.37,64.11,57.42,,FUZZY,"37.75,34.56,26.37,64.11,57.42,FUZZY"
2026-05-13T13:30:03,3196.48,37.69,34.56,26.37,56.24,58.93,,FUZZY,"37.69,34.56,26.37,56.24,58.93,FUZZY"
2026-05-13T13:30:05,3197.9,37.69,34.56,26.37,62.1,60.07,,FUZZY,"37.69,34.56,26.37,62.10,60.07,FUZZY"
2026-05-13T13:30:06,3199.31,37.69,34.56,26.37,84.84,56.82,,FUZZY,"37.69,34.56,26.37,84.84,56.82,FUZZY"
2026-05-13T13:30:07,3200.72,37.69,34.56,26.44,93.94,54.39,,FUZZY,"37.69,34.56,26.44,93.94,54.39,FUZZY"
2026-05-13T13:30:09,3202.13,37.63,34.56,26.44,85.57,52.15,,FUZZY,"37.63,34.56,26.44,85.57,52.15,FUZZY"
2026-05-13T13:30:10,3203.54,37.63,34.5,26.37,65.43,54.89,,FUZZY,"37.63,34.50,26.37,65.43,54.89,FUZZY"
2026-05-13T13:30:12,3204.97,37.56,34.5,26.44,74.17,52.8,,FUZZY,"37.56,34.50,26.44,74.17,52.80,FUZZY"
2026-05-13T13:30:13,3206.38,37.56,34.5,26.44,66.87,55.78,,FUZZY,"37.56,34.50,26.44,66.87,55.78,FUZZY"
2026-05-13T13:30:15,3207.79,37.56,34.5,26.37,81.35,52.73,,FUZZY,"37.56,34.50,26.37,81.35,52.73,FUZZY"
2026-05-13T13:30:16,3209.19,37.5,34.5,26.37,81.74,49.96,,FUZZY,"37.50,34.50,26.37,81.74,49.96,FUZZY"
2026-05-13T13:30:17,3210.6,37.5,34.5,26.44,78.3,47.88,,FUZZY,"37.50,34.50,26.44,78.30,47.88,FUZZY"
2026-05-13T13:30:19,3212.01,37.5,34.5,26.37,49.92,50.9,,FUZZY,"37.50,34.50,26.37,49.92,50.90,FUZZY"
2026-05-13T13:30:20,3213.42,37.44,34.5,26.37,53.57,53.67,,FUZZY,"37.44,34.50,26.37,53.57,53.67,FUZZY"
2026-05-13T13:30:22,3214.82,37.44,34.44,26.44,64.03,56.4,,FUZZY,"37.44,34.44,26.44,64.03,56.40,FUZZY"
2026-05-13T13:30:23,3216.23,37.44,34.44,26.37,62.81,57.9,,FUZZY,"37.44,34.44,26.37,62.81,57.90,FUZZY"
2026-05-13T13:30:24,3217.64,37.38,34.44,26.37,70.72,58.26,,FUZZY,"37.38,34.44,26.37,70.72,58.26,FUZZY"
2026-05-13T13:30:26,3219.05,37.38,34.44,26.37,88.29,54.1,,FUZZY,"37.38,34.44,26.37,88.29,54.10,FUZZY"
2026-05-13T13:30:27,3220.45,37.38,34.44,26.37,92.32,50.99,,FUZZY,"37.38,34.44,26.37,92.32,50.99,FUZZY"
2026-05-13T13:30:29,3221.86,37.31,34.44,26.37,72.93,51.02,,FUZZY,"37.31,34.44,26.37,72.93,51.02,FUZZY"
2026-05-13T13:30:30,3223.27,37.31,34.44,26.37,60.37,53.9,,FUZZY,"37.31,34.44,26.37,60.37,53.90,FUZZY"
2026-05-13T13:30:31,3224.68,37.31,34.44,26.37,75.15,50.82,,FUZZY,"37.31,34.44,26.37,75.15,50.82,FUZZY"
2026-05-13T13:30:33,3226.08,37.31,34.38,26.37,65.46,53.68,,FUZZY,"37.31,34.38,26.37,65.46,53.68,FUZZY"
2026-05-13T13:30:34,3227.49,37.25,34.38,26.37,56.78,55.91,,FUZZY,"37.25,34.38,26.37,56.78,55.91,FUZZY"
2026-05-13T13:30:36,3228.89,37.25,34.38,26.37,55.71,57.55,,FUZZY,"37.25,34.38,26.37,55.71,57.55,FUZZY"
2026-05-13T13:30:37,3230.3,37.25,34.38,26.37,51.09,58.37,,FUZZY,"37.25,34.38,26.37,51.09,58.37,FUZZY"
2026-05-13T13:30:38,3231.71,37.19,34.38,26.37,76.83,54.19,,FUZZY,"37.19,34.38,26.37,76.83,54.19,FUZZY"
2026-05-13T13:30:40,3233.11,37.19,34.38,26.37,51.73,55.94,,FUZZY,"37.19,34.38,26.37,51.73,55.94,FUZZY"
2026-05-13T13:30:41,3234.52,37.19,34.38,26.37,71.69,56.28,,FUZZY,"37.19,34.38,26.37,71.69,56.28,FUZZY"
2026-05-13T13:30:43,3235.93,37.19,34.31,26.37,65.28,57.78,,FUZZY,"37.19,34.31,26.37,65.28,57.78,FUZZY"
2026-05-13T13:30:44,3237.34,37.13,34.31,26.37,71.71,57.63,,FUZZY,"37.13,34.31,26.37,71.71,57.63,FUZZY"
2026-05-13T13:30:46,3238.75,37.13,34.31,26.37,74.88,53.75,,FUZZY,"37.13,34.31,26.37,74.88,53.75,FUZZY"
2026-05-13T13:30:47,3240.16,37.13,34.31,26.37,62.95,55.98,,FUZZY,"37.13,34.31,26.37,62.95,55.98,FUZZY"
2026-05-13T13:30:48,3241.56,37.13,34.31,26.37,79.18,52.4,,FUZZY,"37.13,34.31,26.37,79.18,52.40,FUZZY"
2026-05-13T13:30:50,3242.97,37.06,34.31,26.37,84.47,49.71,,FUZZY,"37.06,34.31,26.37,84.47,49.71,FUZZY"
2026-05-13T13:30:51,3244.38,37.06,34.31,26.37,58.99,52.96,,FUZZY,"37.06,34.31,26.37,58.99,52.96,FUZZY"
2026-05-13T13:30:53,3245.78,37.06,34.31,26.37,59.6,55.4,,FUZZY,"37.06,34.31,26.37,59.60,55.40,FUZZY"
2026-05-13T13:30:54,3247.19,37.0,34.31,26.37,71.24,56.22,,FUZZY,"37.00,34.31,26.37,71.24,56.22,FUZZY"
2026-05-13T13:30:55,3248.6,37.0,34.31,26.37,62.7,57.85,,FUZZY,"37.00,34.31,26.37,62.70,57.85,FUZZY"
2026-05-13T13:30:57,3250.01,37.0,34.31,26.37,82.08,53.8,,FUZZY,"37.00,34.31,26.37,82.08,53.80,FUZZY"
2026-05-13T13:30:58,3251.41,37.0,34.31,26.37,59.23,56.04,,FUZZY,"37.00,34.31,26.37,59.23,56.04,FUZZY"
2026-05-13T13:31:00,3252.82,37.0,34.25,26.44,64.49,58.18,,FUZZY,"37.00,34.25,26.44,64.49,58.18,FUZZY"
2026-05-13T13:31:01,3254.22,36.94,34.25,26.44,85.8,54.05,,FUZZY,"36.94,34.25,26.44,85.80,54.05,FUZZY"
2026-05-13T13:31:02,3255.63,36.94,34.25,26.44,79.32,50.95,,FUZZY,"36.94,34.25,26.44,79.32,50.95,FUZZY"
2026-05-13T13:31:04,3257.03,36.94,34.25,26.44,79.73,48.63,,FUZZY,"36.94,34.25,26.44,79.73,48.63,FUZZY"
2026-05-13T13:31:05,3258.44,36.94,34.25,26.44,76.29,46.87,,FUZZY,"36.94,34.25,26.44,76.29,46.87,FUZZY"
2026-05-13T13:31:07,3259.85,36.88,34.25,26.37,64.72,50.76,,FUZZY,"36.88,34.25,26.37,64.72,50.76,FUZZY"
2026-05-13T13:31:08,3261.26,36.88,34.25,26.44,49.89,53.81,,FUZZY,"36.88,34.25,26.44,49.89,53.81,FUZZY"
2026-05-13T13:31:09,3262.66,36.88,34.25,26.37,58.95,56.05,,FUZZY,"36.88,34.25,26.37,58.95,56.05,FUZZY"
2026-05-13T13:31:11,3264.07,36.88,34.19,26.37,63.78,57.69,,FUZZY,"36.88,34.19,26.37,63.78,57.69,FUZZY"
2026-05-13T13:31:12,3265.48,36.88,34.25,26.44,80.71,53.68,,FUZZY,"36.88,34.25,26.44,80.71,53.68,FUZZY"
2026-05-13T13:31:14,3266.89,36.81,34.19,26.44,71.89,54.33,,FUZZY,"36.81,34.19,26.44,71.89,54.33,FUZZY"
2026-05-13T13:31:15,3268.29,36.81,34.19,26.44,60.55,56.95,,FUZZY,"36.81,34.19,26.44,60.55,56.95,FUZZY"
2026-05-13T13:31:16,3269.7,36.81,34.19,26.44,48.82,58.25,,FUZZY,"36.81,34.19,26.44,48.82,58.25,FUZZY"
2026-05-13T13:31:18,3271.11,36.81,34.19,26.44,68.73,59.6,,FUZZY,"36.81,34.19,26.44,68.73,59.60,FUZZY"
2026-05-13T13:31:19,3272.52,36.81,34.19,26.44,87.49,55.11,,FUZZY,"36.81,34.19,26.44,87.49,55.11,FUZZY"
2026-05-13T13:31:21,3273.93,36.81,34.19,26.44,74.0,52.88,,FUZZY,"36.81,34.19,26.44,74.00,52.88,FUZZY"
2026-05-13T13:31:22,3275.33,36.75,34.19,26.44,60.8,55.87,,FUZZY,"36.75,34.19,26.44,60.80,55.87,FUZZY"
2026-05-13T13:31:24,3276.75,36.75,34.19,26.44,72.32,55.42,,FUZZY,"36.75,34.19,26.44,72.32,55.42,FUZZY"
2026-05-13T13:31:25,3278.15,36.75,34.13,26.44,78.13,51.97,,FUZZY,"36.75,34.13,26.44,78.13,51.97,FUZZY"
2026-05-13T13:31:26,3279.56,36.75,34.13,26.44,84.05,49.4,,FUZZY,"36.75,34.13,26.44,84.05,49.40,FUZZY"
2026-05-13T13:31:28,3280.96,36.75,34.13,26.44,62.42,53.25,,FUZZY,"36.75,34.13,26.44,62.42,53.25,FUZZY"
2026-05-13T13:31:29,3282.37,36.69,34.13,26.44,66.37,56.01,,FUZZY,"36.69,34.13,26.44,66.37,56.01,FUZZY"
2026-05-13T13:31:31,3283.78,36.69,34.13,26.44,68.55,57.93,,FUZZY,"36.69,34.13,26.44,68.55,57.93,FUZZY"
2026-05-13T13:31:32,3285.18,36.69,34.13,26.44,56.22,59.62,,FUZZY,"36.69,34.13,26.44,56.22,59.62,FUZZY"
2026-05-13T13:31:33,3286.59,36.69,34.13,26.44,82.49,55.13,,FUZZY,"36.69,34.13,26.44,82.49,55.13,FUZZY"
2026-05-13T13:31:35,3287.99,36.69,34.13,26.44,91.8,51.77,,FUZZY,"36.69,34.13,26.44,91.80,51.77,FUZZY"
2026-05-13T13:31:36,3289.41,36.63,34.13,26.44,70.92,54.21,,FUZZY,"36.63,34.13,26.44,70.92,54.21,FUZZY"
2026-05-13T13:31:38,3290.81,36.63,34.13,26.44,82.97,51.07,,FUZZY,"36.63,34.13,26.44,82.97,51.07,FUZZY"
2026-05-13T13:31:39,3292.22,36.63,34.13,26.44,81.79,48.72,,FUZZY,"36.63,34.13,26.44,81.79,48.72,FUZZY"
2026-05-13T13:31:40,3293.62,36.63,34.13,26.44,69.91,52.31,,FUZZY,"36.63,34.13,26.44,69.91,52.31,FUZZY"
2026-05-13T13:31:42,3295.03,36.63,34.06,26.44,75.97,49.63,,FUZZY,"36.63,34.06,26.44,75.97,49.63,FUZZY"
2026-05-13T13:31:43,3296.44,36.63,34.13,26.44,66.39,53.3,,FUZZY,"36.63,34.13,26.44,66.39,53.30,FUZZY"
2026-05-13T13:31:45,3297.84,36.63,34.13,26.5,57.15,56.8,,FUZZY,"36.63,34.13,26.50,57.15,56.80,FUZZY"
2026-05-13T13:31:46,3299.24,36.56,34.13,26.44,76.26,53.01,,FUZZY,"36.56,34.13,26.44,76.26,53.01,FUZZY"
2026-05-13T13:31:47,3300.65,36.56,34.06,26.5,58.7,56.59,,FUZZY,"36.56,34.06,26.50,58.70,56.59,FUZZY"
2026-05-13T13:31:49,3302.05,36.56,34.06,26.5,55.88,59.26,,FUZZY,"36.56,34.06,26.50,55.88,59.26,FUZZY"
2026-05-13T13:31:50,3303.46,36.5,34.06,26.5,69.75,61.24,,FUZZY,"36.50,34.06,26.50,69.75,61.24,FUZZY"
2026-05-13T13:31:52,3304.86,36.5,34.06,26.5,83.7,56.34,,FUZZY,"36.50,34.06,26.50,83.70,56.34,FUZZY"
2026-05-13T13:31:53,3306.26,36.5,34.13,26.44,78.48,52.67,,FUZZY,"36.50,34.13,26.44,78.48,52.67,FUZZY"
2026-05-13T13:31:54,3307.67,36.5,34.06,26.44,78.19,49.91,,FUZZY,"36.50,34.06,26.44,78.19,49.91,FUZZY"
2026-05-13T13:31:56,3309.08,36.5,34.06,26.44,61.28,53.65,,FUZZY,"36.50,34.06,26.44,61.28,53.65,FUZZY"
2026-05-13T13:31:57,3310.48,36.5,34.06,26.44,59.91,56.45,,FUZZY,"36.50,34.06,26.44,59.91,56.45,FUZZY"
2026-05-13T13:31:59,3311.89,36.5,34.06,26.44,70.16,58.07,,FUZZY,"36.50,34.06,26.44,70.16,58.07,FUZZY"
2026-05-13T13:32:00,3313.3,36.44,34.06,26.44,68.27,59.5,,FUZZY,"36.44,34.06,26.44,68.27,59.50,FUZZY"
2026-05-13T13:32:01,3314.71,36.44,34.06,26.44,86.11,55.04,,FUZZY,"36.44,34.06,26.44,86.11,55.04,FUZZY"
2026-05-13T13:32:03,3316.11,36.44,34.0,26.44,75.84,51.68,,FUZZY,"36.44,34.00,26.44,75.84,51.68,FUZZY"
2026-05-13T13:32:04,3317.52,36.44,34.0,26.44,61.54,54.97,,FUZZY,"36.44,34.00,26.44,61.54,54.97,FUZZY"
2026-05-13T13:32:06,3318.92,36.44,34.0,26.44,66.61,57.29,,FUZZY,"36.44,34.00,26.44,66.61,57.29,FUZZY"
2026-05-13T13:32:07,3320.33,36.44,34.0,26.44,62.65,59.16,,FUZZY,"36.44,34.00,26.44,62.65,59.16,FUZZY"
2026-05-13T13:32:08,3321.74,36.44,34.0,26.44,64.66,60.52,,FUZZY,"36.44,34.00,26.44,64.66,60.52,FUZZY"
2026-05-13T13:32:10,3323.14,36.38,34.0,26.44,85.86,55.8,,FUZZY,"36.38,34.00,26.44,85.86,55.80,FUZZY"
2026-05-13T13:32:11,3324.55,36.38,34.0,26.5,76.95,52.26,,FUZZY,"36.38,34.00,26.50,76.95,52.26,FUZZY"
2026-05-13T13:32:13,3325.95,36.38,34.0,26.44,81.18,49.61,,FUZZY,"36.38,34.00,26.44,81.18,49.61,FUZZY"
2026-05-13T13:32:14,3327.36,36.38,34.0,26.44,74.47,48.21,,FUZZY,"36.38,34.00,26.44,74.47,48.21,FUZZY"
2026-05-13T13:32:16,3328.77,36.38,34.0,26.44,66.39,52.23,,FUZZY,"36.38,34.00,26.44,66.39,52.23,FUZZY"
2026-05-13T13:32:17,3330.18,36.38,34.0,26.44,61.36,55.39,,FUZZY,"36.38,34.00,26.44,61.36,55.39,FUZZY"
2026-05-13T13:32:18,3331.58,36.38,34.0,26.44,69.54,57.36,,FUZZY,"36.38,34.00,26.44,69.54,57.36,FUZZY"
2026-05-13T13:32:20,3332.99,36.31,33.94,26.44,75.82,53.42,,FUZZY,"36.31,33.94,26.44,75.82,53.42,FUZZY"
2026-05-13T13:32:21,3334.39,36.31,34.0,26.44,84.33,50.48,,FUZZY,"36.31,34.00,26.44,84.33,50.48,FUZZY"
2026-05-13T13:32:23,3335.8,36.31,33.94,26.44,65.53,53.97,,FUZZY,"36.31,33.94,26.44,65.53,53.97,FUZZY"
2026-05-13T13:32:24,3337.21,36.31,33.94,26.44,69.41,56.32,,FUZZY,"36.31,33.94,26.44,69.41,56.32,FUZZY"
2026-05-13T13:32:25,3338.61,36.31,33.94,26.44,78.16,52.65,,FUZZY,"36.31,33.94,26.44,78.16,52.65,FUZZY"
2026-05-13T13:32:27,3340.02,36.31,33.94,26.44,69.07,55.36,,FUZZY,"36.31,33.94,26.44,69.07,55.36,FUZZY"
2026-05-13T13:32:28,3341.43,36.31,33.94,26.44,67.83,57.5,,FUZZY,"36.31,33.94,26.44,67.83,57.50,FUZZY"
2026-05-13T13:32:30,3342.83,36.25,33.94,26.44,87.13,53.54,,FUZZY,"36.25,33.94,26.44,87.13,53.54,FUZZY"
2026-05-13T13:32:31,3344.24,36.25,33.94,26.44,76.25,50.56,,FUZZY,"36.25,33.94,26.44,76.25,50.56,FUZZY"
2026-05-13T13:32:32,3345.65,36.25,33.94,26.44,73.1,50.5,,FUZZY,"36.25,33.94,26.44,73.10,50.50,FUZZY"
2026-05-13T13:32:34,3347.05,36.25,33.94,26.44,61.04,54.08,,FUZZY,"36.25,33.94,26.44,61.04,54.08,FUZZY"
2026-05-13T13:32:35,3348.46,36.25,33.94,26.44,52.62,56.58,,FUZZY,"36.25,33.94,26.44,52.62,56.58,FUZZY"
2026-05-13T13:32:37,3349.86,36.25,33.94,26.5,78.65,52.85,,FUZZY,"36.25,33.94,26.50,78.65,52.85,FUZZY"
2026-05-13T13:32:38,3351.28,36.19,33.94,26.44,70.46,55.32,,FUZZY,"36.19,33.94,26.44,70.46,55.32,FUZZY"
2026-05-13T13:32:39,3352.68,36.19,33.94,26.5,67.78,58.29,,FUZZY,"36.19,33.94,26.50,67.78,58.29,FUZZY"
2026-05-13T13:32:41,3354.08,36.19,33.88,26.44,82.91,54.13,,FUZZY,"36.19,33.88,26.44,82.91,54.13,FUZZY"
2026-05-13T13:32:42,3355.49,36.19,33.88,26.44,64.37,56.75,,FUZZY,"36.19,33.88,26.44,64.37,56.75,FUZZY"
2026-05-13T13:32:44,3356.89,36.19,33.94,26.5,77.35,52.97,,FUZZY,"36.19,33.94,26.50,77.35,52.97,FUZZY"
2026-05-13T13:32:45,3358.3,36.19,33.88,26.44,64.54,55.88,,FUZZY,"36.19,33.88,26.44,64.54,55.88,FUZZY"
2026-05-13T13:32:46,3359.71,36.19,33.88,26.5,49.22,58.69,,FUZZY,"36.19,33.88,26.50,49.22,58.69,FUZZY"
2026-05-13T13:32:48,3361.11,36.19,33.88,26.5,52.09,60.82,,FUZZY,"36.19,33.88,26.50,52.09,60.82,FUZZY"
2026-05-13T13:32:49,3362.51,36.19,33.88,26.5,80.83,56.03,,FUZZY,"36.19,33.88,26.50,80.83,56.03,FUZZY"
2026-05-13T13:32:51,3363.92,36.13,33.88,26.44,82.13,52.44,,FUZZY,"36.13,33.88,26.44,82.13,52.44,FUZZY"
2026-05-13T13:32:52,3365.32,36.13,33.88,26.44,81.45,49.74,,FUZZY,"36.13,33.88,26.44,81.45,49.74,FUZZY"
2026-05-13T13:32:53,3366.73,36.13,33.88,26.5,65.58,54.13,,FUZZY,"36.13,33.88,26.50,65.58,54.13,FUZZY"
2026-05-13T13:32:55,3368.13,36.13,33.88,26.44,61.63,56.8,,FUZZY,"36.13,33.88,26.44,61.63,56.80,FUZZY"
2026-05-13T13:32:56,3369.54,36.13,33.88,26.44,84.65,53.02,,FUZZY,"36.13,33.88,26.44,84.65,53.02,FUZZY"
2026-05-13T13:32:58,3370.95,36.06,33.88,26.44,73.46,51.91,,FUZZY,"36.06,33.88,26.44,73.46,51.91,FUZZY"
2026-05-13T13:32:59,3372.36,36.13,33.88,26.44,65.38,55.05,,FUZZY,"36.13,33.88,26.44,65.38,55.05,FUZZY"
2026-05-13T13:33:01,3373.76,36.06,33.88,26.44,55.55,57.44,,FUZZY,"36.06,33.88,26.44,55.55,57.44,FUZZY"
2026-05-13T13:33:02,3375.17,36.06,33.88,26.44,76.82,53.49,,FUZZY,"36.06,33.88,26.44,76.82,53.49,FUZZY"
2026-05-13T13:33:03,3376.58,36.06,33.81,26.44,81.13,50.53,,FUZZY,"36.06,33.81,26.44,81.13,50.53,FUZZY"
2026-05-13T13:33:05,3377.98,36.06,33.88,26.44,61.25,54.1,,FUZZY,"36.06,33.88,26.44,61.25,54.10,FUZZY"
2026-05-13T13:33:06,3379.39,36.06,33.81,26.44,72.5,53.86,,FUZZY,"36.06,33.81,26.44,72.50,53.86,FUZZY"
2026-05-13T13:33:08,3380.8,36.06,33.81,26.44,89.0,50.81,,FUZZY,"36.06,33.81,26.44,89.00,50.81,FUZZY"
2026-05-13T13:33:09,3382.2,36.06,33.88,26.44,75.8,48.51,,FUZZY,"36.06,33.88,26.44,75.80,48.51,FUZZY"
2026-05-13T13:33:10,3383.61,36.0,33.81,26.44,57.32,52.58,,FUZZY,"36.00,33.81,26.44,57.32,52.58,FUZZY"
2026-05-13T13:33:12,3385.02,36.0,33.81,26.44,43.93,56.23,,FUZZY,"36.00,33.81,26.44,43.93,56.23,FUZZY"
2026-05-13T13:33:13,3386.43,36.0,33.81,26.44,73.37,54.43,,FUZZY,"36.00,33.81,26.44,73.37,54.43,FUZZY"
2026-05-13T13:33:15,3387.83,36.0,33.81,26.44,61.15,57.02,,FUZZY,"36.00,33.81,26.44,61.15,57.02,FUZZY"
2026-05-13T13:33:16,3389.24,36.0,33.81,26.44,84.46,53.18,,FUZZY,"36.00,33.81,26.44,84.46,53.18,FUZZY"
2026-05-13T13:33:17,3390.65,36.0,33.81,26.44,60.18,56.08,,FUZZY,"36.00,33.81,26.44,60.18,56.08,FUZZY"
2026-05-13T13:33:19,3392.05,36.0,33.81,26.44,77.47,52.47,,FUZZY,"36.00,33.81,26.44,77.47,52.47,FUZZY"
2026-05-13T13:33:20,3393.46,36.0,33.81,26.44,83.19,49.77,,FUZZY,"36.00,33.81,26.44,83.19,49.77,FUZZY"
2026-05-13T13:33:22,3394.86,36.0,33.81,26.44,57.28,53.52,,FUZZY,"36.00,33.81,26.44,57.28,53.52,FUZZY"
2026-05-13T13:33:23,3396.27,36.0,33.81,26.44,57.71,56.33,,FUZZY,"36.00,33.81,26.44,57.71,56.33,FUZZY"
2026-05-13T13:33:24,3397.68,36.0,33.81,26.44,49.48,57.92,,FUZZY,"36.00,33.81,26.44,49.48,57.92,FUZZY"
2026-05-13T13:33:26,3399.09,36.0,33.81,26.44,76.19,53.84,,FUZZY,"36.00,33.81,26.44,76.19,53.84,FUZZY"
2026-05-13T13:33:27,3400.49,35.94,33.81,26.5,81.48,50.8,,FUZZY,"35.94,33.81,26.50,81.48,50.80,FUZZY"
2026-05-13T13:33:29,3401.89,35.94,33.81,26.5,86.59,48.51,,FUZZY,"35.94,33.81,26.50,86.59,48.51,FUZZY"
2026-05-13T13:33:30,3403.3,35.94,33.75,26.5,62.84,53.21,,FUZZY,"35.94,33.75,26.50,62.84,53.21,FUZZY"
2026-05-13T13:33:31,3404.7,35.94,33.75,26.5,49.13,56.69,,FUZZY,"35.94,33.75,26.50,49.13,56.69,FUZZY"
2026-05-13T13:33:33,3406.11,35.94,33.81,26.5,57.45,59.35,,FUZZY,"35.94,33.81,26.50,57.45,59.35,FUZZY"
2026-05-13T13:33:34,3407.51,35.94,33.75,26.5,78.78,54.92,,FUZZY,"35.94,33.75,26.50,78.78,54.92,FUZZY"
2026-05-13T13:33:36,3408.91,35.94,33.75,26.5,84.31,51.61,,FUZZY,"35.94,33.75,26.50,84.31,51.61,FUZZY"
2026-05-13T13:33:37,3410.31,35.94,33.75,26.5,62.53,55.53,,FUZZY,"35.94,33.75,26.50,62.53,55.53,FUZZY"
2026-05-13T13:33:38,3411.72,35.94,33.75,26.5,73.61,53.63,,FUZZY,"35.94,33.75,26.50,73.61,53.63,FUZZY"
2026-05-13T13:33:40,3413.13,35.94,33.75,26.5,73.24,52.63,,FUZZY,"35.94,33.75,26.50,73.24,52.63,FUZZY"
2026-05-13T13:33:41,3414.54,35.94,33.75,26.44,67.1,55.51,,FUZZY,"35.94,33.75,26.44,67.10,55.51,FUZZY"
2026-05-13T13:33:43,3415.94,35.94,33.75,26.5,58.64,58.46,,FUZZY,"35.94,33.75,26.50,58.64,58.46,FUZZY"
2026-05-13T13:33:44,3417.34,35.88,33.75,26.5,82.86,54.26,,FUZZY,"35.88,33.75,26.50,82.86,54.26,FUZZY"
2026-05-13T13:33:46,3418.75,35.94,33.75,26.5,72.14,54.43,,FUZZY,"35.94,33.75,26.50,72.14,54.43,FUZZY"
2026-05-13T13:33:47,3420.15,35.88,33.75,26.5,67.26,57.63,,FUZZY,"35.88,33.75,26.50,67.26,57.63,FUZZY"
2026-05-13T13:33:48,3421.56,35.88,33.75,26.5,61.7,60.05,,FUZZY,"35.88,33.75,26.50,61.70,60.05,FUZZY"
2026-05-13T13:33:50,3422.96,35.88,33.75,26.5,76.28,55.44,,FUZZY,"35.88,33.75,26.50,76.28,55.44,FUZZY"
2026-05-13T13:33:51,3424.37,35.88,33.75,26.5,72.51,54.86,,FUZZY,"35.88,33.75,26.50,72.51,54.86,FUZZY"
2026-05-13T13:33:53,3425.77,35.88,33.75,26.5,75.2,51.54,,FUZZY,"35.88,33.75,26.50,75.20,51.54,FUZZY"
2026-05-13T13:33:54,3427.18,35.88,33.75,26.5,70.28,55.0,,FUZZY,"35.88,33.75,26.50,70.28,55.00,FUZZY"
2026-05-13T13:33:55,3428.58,35.88,33.69,26.5,59.91,58.08,,FUZZY,"35.88,33.69,26.50,59.91,58.08,FUZZY"
2026-05-13T13:33:57,3429.99,35.88,33.75,26.5,70.17,60.08,,FUZZY,"35.88,33.75,26.50,70.17,60.08,FUZZY"
2026-05-13T13:33:58,3431.39,35.88,33.75,26.5,88.07,55.48,,FUZZY,"35.88,33.75,26.50,88.07,55.48,FUZZY"
2026-05-13T13:34:00,3432.79,35.88,33.75,26.5,86.23,52.02,,FUZZY,"35.88,33.75,26.50,86.23,52.02,FUZZY"
2026-05-13T13:34:01,3434.2,35.88,33.69,26.5,65.09,55.83,,FUZZY,"35.88,33.69,26.50,65.09,55.83,FUZZY"
2026-05-13T13:34:02,3435.6,35.81,33.69,26.5,67.44,58.68,,FUZZY,"35.81,33.69,26.50,67.44,58.68,FUZZY"
2026-05-13T13:34:04,3437.0,35.81,33.69,26.5,86.97,54.42,,FUZZY,"35.81,33.69,26.50,86.97,54.42,FUZZY"
2026-05-13T13:34:05,3438.41,35.81,33.69,26.5,94.79,51.23,,FUZZY,"35.81,33.69,26.50,94.79,51.23,FUZZY"
2026-05-13T13:34:07,3439.81,35.81,33.75,26.44,63.12,54.6,,FUZZY,"35.81,33.75,26.44,63.12,54.60,FUZZY"
2026-05-13T13:34:08,3441.22,35.81,33.69,26.5,63.05,57.78,,FUZZY,"35.81,33.69,26.50,63.05,57.78,FUZZY"
2026-05-13T13:34:09,3442.62,35.81,33.69,26.44,69.62,59.14,,FUZZY,"35.81,33.69,26.44,69.62,59.14,FUZZY"
2026-05-13T13:34:11,3444.03,35.81,33.69,26.44,87.85,54.77,,FUZZY,"35.81,33.69,26.44,87.85,54.77,FUZZY"
2026-05-13T13:34:12,3445.43,35.81,33.69,26.44,92.74,51.49,,FUZZY,"35.81,33.69,26.44,92.74,51.49,FUZZY"
2026-05-13T13:34:14,3446.84,35.81,33.69,26.44,77.9,49.03,,FUZZY,"35.81,33.69,26.44,77.90,49.03,FUZZY"
2026-05-13T13:34:15,3448.25,35.81,33.69,26.44,73.16,49.28,,FUZZY,"35.81,33.69,26.44,73.16,49.28,FUZZY"
2026-05-13T13:34:16,3449.65,35.81,33.69,26.5,66.46,53.77,,FUZZY,"35.81,33.69,26.50,66.46,53.77,FUZZY"
2026-05-13T13:34:18,3451.06,35.75,33.69,26.44,63.79,56.5,,FUZZY,"35.75,33.69,26.44,63.79,56.50,FUZZY"
2026-05-13T13:34:19,3452.46,35.81,33.69,26.5,69.31,59.17,,FUZZY,"35.81,33.69,26.50,69.31,59.17,FUZZY"
2026-05-13T13:34:21,3453.87,35.75,33.69,26.44,87.73,54.79,,FUZZY,"35.75,33.69,26.44,87.73,54.79,FUZZY"
2026-05-13T13:34:22,3455.27,35.81,33.69,26.5,89.09,51.5,,FUZZY,"35.81,33.69,26.50,89.09,51.50,FUZZY"
2026-05-13T13:34:23,3456.68,35.75,33.69,26.5,78.24,49.04,,FUZZY,"35.75,33.69,26.50,78.24,49.04,FUZZY"
2026-05-13T13:34:25,3458.08,35.75,33.63,26.5,69.09,53.57,,FUZZY,"35.75,33.63,26.50,69.09,53.57,FUZZY"
2026-05-13T13:34:26,3459.48,35.75,33.63,26.44,60.64,56.35,,FUZZY,"35.75,33.63,26.44,60.64,56.35,FUZZY"
2026-05-13T13:34:28,3460.89,35.75,33.63,26.5,56.66,59.09,,FUZZY,"35.75,33.63,26.50,56.66,59.09,FUZZY"
2026-05-13T13:34:29,3462.29,35.75,33.63,26.5,82.66,54.73,,FUZZY,"35.75,33.63,26.50,82.66,54.73,FUZZY"
2026-05-13T13:34:30,3463.7,35.75,33.63,26.44,85.26,51.46,,FUZZY,"35.75,33.63,26.44,85.26,51.46,FUZZY"
2026-05-13T13:34:32,3465.1,35.75,33.63,26.5,54.51,55.41,,FUZZY,"35.75,33.63,26.50,54.51,55.41,FUZZY"
2026-05-13T13:34:33,3466.5,35.75,33.63,26.5,59.6,58.38,,FUZZY,"35.75,33.63,26.50,59.60,58.38,FUZZY"
2026-05-13T13:34:35,3467.91,35.75,33.63,26.5,77.24,54.2,,FUZZY,"35.75,33.63,26.50,77.24,54.20,FUZZY"
2026-05-13T13:34:36,3469.31,35.75,33.69,26.44,77.7,51.06,,FUZZY,"35.75,33.69,26.44,77.70,51.06,FUZZY"
2026-05-13T13:34:37,3470.72,35.75,33.63,26.5,78.48,48.7,,FUZZY,"35.75,33.63,26.50,78.48,48.70,FUZZY"
2026-05-13T13:34:39,3472.12,35.75,33.63,26.5,65.59,53.34,,FUZZY,"35.75,33.63,26.50,65.59,53.34,FUZZY"
2026-05-13T13:34:40,3473.52,35.69,33.63,26.5,64.64,56.83,,FUZZY,"35.69,33.63,26.50,64.64,56.83,FUZZY"
2026-05-13T13:34:42,3474.93,35.75,33.63,26.5,84.05,53.03,,FUZZY,"35.75,33.63,26.50,84.05,53.03,FUZZY"
2026-05-13T13:34:43,3476.33,35.69,33.63,26.5,88.22,50.19,,FUZZY,"35.69,33.63,26.50,88.22,50.19,FUZZY"
2026-05-13T13:34:44,3477.73,35.69,33.63,26.44,88.09,48.05,,FUZZY,"35.69,33.63,26.44,88.09,48.05,FUZZY"
2026-05-13T13:34:46,3479.14,35.69,33.63,26.5,58.04,52.86,,FUZZY,"35.69,33.63,26.50,58.04,52.86,FUZZY"
2026-05-13T13:34:47,3480.54,35.69,33.63,26.5,57.41,56.47,,FUZZY,"35.69,33.63,26.50,57.41,56.47,FUZZY"
2026-05-13T13:34:49,3481.95,35.69,33.63,26.44,68.57,58.28,,FUZZY,"35.69,33.63,26.44,68.57,58.28,FUZZY"
2026-05-13T13:34:50,3483.35,35.69,33.63,26.5,73.03,56.37,,FUZZY,"35.69,33.63,26.50,73.03,56.37,FUZZY"
2026-05-13T13:34:52,3484.76,35.69,33.63,26.5,87.41,52.69,,FUZZY,"35.69,33.63,26.50,87.41,52.69,FUZZY"
2026-05-13T13:34:53,3486.17,35.69,33.63,26.44,70.96,54.83,,FUZZY,"35.69,33.63,26.44,70.96,54.83,FUZZY"
2026-05-13T13:34:54,3487.57,35.69,33.63,26.5,68.59,57.92,,FUZZY,"35.69,33.63,26.50,68.59,57.92,FUZZY"
2026-05-13T13:34:56,3488.98,35.69,33.63,26.5,65.23,60.26,,FUZZY,"35.69,33.63,26.50,65.23,60.26,FUZZY"
2026-05-13T13:34:57,3490.38,35.69,33.63,26.44,83.09,55.61,,FUZZY,"35.69,33.63,26.44,83.09,55.61,FUZZY"
2026-05-13T13:34:59,3491.79,35.69,33.63,26.44,86.64,52.12,,FUZZY,"35.69,33.63,26.44,86.64,52.12,FUZZY"
2026-05-13T13:35:00,3493.19,35.69,33.63,26.44,81.45,49.5,,FUZZY,"35.69,33.63,26.44,81.45,49.50,FUZZY"
2026-05-13T13:35:01,3494.59,35.63,33.63,26.5,53.58,53.94,,FUZZY,"35.63,33.63,26.50,53.58,53.94,FUZZY"
2026-05-13T13:35:03,3496.0,35.69,33.63,26.44,52.03,56.43,,FUZZY,"35.69,33.63,26.44,52.03,56.43,FUZZY"
2026-05-13T13:35:04,3497.41,35.63,33.63,26.44,55.01,58.45,,FUZZY,"35.63,33.63,26.44,55.01,58.45,FUZZY"
2026-05-13T13:35:06,3498.81,35.63,33.63,26.44,82.01,54.25,,FUZZY,"35.63,33.63,26.44,82.01,54.25,FUZZY"
2026-05-13T13:35:07,3500.22,35.63,33.63,26.5,65.8,57.5,,FUZZY,"35.63,33.63,26.50,65.80,57.50,FUZZY"
2026-05-13T13:35:08,3501.62,35.63,33.63,26.44,78.52,53.54,,FUZZY,"35.63,33.63,26.44,78.52,53.54,FUZZY"
2026-05-13T13:35:10,3503.03,35.63,33.63,26.44,66.81,56.2,,FUZZY,"35.63,33.63,26.44,66.81,56.20,FUZZY"
2026-05-13T13:35:11,3504.44,35.63,33.63,26.44,48.92,57.71,,FUZZY,"35.63,33.63,26.44,48.92,57.71,FUZZY"
2026-05-13T13:35:13,3505.84,35.63,33.63,26.5,60.97,60.11,,FUZZY,"35.63,33.63,26.50,60.97,60.11,FUZZY"
2026-05-13T13:35:14,3507.25,35.63,33.63,26.5,84.39,55.49,,FUZZY,"35.63,33.63,26.50,84.39,55.49,FUZZY"
2026-05-13T13:35:15,3508.66,35.63,33.56,26.44,71.56,56.12,,FUZZY,"35.63,33.56,26.44,71.56,56.12,FUZZY"
2026-05-13T13:35:17,3510.06,35.63,33.56,26.5,61.62,58.91,,FUZZY,"35.63,33.56,26.50,61.62,58.91,FUZZY"
2026-05-13T13:35:18,3511.47,35.63,33.63,26.5,71.45,58.83,,FUZZY,"35.63,33.63,26.50,71.45,58.83,FUZZY"
2026-05-13T13:35:20,3512.87,35.63,33.56,26.5,78.98,54.53,,FUZZY,"35.63,33.56,26.50,78.98,54.53,FUZZY"
2026-05-13T13:35:21,3514.28,35.63,33.63,26.44,86.79,51.31,,FUZZY,"35.63,33.63,26.44,86.79,51.31,FUZZY"
2026-05-13T13:35:22,3515.68,35.56,33.56,26.5,84.52,48.89,,FUZZY,"35.56,33.56,26.50,84.52,48.89,FUZZY"
2026-05-13T13:35:24,3517.08,35.56,33.56,26.5,67.41,53.48,,FUZZY,"35.56,33.56,26.50,67.41,53.48,FUZZY"
2026-05-13T13:35:25,3518.49,35.63,33.56,26.5,55.76,56.93,,FUZZY,"35.63,33.56,26.50,55.76,56.93,FUZZY"
2026-05-13T13:35:27,3519.89,35.56,33.56,26.5,54.11,59.51,,FUZZY,"35.56,33.56,26.50,54.11,59.51,FUZZY"
2026-05-13T13:35:28,3521.29,35.56,33.56,26.5,60.04,61.45,,FUZZY,"35.56,33.56,26.50,60.04,61.45,FUZZY"
2026-05-13T13:35:29,3522.7,35.5,33.56,26.5,79.22,56.5,,FUZZY,"35.50,33.56,26.50,79.22,56.50,FUZZY"
2026-05-13T13:35:31,3524.1,35.56,33.56,26.5,85.69,52.79,,FUZZY,"35.56,33.56,26.50,85.69,52.79,FUZZY"
2026-05-13T13:35:32,3525.51,35.56,33.56,26.5,70.27,55.94,,FUZZY,"35.56,33.56,26.50,70.27,55.94,FUZZY"
2026-05-13T13:35:34,3526.91,35.5,33.56,26.5,70.11,58.57,,FUZZY,"35.50,33.56,26.50,70.11,58.57,FUZZY"
2026-05-13T13:35:35,3528.32,35.5,33.56,26.5,74.84,54.5,,FUZZY,"35.50,33.56,26.50,74.84,54.50,FUZZY"
2026-05-13T13:35:36,3529.72,35.56,33.56,26.5,89.34,51.29,,FUZZY,"35.56,33.56,26.50,89.34,51.29,FUZZY"
2026-05-13T13:35:38,3531.13,35.5,33.56,26.5,81.94,48.88,,FUZZY,"35.50,33.56,26.50,81.94,48.88,FUZZY"
2026-05-13T13:35:39,3532.53,35.5,33.56,26.5,63.97,53.48,,FUZZY,"35.50,33.56,26.50,63.97,53.48,FUZZY"
2026-05-13T13:35:41,3533.93,35.5,33.56,26.5,69.99,56.89,,FUZZY,"35.50,33.56,26.50,69.99,56.89,FUZZY"
2026-05-13T13:35:42,3535.34,35.5,33.56,26.5,71.2,57.67,,FUZZY,"35.50,33.56,26.50,71.20,57.67,FUZZY"
2026-05-13T13:35:44,3536.74,35.5,33.56,26.5,88.48,53.66,,FUZZY,"35.50,33.56,26.50,88.48,53.66,FUZZY"
2026-05-13T13:35:45,3538.15,35.5,33.56,26.5,87.59,50.65,,FUZZY,"35.50,33.56,26.50,87.59,50.65,FUZZY"
2026-05-13T13:35:46,3539.55,35.5,33.5,26.5,63.24,54.81,,FUZZY,"35.50,33.50,26.50,63.24,54.81,FUZZY"
2026-05-13T13:35:48,3540.95,35.5,33.56,26.5,59.49,57.93,,FUZZY,"35.50,33.56,26.50,59.49,57.93,FUZZY"
2026-05-13T13:35:49,3542.36,35.5,33.56,26.5,65.8,60.26,,FUZZY,"35.50,33.56,26.50,65.80,60.26,FUZZY"
2026-05-13T13:35:51,3543.76,35.5,33.5,26.5,77.92,55.6,,FUZZY,"35.50,33.50,26.50,77.92,55.60,FUZZY"
2026-05-13T13:35:52,3545.16,35.5,33.56,26.5,67.77,58.51,,FUZZY,"35.50,33.56,26.50,67.77,58.51,FUZZY"
2026-05-13T13:35:53,3546.57,35.5,33.56,26.5,82.31,54.29,,FUZZY,"35.50,33.56,26.50,82.31,54.29,FUZZY"
2026-05-13T13:35:55,3547.97,35.5,33.56,26.5,75.52,51.12,,FUZZY,"35.50,33.56,26.50,75.52,51.12,FUZZY"
2026-05-13T13:35:56,3549.37,35.5,33.5,26.5,68.01,55.14,,FUZZY,"35.50,33.50,26.50,68.01,55.14,FUZZY"
2026-05-13T13:35:58,3550.78,35.44,33.56,26.5,57.8,57.92,,FUZZY,"35.44,33.56,26.50,57.80,57.92,FUZZY"
2026-05-13T13:35:59,3552.18,35.5,33.5,26.5,78.32,53.85,,FUZZY,"35.50,33.50,26.50,78.32,53.85,FUZZY"
2026-05-13T13:36:00,3553.59,35.44,33.5,26.5,90.13,50.57,,FUZZY,"35.44,33.50,26.50,90.13,50.57,FUZZY"
2026-05-13T13:36:02,3555.0,35.44,33.5,26.5,81.05,48.11,,FUZZY,"35.44,33.50,26.50,81.05,48.11,FUZZY"
2026-05-13T13:36:03,3556.41,35.44,33.5,26.5,65.42,52.65,,FUZZY,"35.44,33.50,26.50,65.42,52.65,FUZZY"
2026-05-13T13:36:05,3557.81,35.44,33.5,26.5,54.97,56.06,,FUZZY,"35.44,33.50,26.50,54.97,56.06,FUZZY"
2026-05-13T13:36:06,3559.23,35.44,33.56,26.5,74.19,53.04,,FUZZY,"35.44,33.56,26.50,74.19,53.04,FUZZY"
2026-05-13T13:36:07,3560.63,35.44,33.5,26.5,80.67,49.96,,FUZZY,"35.44,33.50,26.50,80.67,49.96,FUZZY"
2026-05-13T13:36:09,3562.04,35.44,33.5,26.5,92.27,47.66,,FUZZY,"35.44,33.50,26.50,92.27,47.66,FUZZY"
2026-05-13T13:36:10,3563.45,35.44,33.5,26.5,81.31,45.92,,FUZZY,"35.44,33.50,26.50,81.31,45.92,FUZZY"
2026-05-13T13:36:12,3564.87,35.44,33.5,26.5,70.32,50.14,,FUZZY,"35.44,33.50,26.50,70.32,50.14,FUZZY"
2026-05-13T13:36:13,3566.27,35.44,33.5,26.5,56.33,54.18,,FUZZY,"35.44,33.50,26.50,56.33,54.18,FUZZY"
2026-05-13T13:36:14,3567.68,35.44,33.5,26.5,50.73,57.08,,FUZZY,"35.44,33.50,26.50,50.73,57.08,FUZZY"
2026-05-13T13:36:16,3569.09,35.44,33.5,26.5,47.89,59.0,,FUZZY,"35.44,33.50,26.50,47.89,59.00,FUZZY"
2026-05-13T13:36:17,3570.5,35.44,33.5,26.5,75.56,54.37,,FUZZY,"35.44,33.50,26.50,75.56,54.37,FUZZY"
2026-05-13T13:36:19,3571.91,35.38,33.5,26.5,67.42,57.04,,FUZZY,"35.38,33.50,26.50,67.42,57.04,FUZZY"
2026-05-13T13:36:20,3573.32,35.38,33.5,26.5,71.37,56.59,,FUZZY,"35.38,33.50,26.50,71.37,56.59,FUZZY"
2026-05-13T13:36:21,3574.73,35.44,33.5,26.5,88.55,52.62,,FUZZY,"35.44,33.50,26.50,88.55,52.62,FUZZY"
2026-05-13T13:36:23,3576.14,35.44,33.5,26.5,90.02,49.65,,FUZZY,"35.44,33.50,26.50,90.02,49.65,FUZZY"
2026-05-13T13:36:24,3577.54,35.44,33.5,26.5,68.41,53.72,,FUZZY,"35.44,33.50,26.50,68.41,53.72,FUZZY"
2026-05-13T13:36:26,3578.95,35.38,33.5,26.5,62.76,56.62,,FUZZY,"35.38,33.50,26.50,62.76,56.62,FUZZY"
2026-05-13T13:36:27,3580.36,35.38,33.5,26.5,85.11,52.43,,FUZZY,"35.38,33.50,26.50,85.11,52.43,FUZZY"
2026-05-13T13:36:29,3581.77,35.44,33.5,26.5,88.04,49.51,,FUZZY,"35.44,33.50,26.50,88.04,49.51,FUZZY"
2026-05-13T13:36:30,3583.17,35.38,33.5,26.5,69.42,53.25,,FUZZY,"35.38,33.50,26.50,69.42,53.25,FUZZY"
2026-05-13T13:36:31,3584.58,35.38,33.5,26.5,62.57,56.27,,FUZZY,"35.38,33.50,26.50,62.57,56.27,FUZZY"
2026-05-13T13:36:33,3585.99,35.38,33.5,26.5,73.63,53.48,,FUZZY,"35.38,33.50,26.50,73.63,53.48,FUZZY"
2026-05-13T13:36:34,3587.41,35.38,33.5,26.5,73.25,51.79,,FUZZY,"35.38,33.50,26.50,73.25,51.79,FUZZY"
2026-05-13T13:36:36,3588.82,35.38,33.5,26.5,61.1,55.17,,FUZZY,"35.38,33.50,26.50,61.10,55.17,FUZZY"
2026-05-13T13:36:37,3590.22,35.38,33.5,26.5,75.44,51.24,,FUZZY,"35.38,33.50,26.50,75.44,51.24,FUZZY"
2026-05-13T13:36:38,3591.63,35.38,33.44,26.5,79.98,48.39,,FUZZY,"35.38,33.44,26.50,79.98,48.39,FUZZY"
2026-05-13T13:36:40,3593.04,35.38,33.5,26.5,63.19,52.62,,FUZZY,"35.38,33.50,26.50,63.19,52.62,FUZZY"
2026-05-13T13:36:41,3594.45,35.38,33.44,26.5,51.68,55.67,,FUZZY,"35.38,33.44,26.50,51.68,55.67,FUZZY"
2026-05-13T13:36:43,3595.85,35.38,33.5,26.5,79.47,51.72,,FUZZY,"35.38,33.50,26.50,79.47,51.72,FUZZY"
2026-05-13T13:36:44,3597.26,35.38,33.5,26.5,56.39,55.12,,FUZZY,"35.38,33.50,26.50,56.39,55.12,FUZZY"
2026-05-13T13:36:45,3598.67,35.38,33.5,26.5,82.56,51.3,,FUZZY,"35.38,33.50,26.50,82.56,51.30,FUZZY"
2026-05-13T13:36:47,3600.08,35.38,33.5,26.5,74.42,48.92,,FUZZY,"35.38,33.50,26.50,74.42,48.92,FUZZY"
2026-05-13T13:36:48,3601.49,35.38,33.5,26.5,61.57,53.02,,FUZZY,"35.38,33.50,26.50,61.57,53.02,FUZZY"
2026-05-13T13:36:50,3602.9,35.38,33.44,26.5,75.03,49.59,,FUZZY,"35.38,33.44,26.50,75.03,49.59,FUZZY"
2026-05-13T13:36:51,3604.31,35.38,33.5,26.5,73.81,48.28,,FUZZY,"35.38,33.50,26.50,73.81,48.28,FUZZY"
2026-05-13T13:36:52,3605.72,35.38,33.44,26.56,60.12,52.54,,FUZZY,"35.38,33.44,26.56,60.12,52.54,FUZZY"
2026-05-13T13:36:54,3607.13,35.38,33.5,26.5,52.85,55.68,,FUZZY,"35.38,33.50,26.50,52.85,55.68,FUZZY"
2026-05-13T13:36:55,3608.53,35.38,33.44,26.5,61.94,58.09,,FUZZY,"35.38,33.44,26.50,61.94,58.09,FUZZY"
2026-05-13T13:36:57,3609.94,35.38,33.44,26.56,66.78,59.85,,FUZZY,"35.38,33.44,26.56,66.78,59.85,FUZZY"
2026-05-13T13:36:58,3611.35,35.38,33.44,26.5,67.51,61.14,,FUZZY,"35.38,33.44,26.50,67.51,61.14,FUZZY"
2026-05-13T13:37:00,3612.76,35.38,33.44,26.5,87.0,55.82,,FUZZY,"35.38,33.44,26.50,87.00,55.82,FUZZY"
2026-05-13T13:37:01,3614.16,35.38,33.44,26.5,81.0,51.83,,FUZZY,"35.38,33.44,26.50,81.00,51.83,FUZZY"
2026-05-13T13:37:02,3615.57,35.38,33.44,26.5,59.4,55.2,,FUZZY,"35.38,33.44,26.50,59.40,55.20,FUZZY"
2026-05-13T13:37:04,3616.98,35.38,33.44,26.5,60.36,57.73,,FUZZY,"35.38,33.44,26.50,60.36,57.73,FUZZY"
2026-05-13T13:37:05,3618.38,35.38,33.44,26.5,55.34,59.63,,FUZZY,"35.38,33.44,26.50,55.34,59.63,FUZZY"
2026-05-13T13:37:07,3619.79,35.38,33.44,26.5,65.34,61.05,,FUZZY,"35.38,33.44,26.50,65.34,61.05,FUZZY"
2026-05-13T13:37:08,3621.2,35.38,33.44,26.5,86.14,55.75,,FUZZY,"35.38,33.44,26.50,86.14,55.75,FUZZY"
2026-05-13T13:37:09,3622.6,35.38,33.44,26.5,90.25,51.78,,FUZZY,"35.38,33.44,26.50,90.25,51.78,FUZZY"
2026-05-13T13:37:11,3624.02,35.38,33.44,26.5,72.7,51.09,,FUZZY,"35.38,33.44,26.50,72.70,51.09,FUZZY"
2026-05-13T13:37:12,3625.43,35.38,33.44,26.5,62.08,54.65,,FUZZY,"35.38,33.44,26.50,62.08,54.65,FUZZY"
2026-05-13T13:37:14,3626.83,35.38,33.44,26.5,68.03,57.21,,FUZZY,"35.38,33.44,26.50,68.03,57.21,FUZZY"
2026-05-13T13:37:15,3628.24,35.38,33.44,26.5,68.61,59.1,,FUZZY,"35.38,33.44,26.50,68.61,59.10,FUZZY"
2026-05-13T13:37:16,3629.66,35.31,33.44,26.5,73.65,55.28,,FUZZY,"35.31,33.44,26.50,73.65,55.28,FUZZY"
2026-05-13T13:37:18,3631.06,35.31,33.44,26.5,83.46,51.2,,FUZZY,"35.31,33.44,26.50,83.46,51.20,FUZZY"
2026-05-13T13:37:19,3632.47,35.31,33.44,26.5,65.78,54.5,,FUZZY,"35.31,33.44,26.50,65.78,54.50,FUZZY"
2026-05-13T13:37:21,3633.88,35.31,33.44,26.5,55.71,56.97,,FUZZY,"35.31,33.44,26.50,55.71,56.97,FUZZY"
2026-05-13T13:37:22,3635.29,35.31,33.44,26.5,72.09,55.3,,FUZZY,"35.31,33.44,26.50,72.09,55.30,FUZZY"
2026-05-13T13:37:23,3636.7,35.31,33.44,26.5,60.03,57.57,,FUZZY,"35.31,33.44,26.50,60.03,57.57,FUZZY"
2026-05-13T13:37:25,3638.11,35.31,33.44,26.5,84.01,52.92,,FUZZY,"35.31,33.44,26.50,84.01,52.92,FUZZY"
2026-05-13T13:37:26,3639.51,35.31,33.38,26.5,93.61,49.44,,FUZZY,"35.31,33.38,26.50,93.61,49.44,FUZZY"
2026-05-13T13:37:28,3640.93,35.31,33.44,26.5,70.44,51.87,,FUZZY,"35.31,33.44,26.50,70.44,51.87,FUZZY"
2026-05-13T13:37:29,3642.34,35.31,33.44,26.5,52.18,54.89,,FUZZY,"35.31,33.44,26.50,52.18,54.89,FUZZY"
2026-05-13T13:37:30,3643.74,35.31,33.38,26.5,65.27,57.26,,FUZZY,"35.31,33.38,26.50,65.27,57.26,FUZZY"
2026-05-13T13:37:32,3645.15,35.31,33.44,26.56,82.51,52.69,,FUZZY,"35.31,33.44,26.56,82.51,52.69,FUZZY"
2026-05-13T13:37:33,3646.56,35.31,33.38,26.56,87.0,49.26,,FUZZY,"35.31,33.38,26.56,87.00,49.26,FUZZY"
2026-05-13T13:37:35,3647.97,35.31,33.44,26.5,72.0,49.61,,FUZZY,"35.31,33.44,26.50,72.00,49.61,FUZZY"
2026-05-13T13:37:36,3649.38,35.31,33.38,26.5,57.0,53.31,,FUZZY,"35.31,33.38,26.50,57.00,53.31,FUZZY"
2026-05-13T13:37:38,3650.79,35.31,33.38,26.56,58.8,56.08,,FUZZY,"35.31,33.38,26.56,58.80,56.08,FUZZY"
2026-05-13T13:37:39,3652.19,35.31,33.38,26.56,63.12,58.15,,FUZZY,"35.31,33.38,26.56,63.12,58.15,FUZZY"
2026-05-13T13:37:40,3653.6,35.31,33.38,26.56,66.05,59.7,,FUZZY,"35.31,33.38,26.56,66.05,59.70,FUZZY"
2026-05-13T13:37:42,3655.01,35.31,33.38,26.56,86.42,54.52,,FUZZY,"35.31,33.38,26.56,86.42,54.52,FUZZY"
2026-05-13T13:37:43,3656.41,35.31,33.38,26.56,76.57,50.6,,FUZZY,"35.31,33.38,26.56,76.57,50.60,FUZZY"
2026-05-13T13:37:45,3657.82,35.31,33.38,26.56,64.83,54.04,,FUZZY,"35.31,33.38,26.56,64.83,54.04,FUZZY"
2026-05-13T13:37:46,3659.23,35.31,33.38,26.56,67.93,56.51,,FUZZY,"35.31,33.38,26.56,67.93,56.51,FUZZY"
2026-05-13T13:37:47,3660.64,35.31,33.38,26.56,80.57,52.13,,FUZZY,"35.31,33.38,26.56,80.57,52.13,FUZZY"
2026-05-13T13:37:49,3662.04,35.31,33.38,26.56,62.23,55.19,,FUZZY,"35.31,33.38,26.56,62.23,55.19,FUZZY"
2026-05-13T13:37:50,3663.46,35.31,33.38,26.56,74.69,51.28,,FUZZY,"35.31,33.38,26.56,74.69,51.28,FUZZY"
2026-05-13T13:37:52,3664.87,35.31,33.38,26.56,89.88,48.21,,FUZZY,"35.31,33.38,26.56,89.88,48.21,FUZZY"
2026-05-13T13:37:53,3666.28,35.31,33.38,26.56,74.95,45.78,,FUZZY,"35.31,33.38,26.56,74.95,45.78,FUZZY"
2026-05-13T13:37:54,3667.69,35.31,33.38,26.62,65.38,50.43,,FUZZY,"35.31,33.38,26.62,65.38,50.43,FUZZY"
2026-05-13T13:37:56,3669.1,35.31,33.38,26.56,74.75,47.65,,FUZZY,"35.31,33.38,26.56,74.75,47.65,FUZZY"
2026-05-13T13:37:57,3670.52,35.31,33.38,26.56,70.1,51.27,,FUZZY,"35.31,33.38,26.56,70.10,51.27,FUZZY"
2026-05-13T13:37:59,3671.92,35.25,33.38,26.56,53.24,54.3,,FUZZY,"35.25,33.38,26.56,53.24,54.30,FUZZY"
2026-05-13T13:38:00,3673.33,35.25,33.38,26.56,62.1,56.6,,FUZZY,"35.25,33.38,26.56,62.10,56.60,FUZZY"
2026-05-13T13:38:01,3674.74,35.31,33.38,26.56,62.64,58.55,,FUZZY,"35.31,33.38,26.56,62.64,58.55,FUZZY"
2026-05-13T13:38:03,3676.15,35.25,33.38,26.56,65.86,59.79,,FUZZY,"35.25,33.38,26.56,65.86,59.79,FUZZY"
2026-05-13T13:38:04,3677.55,35.25,33.38,26.56,84.54,54.37,,FUZZY,"35.25,33.38,26.56,84.54,54.37,FUZZY"
2026-05-13T13:38:06,3678.96,35.25,33.38,26.62,90.82,50.31,,FUZZY,"35.25,33.38,26.62,90.82,50.31,FUZZY"
2026-05-13T13:38:07,3680.37,35.25,33.38,26.56,77.73,47.26,,FUZZY,"35.25,33.38,26.56,77.73,47.26,FUZZY"
2026-05-13T13:38:09,3681.77,35.25,33.38,26.56,61.69,51.32,,FUZZY,"35.25,33.38,26.56,61.69,51.32,FUZZY"
2026-05-13T13:38:10,3683.18,35.31,33.38,26.56,54.08,54.59,,FUZZY,"35.31,33.38,26.56,54.08,54.59,FUZZY"
2026-05-13T13:38:11,3684.59,35.25,33.38,26.56,54.03,56.82,,FUZZY,"35.25,33.38,26.56,54.03,56.82,FUZZY"
2026-05-13T13:38:13,3685.99,35.25,33.38,26.56,57.61,58.49,,FUZZY,"35.25,33.38,26.56,57.61,58.49,FUZZY"
2026-05-13T13:38:14,3687.4,35.25,33.38,26.56,68.64,59.54,,FUZZY,"35.25,33.38,26.56,68.64,59.54,FUZZY"
2026-05-13T13:38:16,3688.81,35.25,33.38,26.56,82.66,54.19,,FUZZY,"35.25,33.38,26.56,82.66,54.19,FUZZY"
2026-05-13T13:38:17,3690.22,35.25,33.38,26.56,69.06,56.27,,FUZZY,"35.25,33.38,26.56,69.06,56.27,FUZZY"
2026-05-13T13:38:18,3691.63,35.25,33.38,26.56,73.83,52.69,,FUZZY,"35.25,33.38,26.56,73.83,52.69,FUZZY"
2026-05-13T13:38:20,3693.05,35.25,33.38,26.56,74.53,49.32,,FUZZY,"35.25,33.38,26.56,74.53,49.32,FUZZY"
2026-05-13T13:38:21,3694.45,35.25,33.31,26.56,57.41,52.87,,FUZZY,"35.25,33.31,26.56,57.41,52.87,FUZZY"
2026-05-13T13:38:23,3695.86,35.25,33.31,26.56,54.16,55.53,,FUZZY,"35.25,33.31,26.56,54.16,55.53,FUZZY"
2026-05-13T13:38:24,3697.27,35.25,33.38,26.56,72.67,53.27,,FUZZY,"35.25,33.38,26.56,72.67,53.27,FUZZY"
2026-05-13T13:38:25,3698.68,35.25,33.38,26.56,62.67,55.83,,FUZZY,"35.25,33.38,26.56,62.67,55.83,FUZZY"
2026-05-13T13:38:27,3700.09,35.25,33.31,26.56,79.07,51.4,,FUZZY,"35.25,33.31,26.56,79.07,51.40,FUZZY"
2026-05-13T13:38:28,3701.5,35.25,33.31,26.56,78.43,48.08,,FUZZY,"35.25,33.31,26.56,78.43,48.08,FUZZY"
2026-05-13T13:38:30,3702.91,35.25,33.38,26.56,76.37,45.54,,FUZZY,"35.25,33.38,26.56,76.37,45.54,FUZZY"
2026-05-13T13:38:31,3704.31,35.25,33.38,26.56,67.75,49.93,,FUZZY,"35.25,33.38,26.56,67.75,49.93,FUZZY"
2026-05-13T13:38:32,3705.72,35.25,33.31,26.62,61.9,53.32,,FUZZY,"35.25,33.31,26.62,61.90,53.32,FUZZY"
2026-05-13T13:38:34,3707.13,35.25,33.38,26.56,69.16,55.6,,FUZZY,"35.25,33.38,26.56,69.16,55.60,FUZZY"
2026-05-13T13:38:35,3708.53,35.25,33.38,26.62,64.86,57.58,,FUZZY,"35.25,33.38,26.62,64.86,57.58,FUZZY"
2026-05-13T13:38:37,3709.94,35.25,33.31,26.62,84.75,52.71,,FUZZY,"35.25,33.31,26.62,84.75,52.71,FUZZY"
2026-05-13T13:38:38,3711.35,35.25,33.31,26.62,74.1,49.77,,FUZZY,"35.25,33.31,26.62,74.10,49.77,FUZZY"
2026-05-13T13:38:40,3712.76,35.25,33.31,26.62,57.24,53.2,,FUZZY,"35.25,33.31,26.62,57.24,53.20,FUZZY"
2026-05-13T13:38:41,3714.17,35.19,33.31,26.62,47.5,54.28,,FUZZY,"35.19,33.31,26.62,47.50,54.28,FUZZY"
2026-05-13T13:38:42,3715.58,35.19,33.31,26.56,61.0,56.37,,FUZZY,"35.19,33.31,26.56,61.00,56.37,FUZZY"
2026-05-13T13:38:44,3716.99,35.25,33.31,26.62,62.8,58.15,,FUZZY,"35.25,33.31,26.62,62.80,58.15,FUZZY"
2026-05-13T13:38:45,3718.4,35.19,33.31,26.62,74.32,53.39,,FUZZY,"35.19,33.31,26.62,74.32,53.39,FUZZY"
2026-05-13T13:38:47,3719.81,35.25,33.31,26.62,69.93,55.54,,FUZZY,"35.25,33.31,26.62,69.93,55.54,FUZZY"
2026-05-13T13:38:48,3721.22,35.19,33.31,26.62,87.97,50.98,,FUZZY,"35.19,33.31,26.62,87.97,50.98,FUZZY"
2026-05-13T13:38:49,3722.63,35.25,33.31,26.62,76.59,47.74,,FUZZY,"35.25,33.31,26.62,76.59,47.74,FUZZY"
2026-05-13T13:38:51,3724.03,35.19,33.31,26.62,60.04,51.47,,FUZZY,"35.19,33.31,26.62,60.04,51.47,FUZZY"
2026-05-13T13:38:52,3725.44,35.19,33.38,26.62,57.01,54.26,,FUZZY,"35.19,33.38,26.62,57.01,54.26,FUZZY"
2026-05-13T13:38:54,3726.85,35.25,33.31,26.62,62.41,56.57,,FUZZY,"35.25,33.31,26.62,62.41,56.57,FUZZY"
2026-05-13T13:38:55,3728.25,35.25,33.31,26.62,63.96,58.31,,FUZZY,"35.25,33.31,26.62,63.96,58.31,FUZZY"
2026-05-13T13:38:56,3729.67,35.25,33.31,26.62,72.98,55.04,,FUZZY,"35.25,33.31,26.62,72.98,55.04,FUZZY"
2026-05-13T13:38:58,3731.07,35.25,33.31,26.62,69.99,56.77,,FUZZY,"35.25,33.31,26.62,69.99,56.77,FUZZY"
2026-05-13T13:38:59,3732.48,35.19,33.31,26.62,88.0,51.9,,FUZZY,"35.19,33.31,26.62,88.00,51.90,FUZZY"
2026-05-13T13:39:01,3733.89,35.19,33.31,26.62,70.0,54.16,,FUZZY,"35.19,33.31,26.62,70.00,54.16,FUZZY"
2026-05-13T13:39:02,3735.3,35.25,33.31,26.62,62.2,56.5,,FUZZY,"35.25,33.31,26.62,62.20,56.50,FUZZY"
2026-05-13T13:39:03,3736.7,35.25,33.31,26.62,66.88,58.21,,FUZZY,"35.25,33.31,26.62,66.88,58.21,FUZZY"
2026-05-13T13:39:05,3738.11,35.19,33.31,26.56,69.95,58.9,,FUZZY,"35.19,33.31,26.56,69.95,58.90,FUZZY"
2026-05-13T13:39:06,3739.52,35.19,33.31,26.62,75.38,53.35,,FUZZY,"35.19,33.31,26.62,75.38,53.35,FUZZY"
2026-05-13T13:39:08,3740.93,35.19,33.31,26.56,87.15,49.34,,FUZZY,"35.19,33.31,26.56,87.15,49.34,FUZZY"
2026-05-13T13:39:09,3742.34,35.19,33.31,26.56,74.46,46.64,,FUZZY,"35.19,33.31,26.56,74.46,46.64,FUZZY"
2026-05-13T13:39:11,3743.75,35.19,33.31,26.56,61.58,50.65,,FUZZY,"35.19,33.31,26.56,61.58,50.65,FUZZY"
2026-05-13T13:39:12,3745.15,35.19,33.31,26.56,81.63,47.31,,FUZZY,"35.19,33.31,26.56,81.63,47.31,FUZZY"
2026-05-13T13:39:13,3746.56,35.19,33.31,26.62,66.25,51.15,,FUZZY,"35.19,33.31,26.62,66.25,51.15,FUZZY"
2026-05-13T13:39:15,3747.97,35.19,33.31,26.56,55.9,54.02,,FUZZY,"35.19,33.31,26.56,55.90,54.02,FUZZY"
2026-05-13T13:39:16,3749.38,35.19,33.31,26.56,62.56,56.18,,FUZZY,"35.19,33.31,26.56,62.56,56.18,FUZZY"
2026-05-13T13:39:18,3750.78,35.19,33.31,26.56,68.82,57.57,,FUZZY,"35.19,33.31,26.56,68.82,57.57,FUZZY"
2026-05-13T13:39:19,3752.2,35.19,33.31,26.56,74.93,52.36,,FUZZY,"35.19,33.31,26.56,74.93,52.36,FUZZY"
2026-05-13T13:39:20,3753.6,35.19,33.31,26.56,89.97,48.6,,FUZZY,"35.19,33.31,26.56,89.97,48.60,FUZZY"
2026-05-13T13:39:22,3755.01,35.19,33.31,26.56,62.99,52.11,,FUZZY,"35.19,33.31,26.56,62.99,52.11,FUZZY"
2026-05-13T13:39:23,3756.42,35.19,33.31,26.56,48.6,53.95,,FUZZY,"35.19,33.31,26.56,48.60,53.95,FUZZY"
2026-05-13T13:39:25,3757.83,35.19,33.31,26.62,61.44,56.13,,FUZZY,"35.19,33.31,26.62,61.44,56.13,FUZZY"
2026-05-13T13:39:26,3759.24,35.19,33.31,26.62,67.78,57.65,,FUZZY,"35.19,33.31,26.62,67.78,57.65,FUZZY"
2026-05-13T13:39:27,3760.65,35.19,33.31,26.56,85.31,52.57,,FUZZY,"35.19,33.31,26.56,85.31,52.57,FUZZY"
2026-05-13T13:39:29,3762.05,35.19,33.31,26.62,93.52,48.75,,FUZZY,"35.19,33.31,26.62,93.52,48.75,FUZZY"
2026-05-13T13:39:30,3763.46,35.19,33.31,26.56,76.41,45.86,,FUZZY,"35.19,33.31,26.56,76.41,45.86,FUZZY"
2026-05-13T13:39:32,3764.87,35.19,33.31,26.56,69.56,49.71,,FUZZY,"35.19,33.31,26.56,69.56,49.71,FUZZY"
2026-05-13T13:39:33,3766.28,35.19,33.31,26.62,48.83,52.23,,FUZZY,"35.19,33.31,26.62,48.83,52.23,FUZZY"
2026-05-13T13:39:34,3767.69,35.19,33.31,26.56,53.13,54.81,,FUZZY,"35.19,33.31,26.56,53.13,54.81,FUZZY"
2026-05-13T13:39:36,3769.1,35.19,33.31,26.62,65.65,56.77,,FUZZY,"35.19,33.31,26.62,65.65,56.77,FUZZY"
2026-05-13T13:39:37,3770.5,35.19,33.31,26.56,65.86,58.24,,FUZZY,"35.19,33.31,26.56,65.86,58.24,FUZZY"
2026-05-13T13:39:39,3771.91,35.19,33.31,26.62,86.34,53.01,,FUZZY,"35.19,33.31,26.62,86.34,53.01,FUZZY"
2026-05-13T13:39:40,3773.32,35.19,33.31,26.62,62.14,55.42,,FUZZY,"35.19,33.31,26.62,62.14,55.42,FUZZY"
2026-05-13T13:39:41,3774.72,35.19,33.31,26.56,75.86,50.8,,FUZZY,"35.19,33.31,26.56,75.86,50.80,FUZZY"
2026-05-13T13:39:43,3776.13,35.19,33.31,26.62,60.94,53.76,,FUZZY,"35.19,33.31,26.62,60.94,53.76,FUZZY"
2026-05-13T13:39:44,3777.54,35.19,33.31,26.56,62.18,55.99,,FUZZY,"35.19,33.31,26.56,62.18,55.99,FUZZY"
2026-05-13T13:39:46,3778.94,35.19,33.31,26.62,66.87,57.63,,FUZZY,"35.19,33.31,26.62,66.87,57.63,FUZZY"
2026-05-13T13:39:47,3780.35,35.19,33.31,26.56,68.15,58.74,,FUZZY,"35.19,33.31,26.56,68.15,58.74,FUZZY"
2026-05-13T13:39:49,3781.76,35.19,33.25,26.62,75.26,53.21,,FUZZY,"35.19,33.25,26.62,75.26,53.21,FUZZY"
2026-05-13T13:39:50,3783.17,35.19,33.25,26.56,86.5,49.23,,FUZZY,"35.19,33.25,26.56,86.50,49.23,FUZZY"
2026-05-13T13:39:51,3784.58,35.19,33.25,26.62,74.2,46.81,,FUZZY,"35.19,33.25,26.62,74.20,46.81,FUZZY"
2026-05-13T13:39:53,3785.99,35.19,33.31,26.62,61.48,50.77,,FUZZY,"35.19,33.31,26.62,61.48,50.77,FUZZY"
2026-05-13T13:39:54,3787.4,35.19,33.31,26.62,61.79,53.74,,FUZZY,"35.19,33.31,26.62,61.79,53.74,FUZZY"
2026-05-13T13:39:56,3788.8,35.19,33.25,26.62,60.72,55.97,,FUZZY,"35.19,33.25,26.62,60.72,55.97,FUZZY"
2026-05-13T13:39:57,3790.21,35.19,33.31,26.62,68.69,57.43,,FUZZY,"35.19,33.31,26.62,68.69,57.43,FUZZY"
2026-05-13T13:39:58,3791.62,35.19,33.31,26.62,64.67,58.73,,FUZZY,"35.19,33.31,26.62,64.67,58.73,FUZZY"
2026-05-13T13:40:00,3793.02,35.19,33.25,26.62,82.87,53.38,,FUZZY,"35.19,33.25,26.62,82.87,53.38,FUZZY"
2026-05-13T13:40:01,3794.43,35.19,33.31,26.56,93.15,49.36,,FUZZY,"35.19,33.31,26.56,93.15,49.36,FUZZY"
2026-05-13T13:40:03,3795.84,35.19,33.25,26.62,63.66,52.68,,FUZZY,"35.19,33.25,26.62,63.66,52.68,FUZZY"
2026-05-13T13:40:04,3797.24,35.19,33.25,26.62,61.46,55.18,,FUZZY,"35.19,33.25,26.62,61.46,55.18,FUZZY"
2026-05-13T13:40:05,3798.65,35.19,33.25,26.62,69.59,56.7,,FUZZY,"35.19,33.25,26.62,69.59,56.70,FUZZY"
2026-05-13T13:40:07,3800.06,35.13,33.31,26.62,63.23,57.98,,FUZZY,"35.13,33.31,26.62,63.23,57.98,FUZZY"
2026-05-13T13:40:08,3801.47,35.19,33.25,26.62,73.29,54.22,,FUZZY,"35.19,33.25,26.62,73.29,54.22,FUZZY"
2026-05-13T13:40:10,3802.88,35.13,33.25,26.62,57.52,56.12,,FUZZY,"35.13,33.25,26.62,57.52,56.12,FUZZY"
2026-05-13T13:40:11,3804.29,35.19,33.25,26.62,67.41,57.68,,FUZZY,"35.19,33.25,26.62,67.41,57.68,FUZZY"
2026-05-13T13:40:12,3805.7,35.13,33.25,26.62,74.36,52.77,,FUZZY,"35.13,33.25,26.62,74.36,52.77,FUZZY"
2026-05-13T13:40:14,3807.11,35.13,33.25,26.62,78.95,48.7,,FUZZY,"35.13,33.25,26.62,78.95,48.70,FUZZY"
2026-05-13T13:40:15,3808.52,35.13,33.25,26.62,57.98,51.98,,FUZZY,"35.13,33.25,26.62,57.98,51.98,FUZZY"
2026-05-13T13:40:17,3809.92,35.13,33.25,26.62,57.99,54.44,,FUZZY,"35.13,33.25,26.62,57.99,54.44,FUZZY"
2026-05-13T13:40:18,3811.33,35.13,33.25,26.62,64.0,56.29,,FUZZY,"35.13,33.25,26.62,64.00,56.29,FUZZY"
2026-05-13T13:40:19,3812.74,35.13,33.25,26.62,62.2,57.67,,FUZZY,"35.13,33.25,26.62,62.20,57.67,FUZZY"
2026-05-13T13:40:21,3814.14,35.13,33.25,26.62,68.08,58.58,,FUZZY,"35.13,33.25,26.62,68.08,58.58,FUZZY"
2026-05-13T13:40:22,3815.56,35.13,33.25,26.62,72.83,54.84,,FUZZY,"35.13,33.25,26.62,72.83,54.84,FUZZY"
2026-05-13T13:40:24,3816.97,35.19,33.25,26.56,63.93,56.79,,FUZZY,"35.19,33.25,26.56,63.93,56.79,FUZZY"
2026-05-13T13:40:25,3818.37,35.13,33.25,26.62,78.37,51.72,,FUZZY,"35.13,33.25,26.62,78.37,51.72,FUZZY"
2026-05-13T13:40:27,3819.78,35.13,33.25,26.62,58.35,54.24,,FUZZY,"35.13,33.25,26.62,58.35,54.24,FUZZY"
2026-05-13T13:40:28,3821.19,35.13,33.25,26.62,70.14,55.43,,FUZZY,"35.13,33.25,26.62,70.14,55.43,FUZZY"
2026-05-13T13:40:29,3822.6,35.13,33.25,26.62,79.66,50.69,,FUZZY,"35.13,33.25,26.62,79.66,50.69,FUZZY"
2026-05-13T13:40:31,3824.01,35.13,33.25,26.62,86.46,47.14,,FUZZY,"35.13,33.25,26.62,86.46,47.14,FUZZY"
2026-05-13T13:40:32,3825.42,35.13,33.25,26.62,68.18,50.67,,FUZZY,"35.13,33.25,26.62,68.18,50.67,FUZZY"
2026-05-13T13:40:34,3826.82,35.13,33.25,26.62,63.27,53.46,,FUZZY,"35.13,33.25,26.62,63.27,53.46,FUZZY"
2026-05-13T13:40:35,3828.23,35.13,33.25,26.62,67.31,55.51,,FUZZY,"35.13,33.25,26.62,67.31,55.51,FUZZY"
2026-05-13T13:40:36,3829.65,35.13,33.25,26.62,71.32,54.15,,FUZZY,"35.13,33.25,26.62,71.32,54.15,FUZZY"
2026-05-13T13:40:38,3831.05,35.13,33.25,26.56,88.53,49.73,,FUZZY,"35.13,33.25,26.56,88.53,49.73,FUZZY"
2026-05-13T13:40:39,3832.47,35.13,33.25,26.62,72.01,48.97,,FUZZY,"35.13,33.25,26.62,72.01,48.97,FUZZY"
2026-05-13T13:40:41,3833.88,35.13,33.19,26.62,65.4,52.18,,FUZZY,"35.13,33.19,26.62,65.40,52.18,FUZZY"
2026-05-13T13:40:42,3835.28,35.13,33.25,26.62,59.76,54.59,,FUZZY,"35.13,33.25,26.62,59.76,54.59,FUZZY"
2026-05-13T13:40:43,3836.7,35.13,33.19,26.62,71.3,53.5,,FUZZY,"35.13,33.19,26.62,71.30,53.50,FUZZY"
2026-05-13T13:40:45,3838.1,35.13,33.25,26.62,85.52,49.25,,FUZZY,"35.13,33.25,26.62,85.52,49.25,FUZZY"
2026-05-13T13:40:46,3839.52,35.13,33.19,26.62,73.21,47.5,,FUZZY,"35.13,33.19,26.62,73.21,47.50,FUZZY"
2026-05-13T13:40:48,3840.93,35.13,33.25,26.62,61.68,51.08,,FUZZY,"35.13,33.25,26.62,61.68,51.08,FUZZY"
2026-05-13T13:40:49,3842.33,35.13,33.19,26.62,60.07,53.76,,FUZZY,"35.13,33.19,26.62,60.07,53.76,FUZZY"
2026-05-13T13:40:50,3843.74,35.13,33.25,26.62,56.43,55.78,,FUZZY,"35.13,33.25,26.62,56.43,55.78,FUZZY"
2026-05-13T13:40:52,3845.15,35.13,33.25,26.62,59.17,57.29,,FUZZY,"35.13,33.25,26.62,59.17,57.29,FUZZY"
2026-05-13T13:40:53,3846.55,35.13,33.19,26.62,78.27,52.09,,FUZZY,"35.13,33.19,26.62,78.27,52.09,FUZZY"
2026-05-13T13:40:55,3847.96,35.13,33.19,26.62,66.11,54.52,,FUZZY,"35.13,33.19,26.62,66.11,54.52,FUZZY"
2026-05-13T13:40:56,3849.37,35.13,33.19,26.62,59.44,56.35,,FUZZY,"35.13,33.19,26.62,59.44,56.35,FUZZY"
2026-05-13T13:40:58,3850.77,35.13,33.25,26.62,57.38,57.71,,FUZZY,"35.13,33.25,26.62,57.38,57.71,FUZZY"
2026-05-13T13:40:59,3852.18,35.13,33.19,26.62,80.55,52.41,,FUZZY,"35.13,33.19,26.62,80.55,52.41,FUZZY"
2026-05-13T13:41:00,3853.6,35.13,33.25,26.62,72.42,50.59,,FUZZY,"35.13,33.25,26.62,72.42,50.59,FUZZY"
2026-05-13T13:41:02,3855.0,35.13,33.19,26.62,55.97,53.4,,FUZZY,"35.13,33.19,26.62,55.97,53.40,FUZZY"
2026-05-13T13:41:03,3856.41,35.13,33.19,26.62,58.39,55.5,,FUZZY,"35.13,33.19,26.62,58.39,55.50,FUZZY"
2026-05-13T13:41:05,3857.82,35.13,33.25,26.62,66.55,57.08,,FUZZY,"35.13,33.25,26.62,66.55,57.08,FUZZY"
2026-05-13T13:41:06,3859.22,35.13,33.19,26.62,69.82,57.86,,FUZZY,"35.13,33.19,26.62,69.82,57.86,FUZZY"
2026-05-13T13:41:07,3860.63,35.13,33.19,26.62,86.73,52.52,,FUZZY,"35.13,33.19,26.62,86.73,52.52,FUZZY"
2026-05-13T13:41:09,3862.04,35.13,33.25,26.62,82.69,48.51,,FUZZY,"35.13,33.25,26.62,82.69,48.51,FUZZY"
2026-05-13T13:41:10,3863.45,35.13,33.19,26.62,83.48,45.51,,FUZZY,"35.13,33.19,26.62,83.48,45.51,FUZZY"
2026-05-13T13:41:12,3864.85,35.13,33.25,26.62,68.19,49.44,,FUZZY,"35.13,33.25,26.62,68.19,49.44,FUZZY"
2026-05-13T13:41:13,3866.26,35.13,33.25,26.62,62.08,52.54,,FUZZY,"35.13,33.25,26.62,62.08,52.54,FUZZY"
2026-05-13T13:41:14,3867.67,35.13,33.19,26.62,48.23,53.87,,FUZZY,"35.13,33.19,26.62,48.23,53.87,FUZZY"
2026-05-13T13:41:16,3869.08,35.13,33.25,26.62,67.29,55.81,,FUZZY,"35.13,33.25,26.62,67.29,55.81,FUZZY"
2026-05-13T13:41:17,3870.49,35.13,33.19,26.69,56.32,57.32,,FUZZY,"35.13,33.19,26.69,56.32,57.32,FUZZY"
2026-05-13T13:41:19,3871.9,35.13,33.19,26.69,70.53,57.0,,FUZZY,"35.13,33.19,26.69,70.53,57.00,FUZZY"
2026-05-13T13:41:20,3873.31,35.13,33.25,26.69,81.61,51.87,,FUZZY,"35.13,33.25,26.69,81.61,51.87,FUZZY"
2026-05-13T13:41:21,3874.73,35.13,33.25,26.69,71.04,51.94,,FUZZY,"35.13,33.25,26.69,71.04,51.94,FUZZY"
2026-05-13T13:41:23,3876.13,35.13,33.25,26.69,80.02,48.08,,FUZZY,"35.13,33.25,26.69,80.02,48.08,FUZZY"
2026-05-13T13:41:24,3877.54,35.13,33.25,26.69,65.01,51.51,,FUZZY,"35.13,33.25,26.69,65.01,51.51,FUZZY"
2026-05-13T13:41:26,3878.95,35.13,33.19,26.69,60.8,54.09,,FUZZY,"35.13,33.19,26.69,60.80,54.09,FUZZY"
2026-05-13T13:41:27,3880.35,35.13,33.25,26.69,57.32,56.02,,FUZZY,"35.13,33.25,26.69,57.32,56.02,FUZZY"
2026-05-13T13:41:29,3881.76,35.13,33.25,26.69,60.73,57.47,,FUZZY,"35.13,33.25,26.69,60.73,57.47,FUZZY"
2026-05-13T13:41:30,3883.17,35.13,33.19,26.69,84.29,52.23,,FUZZY,"35.13,33.19,26.69,84.29,52.23,FUZZY"
2026-05-13T13:41:31,3884.57,35.13,33.25,26.69,80.52,48.29,,FUZZY,"35.13,33.25,26.69,80.52,48.29,FUZZY"
2026-05-13T13:41:33,3885.99,35.13,33.19,26.62,73.01,46.97,,FUZZY,"35.13,33.19,26.62,73.01,46.97,FUZZY"
2026-05-13T13:41:34,3887.4,35.13,33.25,26.62,68.2,50.54,,FUZZY,"35.13,33.25,26.62,68.20,50.54,FUZZY"
2026-05-13T13:41:36,3888.81,35.13,33.25,26.62,48.88,52.61,,FUZZY,"35.13,33.25,26.62,48.88,52.61,FUZZY"
2026-05-13T13:41:37,3890.22,35.13,33.25,26.62,55.55,54.91,,FUZZY,"35.13,33.25,26.62,55.55,54.91,FUZZY"
2026-05-13T13:41:38,3891.63,35.13,33.25,26.62,71.42,53.52,,FUZZY,"35.13,33.25,26.62,71.42,53.52,FUZZY"
2026-05-13T13:41:40,3893.04,35.13,33.19,26.62,67.57,55.53,,FUZZY,"35.13,33.19,26.62,67.57,55.53,FUZZY"
2026-05-13T13:41:41,3894.45,35.13,33.25,26.62,64.83,57.1,,FUZZY,"35.13,33.25,26.62,64.83,57.10,FUZZY"
2026-05-13T13:41:43,3895.85,35.13,33.25,26.62,64.33,58.28,,FUZZY,"35.13,33.25,26.62,64.33,58.28,FUZZY"
2026-05-13T13:41:44,3897.26,35.13,33.19,26.62,68.93,58.92,,FUZZY,"35.13,33.19,26.62,68.93,58.92,FUZZY"
2026-05-13T13:41:45,3898.67,35.13,33.25,26.62,76.77,53.31,,FUZZY,"35.13,33.25,26.62,76.77,53.31,FUZZY"
2026-05-13T13:41:47,3900.07,35.13,33.25,26.62,64.91,55.44,,FUZZY,"35.13,33.25,26.62,64.91,55.44,FUZZY"
2026-05-13T13:41:48,3901.49,35.13,33.25,26.62,73.36,52.0,,FUZZY,"35.13,33.25,26.62,73.36,52.00,FUZZY"
2026-05-13T13:41:50,3902.91,35.13,33.25,26.62,70.15,53.73,,FUZZY,"35.13,33.25,26.62,70.15,53.73,FUZZY"
2026-05-13T13:41:51,3904.31,35.13,33.25,26.69,76.06,49.37,,FUZZY,"35.13,33.25,26.69,76.06,49.37,FUZZY"
2026-05-13T13:41:52,3905.72,35.13,33.25,26.62,58.62,52.49,,FUZZY,"35.13,33.25,26.62,58.62,52.49,FUZZY"
2026-05-13T13:41:54,3907.14,35.13,33.19,26.62,70.25,53.9,,FUZZY,"35.13,33.19,26.62,70.25,53.90,FUZZY"
2026-05-13T13:41:55,3908.54,35.13,33.25,26.69,62.3,55.88,,FUZZY,"35.13,33.25,26.69,62.30,55.88,FUZZY"
2026-05-13T13:41:57,3909.96,35.13,33.25,26.69,71.72,53.88,,FUZZY,"35.13,33.25,26.69,71.72,53.88,FUZZY"
2026-05-13T13:41:58,3911.37,35.13,33.25,26.62,73.69,50.54,,FUZZY,"35.13,33.25,26.62,73.69,50.54,FUZZY"
2026-05-13T13:42:00,3912.78,35.13,33.25,26.62,65.48,53.36,,FUZZY,"35.13,33.25,26.62,65.48,53.36,FUZZY"
2026-05-13T13:42:01,3914.19,35.13,33.19,26.69,78.99,49.14,,FUZZY,"35.13,33.19,26.69,78.99,49.14,FUZZY"
2026-05-13T13:42:02,3915.59,35.13,33.25,26.69,60.4,52.31,,FUZZY,"35.13,33.25,26.69,60.40,52.31,FUZZY"
2026-05-13T13:42:04,3917.0,35.13,33.19,26.69,61.36,54.69,,FUZZY,"35.13,33.19,26.69,61.36,54.69,FUZZY"
2026-05-13T13:42:05,3918.41,35.13,33.25,26.69,67.74,56.38,,FUZZY,"35.13,33.25,26.69,67.74,56.38,FUZZY"
2026-05-13T13:42:07,3919.81,35.13,33.19,26.62,69.7,57.36,,FUZZY,"35.13,33.19,26.62,69.70,57.36,FUZZY"
2026-05-13T13:42:08,3921.22,35.13,33.25,26.69,87.28,52.14,,FUZZY,"35.13,33.25,26.69,87.28,52.14,FUZZY"
2026-05-13T13:42:09,3922.63,35.13,33.19,26.69,82.31,48.23,,FUZZY,"35.13,33.19,26.69,82.31,48.23,FUZZY"
2026-05-13T13:42:11,3924.04,35.13,33.19,26.69,64.72,51.63,,FUZZY,"35.13,33.19,26.69,64.72,51.63,FUZZY"
2026-05-13T13:42:12,3925.44,35.13,33.25,26.69,84.69,47.84,,FUZZY,"35.13,33.25,26.69,84.69,47.84,FUZZY"
2026-05-13T13:42:14,3926.86,35.13,33.19,26.69,72.88,46.75,,FUZZY,"35.13,33.19,26.69,72.88,46.75,FUZZY"
2026-05-13T13:42:15,3928.26,35.13,33.25,26.69,63.95,50.51,,FUZZY,"35.13,33.25,26.69,63.95,50.51,FUZZY"
2026-05-13T13:42:16,3929.67,35.13,33.19,26.62,52.58,53.29,,FUZZY,"35.13,33.19,26.62,52.58,53.29,FUZZY"
2026-05-13T13:42:18,3931.08,35.13,33.19,26.69,67.83,55.32,,FUZZY,"35.13,33.19,26.69,67.83,55.32,FUZZY"
2026-05-13T13:42:19,3932.49,35.13,33.19,26.62,66.73,56.95,,FUZZY,"35.13,33.19,26.62,66.73,56.95,FUZZY"
2026-05-13T13:42:21,3933.89,35.13,33.19,26.69,85.49,51.83,,FUZZY,"35.13,33.19,26.69,85.49,51.83,FUZZY"
2026-05-13T13:42:22,3935.3,35.13,33.19,26.69,67.8,54.24,,FUZZY,"35.13,33.19,26.69,67.80,54.24,FUZZY"
2026-05-13T13:42:23,3936.71,35.13,33.19,26.69,62.52,56.13,,FUZZY,"35.13,33.19,26.69,62.52,56.13,FUZZY"
2026-05-13T13:42:25,3938.11,35.13,33.19,26.69,59.81,57.55,,FUZZY,"35.13,33.19,26.69,59.81,57.55,FUZZY"
2026-05-13T13:42:26,3939.52,35.13,33.19,26.69,79.72,52.29,,FUZZY,"35.13,33.19,26.69,79.72,52.29,FUZZY"
2026-05-13T13:42:28,3940.93,35.13,33.19,26.69,78.09,48.34,,FUZZY,"35.13,33.19,26.69,78.09,48.34,FUZZY"
2026-05-13T13:42:29,3942.33,35.13,33.19,26.69,57.04,51.71,,FUZZY,"35.13,33.19,26.69,57.04,51.71,FUZZY"
2026-05-13T13:42:30,3943.74,35.13,33.19,26.69,57.61,54.24,,FUZZY,"35.13,33.19,26.69,57.61,54.24,FUZZY"
2026-05-13T13:42:32,3945.15,35.13,33.19,26.69,60.25,56.13,,FUZZY,"35.13,33.19,26.69,60.25,56.13,FUZZY"
2026-05-13T13:42:33,3946.56,35.13,33.19,26.69,66.7,57.55,,FUZZY,"35.13,33.19,26.69,66.70,57.55,FUZZY"
2026-05-13T13:42:35,3947.97,35.13,33.19,26.69,72.28,54.58,,FUZZY,"35.13,33.19,26.69,72.28,54.58,FUZZY"
2026-05-13T13:42:36,3949.38,35.13,33.19,26.69,69.11,56.11,,FUZZY,"35.13,33.19,26.69,69.11,56.11,FUZZY"
2026-05-13T13:42:38,3950.78,35.13,33.25,26.69,66.64,57.54,,FUZZY,"35.13,33.25,26.69,66.64,57.54,FUZZY"
2026-05-13T13:42:39,3952.19,35.13,33.19,26.69,83.06,52.28,,FUZZY,"35.13,33.19,26.69,83.06,52.28,FUZZY"
2026-05-13T13:42:40,3953.6,35.13,33.19,26.69,85.42,48.33,,FUZZY,"35.13,33.19,26.69,85.42,48.33,FUZZY"
2026-05-13T13:42:42,3955.01,35.13,33.19,26.69,68.37,51.54,,FUZZY,"35.13,33.19,26.69,68.37,51.54,FUZZY"
2026-05-13T13:42:43,3956.41,35.13,33.19,26.69,63.95,54.11,,FUZZY,"35.13,33.19,26.69,63.95,54.11,FUZZY"
2026-05-13T13:42:45,3957.82,35.13,33.19,26.69,56.18,56.04,,FUZZY,"35.13,33.19,26.69,56.18,56.04,FUZZY"
2026-05-13T13:42:46,3959.23,35.19,33.19,26.69,82.47,51.35,,FUZZY,"35.19,33.19,26.69,82.47,51.35,FUZZY"
2026-05-13T13:42:47,3960.63,35.13,33.19,26.75,79.19,47.64,,FUZZY,"35.13,33.19,26.75,79.19,47.64,FUZZY"
2026-05-13T13:42:49,3962.04,35.13,33.19,26.69,66.48,51.18,,FUZZY,"35.13,33.19,26.69,66.48,51.18,FUZZY"
2026-05-13T13:42:50,3963.45,35.13,33.19,26.69,61.39,53.84,,FUZZY,"35.13,33.19,26.69,61.39,53.84,FUZZY"
2026-05-13T13:42:52,3964.85,35.13,33.19,26.75,58.16,55.84,,FUZZY,"35.13,33.19,26.75,58.16,55.84,FUZZY"
2026-05-13T13:42:53,3966.27,35.19,33.19,26.69,49.66,57.04,,FUZZY,"35.19,33.19,26.69,49.66,57.04,FUZZY"
2026-05-13T13:42:54,3967.68,35.13,33.19,26.69,61.26,58.24,,FUZZY,"35.13,33.19,26.69,61.26,58.24,FUZZY"
2026-05-13T13:42:56,3969.08,35.13,33.13,26.69,80.31,52.8,,FUZZY,"35.13,33.13,26.69,80.31,52.80,FUZZY"
2026-05-13T13:42:57,3970.5,35.13,33.13,26.69,72.32,50.97,,FUZZY,"35.13,33.13,26.69,72.32,50.97,FUZZY"
2026-05-13T13:42:59,3971.91,35.13,33.19,26.75,49.93,53.23,,FUZZY,"35.13,33.19,26.75,49.93,53.23,FUZZY"
2026-05-13T13:43:00,3973.32,35.13,33.13,26.75,50.57,55.04,,FUZZY,"35.13,33.13,26.75,50.57,55.04,FUZZY"
2026-05-13T13:43:01,3974.73,35.13,33.19,26.75,62.23,56.74,,FUZZY,"35.13,33.19,26.75,62.23,56.74,FUZZY"
2026-05-13T13:43:03,3976.13,35.13,33.19,26.75,60.29,58.01,,FUZZY,"35.13,33.19,26.75,60.29,58.01,FUZZY"
2026-05-13T13:43:04,3977.55,35.13,33.13,26.75,73.92,53.43,,FUZZY,"35.13,33.13,26.75,73.92,53.43,FUZZY"
2026-05-13T13:43:06,3978.95,35.13,33.13,26.75,68.57,55.33,,FUZZY,"35.13,33.13,26.75,68.57,55.33,FUZZY"
2026-05-13T13:43:07,3980.36,35.13,33.19,26.75,81.43,50.62,,FUZZY,"35.13,33.19,26.75,81.43,50.62,FUZZY"
2026-05-13T13:43:09,3981.77,35.13,33.19,26.75,69.17,53.14,,FUZZY,"35.13,33.19,26.75,69.17,53.14,FUZZY"
2026-05-13T13:43:10,3983.18,35.13,33.19,26.75,58.27,55.31,,FUZZY,"35.13,33.19,26.75,58.27,55.31,FUZZY"
2026-05-13T13:43:11,3984.58,35.13,33.19,26.75,80.31,50.6,,FUZZY,"35.13,33.19,26.75,80.31,50.60,FUZZY"
2026-05-13T13:43:13,3985.99,35.13,33.19,26.75,54.32,53.41,,FUZZY,"35.13,33.19,26.75,54.32,53.41,FUZZY"
2026-05-13T13:43:14,3987.4,35.13,33.19,26.75,58.33,55.51,,FUZZY,"35.13,33.19,26.75,58.33,55.51,FUZZY"
2026-05-13T13:43:16,3988.81,35.13,33.19,26.75,78.53,50.76,,FUZZY,"35.13,33.19,26.75,78.53,50.76,FUZZY"
2026-05-13T13:43:17,3990.21,35.13,33.13,26.75,86.01,47.19,,FUZZY,"35.13,33.13,26.75,86.01,47.19,FUZZY"
2026-05-13T13:43:18,3991.62,35.13,33.19,26.75,60.81,50.85,,FUZZY,"35.13,33.19,26.75,60.81,50.85,FUZZY"
2026-05-13T13:43:20,3993.03,35.13,33.19,26.75,53.12,53.59,,FUZZY,"35.13,33.19,26.75,53.12,53.59,FUZZY"
2026-05-13T13:43:21,3994.43,35.13,33.19,26.75,81.25,49.31,,FUZZY,"35.13,33.19,26.75,81.25,49.31,FUZZY"
2026-05-13T13:43:23,3995.84,35.13,33.13,26.75,67.9,52.33,,FUZZY,"35.13,33.13,26.75,67.90,52.33,FUZZY"
2026-05-13T13:43:24,3997.25,35.13,33.19,26.75,60.76,54.71,,FUZZY,"35.13,33.19,26.75,60.76,54.71,FUZZY"
2026-05-13T13:43:25,3998.65,35.13,33.13,26.75,59.1,56.48,,FUZZY,"35.13,33.13,26.75,59.10,56.48,FUZZY"
2026-05-13T13:43:27,4000.06,35.13,33.13,26.75,83.64,51.49,,FUZZY,"35.13,33.13,26.75,83.64,51.49,FUZZY"
2026-05-13T13:43:28,4001.47,35.13,33.13,26.75,85.06,47.74,,FUZZY,"35.13,33.13,26.75,85.06,47.74,FUZZY"
2026-05-13T13:43:30,4002.88,35.13,33.19,26.69,73.62,45.99,,FUZZY,"35.13,33.19,26.69,73.62,45.99,FUZZY"
2026-05-13T13:43:31,4004.29,35.13,33.13,26.69,50.45,49.59,,FUZZY,"35.13,33.13,26.69,50.45,49.59,FUZZY"
2026-05-13T13:43:32,4005.7,35.13,33.13,26.69,47.18,51.47,,FUZZY,"35.13,33.13,26.69,47.18,51.47,FUZZY"
2026-05-13T13:43:34,4007.11,35.13,33.13,26.75,77.67,47.73,,FUZZY,"35.13,33.13,26.75,77.67,47.73,FUZZY"
2026-05-13T13:43:35,4008.52,35.13,33.13,26.75,64.67,51.25,,FUZZY,"35.13,33.13,26.75,64.67,51.25,FUZZY"
2026-05-13T13:43:37,4009.93,35.13,33.13,26.69,63.67,53.89,,FUZZY,"35.13,33.13,26.69,63.67,53.89,FUZZY"
2026-05-13T13:43:38,4011.33,35.13,33.13,26.69,66.87,55.87,,FUZZY,"35.13,33.13,26.69,66.87,55.87,FUZZY"
2026-05-13T13:43:40,4012.75,35.13,33.19,26.75,74.75,51.06,,FUZZY,"35.13,33.19,26.75,74.75,51.06,FUZZY"
2026-05-13T13:43:41,4014.16,35.13,33.13,26.75,72.5,49.5,,FUZZY,"35.13,33.13,26.75,72.50,49.50,FUZZY"
2026-05-13T13:43:42,4015.57,35.13,33.13,26.75,63.2,52.58,,FUZZY,"35.13,33.13,26.75,63.20,52.58,FUZZY"
2026-05-13T13:43:44,4016.98,35.13,33.13,26.69,46.88,53.85,,FUZZY,"35.13,33.13,26.69,46.88,53.85,FUZZY"
2026-05-13T13:43:45,4018.39,35.13,33.13,26.69,36.75,55.84,,FUZZY,"35.13,33.13,26.69,36.75,55.84,FUZZY"
2026-05-13T13:43:47,4019.8,35.13,33.19,26.75,74.7,51.08,,FUZZY,"35.13,33.19,26.75,74.70,51.08,FUZZY"
2026-05-13T13:43:48,4021.21,35.13,33.13,26.75,68.88,53.52,,FUZZY,"35.13,33.13,26.75,68.88,53.52,FUZZY"
2026-05-13T13:43:49,4022.63,35.13,33.13,26.75,70.15,54.87,,FUZZY,"35.13,33.13,26.75,70.15,54.87,FUZZY"
2026-05-13T13:43:51,4024.03,35.13,33.13,26.69,63.46,56.6,,FUZZY,"35.13,33.13,26.69,63.46,56.60,FUZZY"
2026-05-13T13:43:52,4025.44,35.13,33.19,26.75,69.18,57.62,,FUZZY,"35.13,33.19,26.75,69.18,57.62,FUZZY"
2026-05-13T13:43:54,4026.85,35.13,33.13,26.75,68.47,58.49,,FUZZY,"35.13,33.13,26.75,68.47,58.49,FUZZY"
2026-05-13T13:43:55,4028.26,35.13,33.19,26.75,79.59,52.99,,FUZZY,"35.13,33.19,26.75,79.59,52.99,FUZZY"
2026-05-13T13:43:56,4029.66,35.13,33.19,26.75,60.64,55.2,,FUZZY,"35.13,33.19,26.75,60.64,55.20,FUZZY"
2026-05-13T13:43:58,4031.07,35.13,33.13,26.69,84.25,50.52,,FUZZY,"35.13,33.13,26.69,84.25,50.52,FUZZY"
2026-05-13T13:43:59,4032.48,35.13,33.13,26.69,52.3,53.26,,FUZZY,"35.13,33.13,26.69,52.30,53.26,FUZZY"
2026-05-13T13:44:01,4033.89,35.13,33.13,26.75,49.12,54.73,,FUZZY,"35.13,33.13,26.75,49.12,54.73,FUZZY"
2026-05-13T13:44:02,4035.3,35.13,33.19,26.75,50.85,56.22,,FUZZY,"35.13,33.19,26.75,50.85,56.22,FUZZY"
2026-05-13T13:44:03,4036.7,35.13,33.13,26.75,53.34,57.62,,FUZZY,"35.13,33.13,26.75,53.34,57.62,FUZZY"
2026-05-13T13:44:05,4038.11,35.13,33.19,26.75,59.74,58.67,,FUZZY,"35.13,33.19,26.75,59.74,58.67,FUZZY"
2026-05-13T13:44:06,4039.52,35.13,33.13,26.75,83.89,53.13,,FUZZY,"35.13,33.13,26.75,83.89,53.13,FUZZY"
2026-05-13T13:44:08,4040.93,35.13,33.19,26.75,68.96,55.05,,FUZZY,"35.13,33.19,26.75,68.96,55.05,FUZZY"
2026-05-13T13:44:09,4042.33,35.13,33.19,26.75,68.98,56.49,,FUZZY,"35.13,33.19,26.75,68.98,56.49,FUZZY"
2026-05-13T13:44:10,4043.74,35.13,33.13,26.75,66.59,57.82,,FUZZY,"35.13,33.13,26.75,66.59,57.82,FUZZY"
2026-05-13T13:44:12,4045.15,35.13,33.13,26.69,86.64,52.49,,FUZZY,"35.13,33.13,26.69,86.64,52.49,FUZZY"
2026-05-13T13:44:13,4046.56,35.13,33.19,26.75,82.05,48.49,,FUZZY,"35.13,33.19,26.75,82.05,48.49,FUZZY"
2026-05-13T13:44:15,4047.96,35.13,33.13,26.75,62.22,51.82,,FUZZY,"35.13,33.13,26.75,62.22,51.82,FUZZY"
2026-05-13T13:44:16,4049.37,35.13,33.19,26.75,64.49,54.32,,FUZZY,"35.13,33.19,26.75,64.49,54.32,FUZZY"
2026-05-13T13:44:18,4050.78,35.13,33.13,26.75,69.0,55.94,,FUZZY,"35.13,33.13,26.75,69.00,55.94,FUZZY"
2026-05-13T13:44:19,4052.18,35.13,33.13,26.75,64.8,57.41,,FUZZY,"35.13,33.13,26.75,64.80,57.41,FUZZY"
2026-05-13T13:44:20,4053.59,35.13,33.19,26.75,84.72,52.18,,FUZZY,"35.13,33.19,26.75,84.72,52.18,FUZZY"
2026-05-13T13:44:22,4055.0,35.13,33.19,26.75,87.89,48.26,,FUZZY,"35.13,33.19,26.75,87.89,48.26,FUZZY"
2026-05-13T13:44:23,4056.41,35.13,33.19,26.69,72.36,47.54,,FUZZY,"35.13,33.19,26.69,72.36,47.54,FUZZY"
2026-05-13T13:44:25,4057.82,35.13,33.13,26.75,57.74,51.11,,FUZZY,"35.13,33.13,26.75,57.74,51.11,FUZZY"
2026-05-13T13:44:26,4059.23,35.13,33.19,26.69,60.3,53.78,,FUZZY,"35.13,33.19,26.69,60.30,53.78,FUZZY"
2026-05-13T13:44:27,4060.63,35.13,33.13,26.69,57.12,55.79,,FUZZY,"35.13,33.13,26.69,57.12,55.79,FUZZY"
2026-05-13T13:44:29,4062.04,35.13,33.19,26.75,61.25,57.3,,FUZZY,"35.13,33.19,26.75,61.25,57.30,FUZZY"
2026-05-13T13:44:30,4063.45,35.13,33.13,26.69,84.5,52.1,,FUZZY,"35.13,33.13,26.69,84.50,52.10,FUZZY"
2026-05-13T13:44:32,4064.85,35.13,33.19,26.69,80.0,48.2,,FUZZY,"35.13,33.19,26.69,80.00,48.20,FUZZY"
2026-05-13T13:44:33,4066.27,35.13,33.19,26.69,74.0,45.99,,FUZZY,"35.13,33.19,26.69,74.00,45.99,FUZZY"
2026-05-13T13:44:34,4067.68,35.13,33.19,26.75,68.6,49.75,,FUZZY,"35.13,33.19,26.75,68.60,49.75,FUZZY"
2026-05-13T13:44:36,4069.08,35.13,33.19,26.75,59.84,52.77,,FUZZY,"35.13,33.19,26.75,59.84,52.77,FUZZY"
2026-05-13T13:44:37,4070.49,35.13,33.19,26.75,59.34,55.03,,FUZZY,"35.13,33.19,26.75,59.34,55.03,FUZZY"
2026-05-13T13:44:39,4071.9,35.13,33.19,26.75,66.93,56.72,,FUZZY,"35.13,33.19,26.75,66.93,56.72,FUZZY"
2026-05-13T13:44:40,4073.31,35.13,33.13,26.75,83.17,51.67,,FUZZY,"35.13,33.13,26.75,83.17,51.67,FUZZY"
2026-05-13T13:44:41,4074.71,35.13,33.19,26.75,62.07,54.2,,FUZZY,"35.13,33.19,26.75,62.07,54.20,FUZZY"
2026-05-13T13:44:43,4076.12,35.13,33.13,26.75,53.03,56.1,,FUZZY,"35.13,33.13,26.75,53.03,56.10,FUZZY"
2026-05-13T13:44:44,4077.53,35.13,33.19,26.75,59.61,57.53,,FUZZY,"35.13,33.19,26.75,59.61,57.53,FUZZY"
2026-05-13T13:44:46,4078.93,35.13,33.19,26.75,83.84,52.27,,FUZZY,"35.13,33.19,26.75,83.84,52.27,FUZZY"
2026-05-13T13:44:47,4080.34,35.13,33.19,26.75,65.94,54.66,,FUZZY,"35.13,33.19,26.75,65.94,54.66,FUZZY"
2026-05-13T13:44:49,4081.75,35.13,33.19,26.75,62.98,56.45,,FUZZY,"35.13,33.19,26.75,62.98,56.45,FUZZY"
2026-05-13T13:44:50,4083.15,35.19,33.13,26.75,69.59,57.65,,FUZZY,"35.19,33.13,26.75,69.59,57.65,FUZZY"
2026-05-13T13:44:51,4084.57,35.13,33.19,26.75,72.24,54.69,,FUZZY,"35.13,33.19,26.75,72.24,54.69,FUZZY"
2026-05-13T13:44:53,4085.97,35.13,33.19,26.75,57.69,56.47,,FUZZY,"35.13,33.19,26.75,57.69,56.47,FUZZY"
2026-05-13T13:44:54,4087.38,35.13,33.13,26.75,57.88,57.81,,FUZZY,"35.13,33.13,26.75,57.88,57.81,FUZZY"
2026-05-13T13:44:56,4088.79,35.13,33.13,26.75,67.55,58.75,,FUZZY,"35.13,33.13,26.75,67.55,58.75,FUZZY"
2026-05-13T13:44:57,4090.2,35.13,33.13,26.75,84.02,53.18,,FUZZY,"35.13,33.13,26.75,84.02,53.18,FUZZY"
2026-05-13T13:44:58,4091.6,35.13,33.13,26.75,64.81,55.34,,FUZZY,"35.13,33.13,26.75,64.81,55.34,FUZZY"
2026-05-13T13:45:00,4093.01,35.13,33.19,26.75,83.52,50.63,,FUZZY,"35.13,33.19,26.75,83.52,50.63,FUZZY"
2026-05-13T13:45:01,4094.42,35.13,33.13,26.75,63.41,53.43,,FUZZY,"35.13,33.13,26.75,63.41,53.43,FUZZY"
2026-05-13T13:45:03,4095.82,35.13,33.13,26.75,66.16,55.52,,FUZZY,"35.13,33.13,26.75,66.16,55.52,FUZZY"
2026-05-13T13:45:04,4097.23,35.13,33.13,26.75,75.67,50.66,,FUZZY,"35.13,33.13,26.75,75.67,50.66,FUZZY"
2026-05-13T13:45:05,4098.64,35.13,33.13,26.75,65.67,53.45,,FUZZY,"35.13,33.13,26.75,65.67,53.45,FUZZY"
2026-05-13T13:45:07,4100.05,35.13,33.13,26.75,57.47,55.54,,FUZZY,"35.13,33.13,26.75,57.47,55.54,FUZZY"
2026-05-13T13:45:08,4101.45,35.13,33.13,26.75,65.59,57.11,,FUZZY,"35.13,33.13,26.75,65.59,57.11,FUZZY"
2026-05-13T13:45:10,4102.86,35.13,33.19,26.75,83.23,51.96,,FUZZY,"35.13,33.19,26.75,83.23,51.96,FUZZY"
2026-05-13T13:45:11,4104.27,35.13,33.13,26.69,67.49,54.36,,FUZZY,"35.13,33.13,26.69,67.49,54.36,FUZZY"
2026-05-13T13:45:12,4105.67,35.13,33.19,26.75,52.2,56.13,,FUZZY,"35.13,33.19,26.75,52.20,56.13,FUZZY"
2026-05-13T13:45:14,4107.08,35.13,33.19,26.75,50.88,57.28,,FUZZY,"35.13,33.19,26.75,50.88,57.28,FUZZY"
2026-05-13T13:45:15,4108.49,35.13,33.19,26.69,64.15,58.41,,FUZZY,"35.13,33.19,26.69,64.15,58.41,FUZZY"
2026-05-13T13:45:17,4109.89,35.13,33.19,26.69,65.86,59.26,,FUZZY,"35.13,33.19,26.69,65.86,59.26,FUZZY"
2026-05-13T13:45:18,4111.31,35.13,33.19,26.69,71.94,56.19,,FUZZY,"35.13,33.19,26.69,71.94,56.19,FUZZY"
2026-05-13T13:45:19,4112.72,35.13,33.19,26.69,74.38,51.64,,FUZZY,"35.13,33.19,26.69,74.38,51.64,FUZZY"
2026-05-13T13:45:21,4114.13,35.13,33.19,26.69,75.35,47.7,,FUZZY,"35.13,33.19,26.69,75.35,47.70,FUZZY"
2026-05-13T13:45:22,4115.55,35.13,33.13,26.69,73.34,46.22,,FUZZY,"35.13,33.13,26.69,73.34,46.22,FUZZY"
2026-05-13T13:45:24,4116.96,35.13,33.19,26.69,50.94,49.85,,FUZZY,"35.13,33.19,26.69,50.94,49.85,FUZZY"
2026-05-13T13:45:25,4118.36,35.13,33.19,26.69,52.77,52.81,,FUZZY,"35.13,33.19,26.69,52.77,52.81,FUZZY"
2026-05-13T13:45:27,4119.77,35.13,33.19,26.69,58.91,55.06,,FUZZY,"35.13,33.19,26.69,58.91,55.06,FUZZY"
2026-05-13T13:45:28,4121.18,35.13,33.19,26.69,75.16,50.24,,FUZZY,"35.13,33.19,26.69,75.16,50.24,FUZZY"
2026-05-13T13:45:29,4122.58,35.13,33.19,26.69,54.67,53.13,,FUZZY,"35.13,33.19,26.69,54.67,53.13,FUZZY"
2026-05-13T13:45:31,4123.99,35.13,33.19,26.69,51.27,55.09,,FUZZY,"35.13,33.19,26.69,51.27,55.09,FUZZY"
2026-05-13T13:45:32,4125.4,35.13,33.13,26.69,64.91,56.77,,FUZZY,"35.13,33.13,26.69,64.91,56.77,FUZZY"
2026-05-13T13:45:34,4126.8,35.13,33.13,26.69,84.76,51.7,,FUZZY,"35.13,33.13,26.69,84.76,51.70,FUZZY"
2026-05-13T13:45:35,4128.21,35.13,33.19,26.69,77.71,47.9,,FUZZY,"35.13,33.19,26.69,77.71,47.90,FUZZY"
2026-05-13T13:45:36,4129.62,35.13,33.19,26.69,52.08,51.27,,FUZZY,"35.13,33.19,26.69,52.08,51.27,FUZZY"
2026-05-13T13:45:38,4131.03,35.13,33.19,26.69,55.03,53.91,,FUZZY,"35.13,33.19,26.69,55.03,53.91,FUZZY"
2026-05-13T13:45:39,4132.43,35.13,33.19,26.69,55.01,55.88,,FUZZY,"35.13,33.19,26.69,55.01,55.88,FUZZY"
2026-05-13T13:45:41,4133.84,35.13,33.19,26.69,63.41,57.37,,FUZZY,"35.13,33.19,26.69,63.41,57.37,FUZZY"
2026-05-13T13:45:42,4135.25,35.13,33.19,26.69,60.16,58.48,,FUZZY,"35.13,33.19,26.69,60.16,58.48,FUZZY"
2026-05-13T13:45:43,4136.65,35.13,33.19,26.69,84.06,52.98,,FUZZY,"35.13,33.19,26.69,84.06,52.98,FUZZY"
2026-05-13T13:45:45,4138.06,35.13,33.13,26.69,65.43,55.19,,FUZZY,"35.13,33.13,26.69,65.43,55.19,FUZZY"
2026-05-13T13:45:46,4139.47,35.13,33.13,26.69,63.37,56.85,,FUZZY,"35.13,33.13,26.69,63.37,56.85,FUZZY"
2026-05-13T13:45:48,4140.88,35.06,33.19,26.69,75.75,51.49,,FUZZY,"35.06,33.19,26.69,75.75,51.49,FUZZY"
2026-05-13T13:45:49,4142.29,35.13,33.13,26.69,71.1,51.55,,FUZZY,"35.13,33.13,26.69,71.10,51.55,FUZZY"
2026-05-13T13:45:50,4143.7,35.13,33.19,26.69,75.84,47.71,,FUZZY,"35.13,33.19,26.69,75.84,47.71,FUZZY"
2026-05-13T13:45:52,4145.11,35.13,33.19,26.69,69.94,50.8,,FUZZY,"35.13,33.19,26.69,69.94,50.80,FUZZY"
2026-05-13T13:45:53,4146.52,35.13,33.19,26.69,70.57,52.03,,FUZZY,"35.13,33.19,26.69,70.57,52.03,FUZZY"
2026-05-13T13:45:55,4147.93,35.13,33.13,26.69,82.23,48.14,,FUZZY,"35.13,33.13,26.69,82.23,48.14,FUZZY"
2026-05-13T13:45:56,4149.33,35.13,33.13,26.69,64.09,51.56,,FUZZY,"35.13,33.13,26.69,64.09,51.56,FUZZY"
2026-05-13T13:45:57,4150.74,35.13,33.19,26.62,67.04,54.11,,FUZZY,"35.13,33.19,26.62,67.04,54.11,FUZZY"
2026-05-13T13:45:59,4152.15,35.06,33.13,26.62,51.41,55.66,,FUZZY,"35.06,33.13,26.62,51.41,55.66,FUZZY"
2026-05-13T13:46:00,4153.56,35.13,33.13,26.62,63.77,57.2,,FUZZY,"35.13,33.13,26.62,63.77,57.20,FUZZY"
2026-05-13T13:46:02,4154.96,35.13,33.13,26.69,63.91,58.36,,FUZZY,"35.13,33.13,26.69,63.91,58.36,FUZZY"
2026-05-13T13:46:03,4156.38,35.13,33.13,26.69,71.76,55.69,,FUZZY,"35.13,33.13,26.69,71.76,55.69,FUZZY"
2026-05-13T13:46:05,4157.78,35.06,33.19,26.69,82.71,50.69,,FUZZY,"35.06,33.19,26.69,82.71,50.69,FUZZY"
2026-05-13T13:46:06,4159.19,35.13,33.19,26.69,66.08,53.47,,FUZZY,"35.13,33.19,26.69,66.08,53.47,FUZZY"
2026-05-13T13:46:07,4160.6,35.13,33.19,26.69,69.63,55.19,,FUZZY,"35.13,33.19,26.69,69.63,55.19,FUZZY"
2026-05-13T13:46:09,4162.01,35.06,33.13,26.69,65.65,56.65,,FUZZY,"35.06,33.13,26.69,65.65,56.65,FUZZY"
2026-05-13T13:46:10,4163.42,35.13,33.13,26.69,74.26,52.09,,FUZZY,"35.13,33.13,26.69,74.26,52.09,FUZZY"
2026-05-13T13:46:12,4164.83,35.13,33.13,26.69,81.9,48.19,,FUZZY,"35.13,33.13,26.69,81.90,48.19,FUZZY"
2026-05-13T13:46:13,4166.23,35.13,33.19,26.62,60.96,51.6,,FUZZY,"35.13,33.19,26.62,60.96,51.60,FUZZY"
2026-05-13T13:46:14,4167.64,35.13,33.19,26.69,38.78,54.15,,FUZZY,"35.13,33.19,26.69,38.78,54.15,FUZZY"
2026-05-13T13:46:16,4169.05,35.13,33.19,26.69,53.31,56.07,,FUZZY,"35.13,33.19,26.69,53.31,56.07,FUZZY"
2026-05-13T13:46:17,4170.45,35.13,33.19,26.69,54.93,57.51,,FUZZY,"35.13,33.19,26.69,54.93,57.51,FUZZY"
2026-05-13T13:46:19,4171.87,35.13,33.19,26.69,72.97,53.91,,FUZZY,"35.13,33.19,26.69,72.97,53.91,FUZZY"
2026-05-13T13:46:20,4173.28,35.06,33.19,26.69,64.59,55.69,,FUZZY,"35.06,33.19,26.69,64.59,55.69,FUZZY"
2026-05-13T13:46:21,4174.69,35.06,33.19,26.62,70.84,55.06,,FUZZY,"35.06,33.19,26.62,70.84,55.06,FUZZY"
2026-05-13T13:46:23,4176.1,35.06,33.13,26.69,75.73,50.14,,FUZZY,"35.06,33.13,26.69,75.73,50.14,FUZZY"
2026-05-13T13:46:24,4177.51,35.13,33.19,26.62,85.49,46.73,,FUZZY,"35.13,33.19,26.62,85.49,46.73,FUZZY"
2026-05-13T13:46:26,4178.91,35.06,33.19,26.69,67.8,50.23,,FUZZY,"35.06,33.19,26.69,67.80,50.23,FUZZY"
2026-05-13T13:46:27,4180.32,35.06,33.19,26.69,55.92,52.93,,FUZZY,"35.06,33.19,26.69,55.92,52.93,FUZZY"
2026-05-13T13:46:28,4181.73,35.13,33.13,26.69,46.37,54.32,,FUZZY,"35.13,33.13,26.69,46.37,54.32,FUZZY"
2026-05-13T13:46:30,4183.14,35.06,33.19,26.69,78.55,49.66,,FUZZY,"35.06,33.19,26.69,78.55,49.66,FUZZY"
2026-05-13T13:46:31,4184.55,35.06,33.19,26.69,58.42,52.5,,FUZZY,"35.06,33.19,26.69,58.42,52.50,FUZZY"
2026-05-13T13:46:33,4185.96,35.13,33.13,26.62,65.37,54.83,,FUZZY,"35.13,33.13,26.62,65.37,54.83,FUZZY"
2026-05-13T13:46:34,4187.36,35.06,33.13,26.69,81.35,50.05,,FUZZY,"35.06,33.13,26.69,81.35,50.05,FUZZY"
2026-05-13T13:46:36,4188.78,35.06,33.13,26.69,71.54,49.56,,FUZZY,"35.06,33.13,26.69,71.54,49.56,FUZZY"
2026-05-13T13:46:37,4190.19,35.13,33.13,26.69,76.02,46.24,,FUZZY,"35.13,33.13,26.69,76.02,46.24,FUZZY"
2026-05-13T13:46:38,4191.6,35.06,33.13,26.69,70.61,48.39,,FUZZY,"35.06,33.13,26.69,70.61,48.39,FUZZY"
2026-05-13T13:46:40,4193.01,35.13,33.13,26.69,57.04,51.75,,FUZZY,"35.13,33.13,26.69,57.04,51.75,FUZZY"
2026-05-13T13:46:41,4194.42,35.13,33.13,26.69,61.22,54.26,,FUZZY,"35.13,33.13,26.69,61.22,54.26,FUZZY"
2026-05-13T13:46:43,4195.83,35.13,33.19,26.69,73.09,51.37,,FUZZY,"35.13,33.19,26.69,73.09,51.37,FUZZY"
2026-05-13T13:46:44,4197.25,35.06,33.13,26.69,71.23,51.11,,FUZZY,"35.06,33.13,26.69,71.23,51.11,FUZZY"
2026-05-13T13:46:45,4198.65,35.13,33.13,26.69,66.29,53.79,,FUZZY,"35.13,33.13,26.69,66.29,53.79,FUZZY"
2026-05-13T13:46:47,4200.06,35.13,33.19,26.69,53.52,55.79,,FUZZY,"35.13,33.19,26.69,53.52,55.79,FUZZY"
2026-05-13T13:46:48,4201.47,35.13,33.13,26.69,65.21,57.3,,FUZZY,"35.13,33.13,26.69,65.21,57.30,FUZZY"
2026-05-13T13:46:50,4202.87,35.13,33.13,26.69,75.88,52.02,,FUZZY,"35.13,33.13,26.69,75.88,52.02,FUZZY"
2026-05-13T13:46:51,4204.28,35.13,33.19,26.69,65.15,54.47,,FUZZY,"35.13,33.19,26.69,65.15,54.47,FUZZY"
2026-05-13T13:46:52,4205.69,35.13,33.13,26.69,77.66,49.98,,FUZZY,"35.13,33.13,26.69,77.66,49.98,FUZZY"
2026-05-13T13:46:54,4207.09,35.13,33.13,26.69,67.06,52.92,,FUZZY,"35.13,33.13,26.69,67.06,52.92,FUZZY"
2026-05-13T13:46:55,4208.5,35.13,33.13,26.69,64.63,55.14,,FUZZY,"35.13,33.13,26.69,64.63,55.14,FUZZY"
2026-05-13T13:46:57,4209.92,35.13,33.13,26.69,73.25,51.88,,FUZZY,"35.13,33.13,26.69,73.25,51.88,FUZZY"
2026-05-13T13:46:58,4211.32,35.13,33.13,26.69,79.1,48.04,,FUZZY,"35.13,33.13,26.69,79.10,48.04,FUZZY"
2026-05-13T13:46:59,4212.73,35.13,33.13,26.69,67.64,51.41,,FUZZY,"35.13,33.13,26.69,67.64,51.41,FUZZY"
2026-05-13T13:47:01,4214.14,35.13,33.13,26.69,58.86,54.01,,FUZZY,"35.13,33.13,26.69,58.86,54.01,FUZZY"
2026-05-13T13:47:02,4215.55,35.13,33.13,26.69,64.34,55.96,,FUZZY,"35.13,33.13,26.69,64.34,55.96,FUZZY"
2026-05-13T13:47:04,4216.95,35.13,33.13,26.69,80.34,51.09,,FUZZY,"35.13,33.13,26.69,80.34,51.09,FUZZY"
2026-05-13T13:47:05,4218.36,35.13,33.13,26.69,77.13,47.44,,FUZZY,"35.13,33.13,26.69,77.13,47.44,FUZZY"
2026-05-13T13:47:07,4219.77,35.13,33.13,26.69,57.85,51.04,,FUZZY,"35.13,33.13,26.69,57.85,51.04,FUZZY"
2026-05-13T13:47:08,4221.17,35.13,33.13,26.69,58.54,53.73,,FUZZY,"35.13,33.13,26.69,58.54,53.73,FUZZY"
2026-05-13T13:47:09,4222.59,35.13,33.13,26.69,48.62,54.92,,FUZZY,"35.13,33.13,26.69,48.62,54.92,FUZZY"
2026-05-13T13:47:11,4223.99,35.13,33.13,26.69,56.65,56.64,,FUZZY,"35.13,33.13,26.69,56.65,56.64,FUZZY"
2026-05-13T13:47:12,4225.4,35.13,33.13,26.69,82.66,51.61,,FUZZY,"35.13,33.13,26.69,82.66,51.61,FUZZY"
2026-05-13T13:47:14,4226.81,35.13,33.19,26.69,67.86,54.06,,FUZZY,"35.13,33.19,26.69,67.86,54.06,FUZZY"
2026-05-13T13:47:15,4228.22,35.13,33.13,26.69,51.15,55.76,,FUZZY,"35.13,33.13,26.69,51.15,55.76,FUZZY"
2026-05-13T13:47:16,4229.62,35.13,33.13,26.75,55.86,57.28,,FUZZY,"35.13,33.13,26.75,55.86,57.28,FUZZY"
2026-05-13T13:47:18,4231.04,35.13,33.13,26.69,70.34,57.32,,FUZZY,"35.13,33.13,26.69,70.34,57.32,FUZZY"
