timestamp,time_s,T_CPU,T_CASE,T_AMBIENT,noise,pwm,rpm,mode,raw_line
2026-05-13T13:54:42,2.05,34.75,32.44,26.25,36.6,11.75,,FUZZY,"34.75,32.44,26.25,36.60,11.75,FUZZY"
2026-05-13T13:54:43,3.46,34.81,32.44,26.25,36.84,20.86,,FUZZY,"34.81,32.44,26.25,36.84,20.86,FUZZY"
2026-05-13T13:54:45,4.88,34.81,32.44,26.25,41.14,27.69,,FUZZY,"34.81,32.44,26.25,41.14,27.69,FUZZY"
2026-05-13T13:54:46,6.3,34.81,32.44,26.25,48.25,31.48,,FUZZY,"34.81,32.44,26.25,48.25,31.48,FUZZY"
2026-05-13T13:54:47,7.72,34.88,32.38,26.19,55.3,35.75,,FUZZY,"34.88,32.38,26.19,55.30,35.75,FUZZY"
2026-05-13T13:54:49,9.25,34.88,32.38,26.25,52.12,26.81,,TARGET_36,"34.88,32.38,26.25,52.12,26.81,TARGET_36"
2026-05-13T13:54:50,10.54,34.88,32.31,26.25,44.25,20.11,,TARGET_36,"34.88,32.31,26.25,44.25,20.11,TARGET_36"
2026-05-13T13:54:51,11.82,34.88,32.38,26.25,39.3,15.08,,TARGET_36,"34.88,32.38,26.25,39.30,15.08,TARGET_36"
2026-05-13T13:54:53,13.11,34.94,32.31,26.19,45.12,11.31,,TARGET_36,"34.94,32.31,26.19,45.12,11.31,TARGET_36"
2026-05-13T13:54:54,14.4,34.94,32.31,26.25,36.65,8.48,,TARGET_36,"34.94,32.31,26.25,36.65,8.48,TARGET_36"
2026-05-13T13:54:55,15.68,34.94,32.31,26.25,37.46,6.36,,TARGET_36,"34.94,32.31,26.25,37.46,6.36,TARGET_36"
2026-05-13T13:54:57,16.97,35.0,32.31,26.25,38.98,4.77,,TARGET_36,"35.00,32.31,26.25,38.98,4.77,TARGET_36"
2026-05-13T13:54:58,18.25,35.0,32.31,26.25,32.99,3.58,,TARGET_36,"35.00,32.31,26.25,32.99,3.58,TARGET_36"
2026-05-13T13:54:59,19.54,35.0,32.31,26.25,37.2,2.68,,TARGET_36,"35.00,32.31,26.25,37.20,2.68,TARGET_36"
2026-05-13T13:55:00,20.83,35.0,32.25,26.25,38.28,2.01,,TARGET_36,"35.00,32.25,26.25,38.28,2.01,TARGET_36"
2026-05-13T13:55:02,22.11,35.0,32.25,26.25,32.11,1.51,,TARGET_36,"35.00,32.25,26.25,32.11,1.51,TARGET_36"
2026-05-13T13:55:03,23.4,35.06,32.19,26.25,36.84,1.13,,TARGET_36,"35.06,32.19,26.25,36.84,1.13,TARGET_36"
2026-05-13T13:55:04,24.68,35.06,32.25,26.25,29.14,0.85,,TARGET_36,"35.06,32.25,26.25,29.14,0.85,TARGET_36"
2026-05-13T13:55:06,25.97,35.13,32.19,26.25,32.66,0.64,,TARGET_36,"35.13,32.19,26.25,32.66,0.64,TARGET_36"
2026-05-13T13:55:07,27.25,35.13,32.19,26.25,40.06,0.48,,TARGET_36,"35.13,32.19,26.25,40.06,0.48,TARGET_36"
2026-05-13T13:55:08,28.54,35.13,32.13,26.25,31.02,0.36,,TARGET_36,"35.13,32.13,26.25,31.02,0.36,TARGET_36"
2026-05-13T13:55:09,29.82,35.19,32.13,26.19,40.61,0.27,,TARGET_36,"35.19,32.13,26.19,40.61,0.27,TARGET_36"
2026-05-13T13:55:11,31.11,35.19,32.13,26.19,38.44,0.2,,TARGET_36,"35.19,32.13,26.19,38.44,0.20,TARGET_36"
2026-05-13T13:55:12,32.4,35.19,32.13,26.25,36.98,0.15,,TARGET_36,"35.19,32.13,26.25,36.98,0.15,TARGET_36"
2026-05-13T13:55:13,33.65,35.25,32.06,26.25,47.79,0.11,,TARGET_36,"35.25,32.06,26.25,47.79,0.11,TARGET_36"
2026-05-13T13:55:15,34.9,35.25,32.06,26.25,38.32,0.09,,TARGET_36,"35.25,32.06,26.25,38.32,0.09,TARGET_36"
2026-05-13T13:55:16,36.15,35.31,32.06,26.19,36.33,0.06,,TARGET_36,"35.31,32.06,26.19,36.33,0.06,TARGET_36"
2026-05-13T13:55:17,37.41,35.31,32.06,26.19,40.93,0.05,,TARGET_36,"35.31,32.06,26.19,40.93,0.05,TARGET_36"
2026-05-13T13:55:18,38.66,35.31,32.06,26.25,31.97,0.04,,TARGET_36,"35.31,32.06,26.25,31.97,0.04,TARGET_36"
2026-05-13T13:55:20,39.91,35.31,32.0,26.19,41.59,0.03,,TARGET_36,"35.31,32.00,26.19,41.59,0.03,TARGET_36"
2026-05-13T13:55:21,41.17,35.38,32.0,26.19,40.64,0.02,,TARGET_36,"35.38,32.00,26.19,40.64,0.02,TARGET_36"
2026-05-13T13:55:22,42.42,35.38,32.0,26.19,34.25,0.02,,TARGET_36,"35.38,32.00,26.19,34.25,0.02,TARGET_36"
2026-05-13T13:55:23,43.67,35.44,32.0,26.19,37.7,0.01,,TARGET_36,"35.44,32.00,26.19,37.70,0.01,TARGET_36"
2026-05-13T13:55:25,44.92,35.44,32.0,26.25,43.28,0.01,,TARGET_36,"35.44,32.00,26.25,43.28,0.01,TARGET_36"
2026-05-13T13:55:26,46.18,35.5,32.0,26.19,52.11,0.01,,TARGET_36,"35.50,32.00,26.19,52.11,0.01,TARGET_36"
2026-05-13T13:55:27,47.43,35.5,31.94,26.19,48.44,0.0,,TARGET_36,"35.50,31.94,26.19,48.44,0.00,TARGET_36"
2026-05-13T13:55:28,48.68,35.5,31.94,26.19,41.58,0.0,,TARGET_36,"35.50,31.94,26.19,41.58,0.00,TARGET_36"
2026-05-13T13:55:30,49.94,35.56,31.94,26.19,41.83,0.0,,TARGET_36,"35.56,31.94,26.19,41.83,0.00,TARGET_36"
2026-05-13T13:55:31,51.19,35.63,31.94,26.19,46.13,0.0,,TARGET_36,"35.63,31.94,26.19,46.13,0.00,TARGET_36"
2026-05-13T13:55:32,52.44,35.63,31.94,26.19,46.05,0.0,,TARGET_36,"35.63,31.94,26.19,46.05,0.00,TARGET_36"
2026-05-13T13:55:33,53.69,35.63,31.87,26.19,50.22,0.0,,TARGET_36,"35.63,31.87,26.19,50.22,0.00,TARGET_36"
2026-05-13T13:55:35,54.95,35.69,31.87,26.19,44.69,0.0,,TARGET_36,"35.69,31.87,26.19,44.69,0.00,TARGET_36"
2026-05-13T13:55:36,56.2,35.69,31.87,26.19,38.88,0.0,,TARGET_36,"35.69,31.87,26.19,38.88,0.00,TARGET_36"
2026-05-13T13:55:37,57.45,35.69,31.87,26.19,41.95,0.0,,TARGET_36,"35.69,31.87,26.19,41.95,0.00,TARGET_36"
2026-05-13T13:55:38,58.7,35.75,31.87,26.19,37.18,0.0,,TARGET_36,"35.75,31.87,26.19,37.18,0.00,TARGET_36"
2026-05-13T13:55:40,59.96,35.81,31.81,26.19,43.07,0.0,,TARGET_36,"35.81,31.81,26.19,43.07,0.00,TARGET_36"
2026-05-13T13:55:41,61.21,35.88,31.81,26.19,39.43,0.0,,TARGET_36,"35.88,31.81,26.19,39.43,0.00,TARGET_36"
2026-05-13T13:55:42,62.46,35.81,31.81,26.19,28.97,0.0,,TARGET_36,"35.81,31.81,26.19,28.97,0.00,TARGET_36"
2026-05-13T13:55:43,63.72,35.88,31.81,26.19,31.99,0.0,,TARGET_36,"35.88,31.81,26.19,31.99,0.00,TARGET_36"
2026-05-13T13:55:45,64.97,35.94,31.81,26.19,32.6,0.0,,TARGET_36,"35.94,31.81,26.19,32.60,0.00,TARGET_36"
2026-05-13T13:55:46,66.22,35.94,31.75,26.19,28.64,0.0,,TARGET_36,"35.94,31.75,26.19,28.64,0.00,TARGET_36"
2026-05-13T13:55:47,67.47,35.94,31.75,26.19,36.66,0.0,,TARGET_36,"35.94,31.75,26.19,36.66,0.00,TARGET_36"
2026-05-13T13:55:48,68.73,36.0,31.75,26.19,33.86,0.0,,TARGET_36,"36.00,31.75,26.19,33.86,0.00,TARGET_36"
2026-05-13T13:55:50,69.98,36.06,31.75,26.19,31.54,0.0,,TARGET_36,"36.06,31.75,26.19,31.54,0.00,TARGET_36"
2026-05-13T13:55:51,71.23,36.13,31.75,26.19,32.42,0.0,,TARGET_36,"36.13,31.75,26.19,32.42,0.00,TARGET_36"
2026-05-13T13:55:52,72.49,36.19,31.75,26.19,25.57,0.0,,TARGET_36,"36.19,31.75,26.19,25.57,0.00,TARGET_36"
2026-05-13T13:55:53,73.74,36.19,31.69,26.19,33.03,0.0,,TARGET_36,"36.19,31.69,26.19,33.03,0.00,TARGET_36"
2026-05-13T13:55:55,74.99,36.25,31.69,26.19,34.21,7.81,,TARGET_36,"36.25,31.69,26.19,34.21,7.81,TARGET_36"
2026-05-13T13:55:56,76.28,36.31,31.62,26.19,40.08,14.06,,TARGET_36,"36.31,31.62,26.19,40.08,14.06,TARGET_36"
2026-05-13T13:55:57,77.56,36.38,31.69,26.19,43.03,19.14,,TARGET_36,"36.38,31.69,26.19,43.03,19.14,TARGET_36"
2026-05-13T13:55:58,78.85,36.38,31.62,26.19,49.61,22.95,,TARGET_36,"36.38,31.62,26.19,49.61,22.95,TARGET_36"
2026-05-13T13:56:00,80.14,36.44,31.62,26.19,49.25,26.2,,TARGET_36,"36.44,31.62,26.19,49.25,26.20,TARGET_36"
2026-05-13T13:56:01,81.42,36.56,31.62,26.19,49.1,29.41,,TARGET_36,"36.56,31.62,26.19,49.10,29.41,TARGET_36"
2026-05-13T13:56:02,82.71,36.63,31.62,26.19,52.64,32.22,,TARGET_36,"36.63,31.62,26.19,52.64,32.22,TARGET_36"
2026-05-13T13:56:04,83.99,36.69,31.62,26.19,49.26,34.71,,TARGET_36,"36.69,31.62,26.19,49.26,34.71,TARGET_36"
2026-05-13T13:56:05,85.28,36.75,31.62,26.19,56.3,36.97,,TARGET_36,"36.75,31.62,26.19,56.30,36.97,TARGET_36"
2026-05-13T13:56:06,86.56,36.88,31.62,26.19,57.32,39.45,,TARGET_36,"36.88,31.62,26.19,57.32,39.45,TARGET_36"
2026-05-13T13:56:07,87.85,36.94,31.62,26.19,48.13,41.69,,TARGET_36,"36.94,31.62,26.19,48.13,41.69,TARGET_36"
2026-05-13T13:56:09,89.14,37.0,31.62,26.19,54.65,43.77,,TARGET_36,"37.00,31.62,26.19,54.65,43.77,TARGET_36"
2026-05-13T13:56:10,90.42,37.06,31.62,26.19,54.26,45.72,,TARGET_36,"37.06,31.62,26.19,54.26,45.72,TARGET_36"
2026-05-13T13:56:11,91.71,37.13,31.62,26.19,58.9,47.57,,TARGET_36,"37.13,31.62,26.19,58.90,47.57,TARGET_36"
2026-05-13T13:56:13,92.99,37.19,31.62,26.19,50.56,49.35,,TARGET_36,"37.19,31.62,26.19,50.56,49.35,TARGET_36"
2026-05-13T13:56:14,94.28,37.31,31.62,26.19,54.42,51.47,,TARGET_36,"37.31,31.62,26.19,54.42,51.47,TARGET_36"
2026-05-13T13:56:15,95.57,37.38,31.62,26.19,57.17,53.44,,TARGET_36,"37.38,31.62,26.19,57.17,53.44,TARGET_36"
2026-05-13T13:56:16,96.85,37.44,31.62,26.25,52.27,55.32,,TARGET_36,"37.44,31.62,26.25,52.27,55.32,TARGET_36"
2026-05-13T13:56:18,98.14,37.5,31.62,26.19,65.31,57.11,,TARGET_36,"37.50,31.62,26.19,65.31,57.11,TARGET_36"
2026-05-13T13:56:19,99.42,37.63,31.69,26.19,62.12,59.24,,TARGET_36,"37.63,31.69,26.19,62.12,59.24,TARGET_36"
2026-05-13T13:56:20,100.71,37.69,31.62,26.19,65.65,61.23,,TARGET_36,"37.69,31.62,26.19,65.65,61.23,TARGET_36"
2026-05-13T13:56:22,102.0,37.75,31.69,26.19,83.86,63.11,,TARGET_36,"37.75,31.69,26.19,83.86,63.11,TARGET_36"
2026-05-13T13:56:23,103.28,37.81,31.69,26.19,93.54,64.91,,TARGET_36,"37.81,31.69,26.19,93.54,64.91,TARGET_36"
2026-05-13T13:56:24,104.57,37.88,31.69,26.19,97.42,66.65,,TARGET_36,"37.88,31.69,26.19,97.42,66.65,TARGET_36"
2026-05-13T13:56:26,105.85,37.94,31.75,26.19,98.97,68.35,,TARGET_36,"37.94,31.75,26.19,98.97,68.35,TARGET_36"
2026-05-13T13:56:27,107.14,38.0,31.75,26.19,91.19,70.01,,TARGET_36,"38.00,31.75,26.19,91.19,70.01,TARGET_36"
2026-05-13T13:56:28,108.43,38.06,31.75,26.19,96.47,71.65,,TARGET_36,"38.06,31.75,26.19,96.47,71.65,TARGET_36"
2026-05-13T13:56:29,109.71,38.13,31.75,26.19,98.59,73.27,,TARGET_36,"38.13,31.75,26.19,98.59,73.27,TARGET_36"
2026-05-13T13:56:31,111.0,38.25,31.81,26.25,99.44,75.26,,TARGET_36,"38.25,31.81,26.25,99.44,75.26,TARGET_36"
2026-05-13T13:56:32,112.28,38.31,31.81,26.25,99.77,77.15,,TARGET_36,"38.31,31.81,26.25,99.77,77.15,TARGET_36"
2026-05-13T13:56:33,113.57,38.31,31.81,26.25,99.91,78.57,,TARGET_36,"38.31,31.81,26.25,99.91,78.57,TARGET_36"
2026-05-13T13:56:35,114.86,38.38,31.81,26.25,99.96,80.02,,TARGET_36,"38.38,31.81,26.25,99.96,80.02,TARGET_36"
2026-05-13T13:56:36,116.14,38.44,31.87,26.19,99.99,81.5,,TARGET_36,"38.44,31.87,26.19,99.99,81.50,TARGET_36"
2026-05-13T13:56:37,117.43,38.5,31.87,26.19,99.99,83.0,,TARGET_36,"38.50,31.87,26.19,99.99,83.00,TARGET_36"
2026-05-13T13:56:38,118.71,38.56,31.94,26.25,100.0,84.51,,TARGET_36,"38.56,31.94,26.25,100.00,84.51,TARGET_36"
2026-05-13T13:56:40,120.0,38.63,31.94,26.19,100.0,86.04,,TARGET_36,"38.63,31.94,26.19,100.00,86.04,TARGET_36"
2026-05-13T13:56:41,121.29,38.69,32.0,26.19,100.0,87.58,,TARGET_36,"38.69,32.00,26.19,100.00,87.58,TARGET_36"
2026-05-13T13:56:42,122.57,38.69,32.0,26.25,100.0,88.73,,TARGET_36,"38.69,32.00,26.25,100.00,88.73,TARGET_36"
2026-05-13T13:56:44,123.86,38.75,32.0,26.25,100.0,89.99,,TARGET_36,"38.75,32.00,26.25,100.00,89.99,TARGET_36"
2026-05-13T13:56:45,125.14,38.81,32.06,26.25,100.0,91.32,,TARGET_36,"38.81,32.06,26.25,100.00,91.32,TARGET_36"
2026-05-13T13:56:46,126.43,38.81,32.06,26.19,100.0,92.32,,TARGET_36,"38.81,32.06,26.19,100.00,92.32,TARGET_36"
2026-05-13T13:56:47,127.72,38.88,32.06,26.25,100.0,93.46,,TARGET_36,"38.88,32.06,26.25,100.00,93.46,TARGET_36"
2026-05-13T13:56:49,129.0,38.88,32.13,26.19,100.0,94.31,,TARGET_36,"38.88,32.13,26.19,100.00,94.31,TARGET_36"
2026-05-13T13:56:50,130.29,38.88,32.13,26.25,100.0,94.95,,TARGET_36,"38.88,32.13,26.25,100.00,94.95,TARGET_36"
2026-05-13T13:56:51,131.57,38.94,32.13,26.25,100.0,95.82,,TARGET_36,"38.94,32.13,26.25,100.00,95.82,TARGET_36"
2026-05-13T13:56:53,132.86,38.94,32.19,26.19,100.0,96.48,,TARGET_36,"38.94,32.19,26.19,100.00,96.48,TARGET_36"
2026-05-13T13:56:54,134.15,38.94,32.25,26.25,100.0,96.97,,TARGET_36,"38.94,32.25,26.25,100.00,96.97,TARGET_36"
2026-05-13T13:56:55,135.43,38.94,32.25,26.19,100.0,97.33,,TARGET_36,"38.94,32.25,26.19,100.00,97.33,TARGET_36"
2026-05-13T13:56:56,136.72,38.94,32.25,26.19,100.0,97.61,,TARGET_36,"38.94,32.25,26.19,100.00,97.61,TARGET_36"
2026-05-13T13:56:58,138.0,38.94,32.25,26.19,100.0,97.82,,TARGET_36,"38.94,32.25,26.19,100.00,97.82,TARGET_36"
2026-05-13T13:56:59,139.29,38.94,32.31,26.25,100.0,97.97,,TARGET_36,"38.94,32.31,26.25,100.00,97.97,TARGET_36"
2026-05-13T13:57:00,140.58,38.94,32.31,26.19,100.0,98.09,,TARGET_36,"38.94,32.31,26.19,100.00,98.09,TARGET_36"
2026-05-13T13:57:02,141.86,38.94,32.31,26.19,100.0,98.18,,TARGET_36,"38.94,32.31,26.19,100.00,98.18,TARGET_36"
2026-05-13T13:57:03,143.15,38.94,32.38,26.19,100.0,98.24,,TARGET_36,"38.94,32.38,26.19,100.00,98.24,TARGET_36"
2026-05-13T13:57:04,144.44,38.88,32.38,26.25,100.0,97.9,,TARGET_36,"38.88,32.38,26.25,100.00,97.90,TARGET_36"
2026-05-13T13:57:05,145.72,38.88,32.38,26.19,100.0,97.64,,TARGET_36,"38.88,32.38,26.19,100.00,97.64,TARGET_36"
2026-05-13T13:57:07,147.01,38.88,32.38,26.19,100.0,97.45,,TARGET_36,"38.88,32.38,26.19,100.00,97.45,TARGET_36"
2026-05-13T13:57:08,148.29,38.81,32.44,26.19,100.0,96.92,,TARGET_36,"38.81,32.44,26.19,100.00,96.92,TARGET_36"
2026-05-13T13:57:09,149.58,38.81,32.44,26.19,100.0,96.52,,TARGET_36,"38.81,32.44,26.19,100.00,96.52,TARGET_36"
2026-05-13T13:57:11,150.87,38.81,32.44,26.19,100.0,96.21,,TARGET_36,"38.81,32.44,26.19,100.00,96.21,TARGET_36"
2026-05-13T13:57:12,152.15,38.75,32.5,26.19,100.0,95.6,,TARGET_36,"38.75,32.50,26.19,100.00,95.60,TARGET_36"
2026-05-13T13:57:13,153.44,38.69,32.5,26.19,100.0,94.75,,TARGET_36,"38.69,32.50,26.19,100.00,94.75,TARGET_36"
2026-05-13T13:57:14,154.72,38.69,32.5,26.19,100.0,94.11,,TARGET_36,"38.69,32.50,26.19,100.00,94.11,TARGET_36"
2026-05-13T13:57:16,156.01,38.69,32.5,26.19,100.0,93.63,,TARGET_36,"38.69,32.50,26.19,100.00,93.63,TARGET_36"
2026-05-13T13:57:17,157.3,38.69,32.5,26.12,100.0,93.27,,TARGET_36,"38.69,32.50,26.12,100.00,93.27,TARGET_36"
2026-05-13T13:57:18,158.58,38.63,32.56,26.19,100.0,92.61,,TARGET_36,"38.63,32.56,26.19,100.00,92.61,TARGET_36"
2026-05-13T13:57:20,159.87,38.56,32.56,26.19,100.0,91.72,,TARGET_36,"38.56,32.56,26.19,100.00,91.72,TARGET_36"
2026-05-13T13:57:21,161.15,38.56,32.56,26.19,100.0,91.06,,TARGET_36,"38.56,32.56,26.19,100.00,91.06,TARGET_36"
2026-05-13T13:57:22,162.44,38.5,32.56,26.19,100.0,90.17,,TARGET_36,"38.50,32.56,26.19,100.00,90.17,TARGET_36"
2026-05-13T13:57:23,163.73,38.5,32.56,26.19,100.0,89.5,,TARGET_36,"38.50,32.56,26.19,100.00,89.50,TARGET_36"
2026-05-13T13:57:25,165.01,38.44,32.63,26.19,100.0,88.61,,TARGET_36,"38.44,32.63,26.19,100.00,88.61,TARGET_36"
2026-05-13T13:57:26,166.3,38.44,32.63,26.19,100.0,87.94,,TARGET_36,"38.44,32.63,26.19,100.00,87.94,TARGET_36"
2026-05-13T13:57:27,167.58,38.38,32.63,26.19,100.0,87.05,,TARGET_36,"38.38,32.63,26.19,100.00,87.05,TARGET_36"
2026-05-13T13:57:29,168.87,38.38,32.63,26.19,100.0,86.38,,TARGET_36,"38.38,32.63,26.19,100.00,86.38,TARGET_36"
2026-05-13T13:57:30,170.16,38.31,32.63,26.19,100.0,85.49,,TARGET_36,"38.31,32.63,26.19,100.00,85.49,TARGET_36"
2026-05-13T13:57:31,171.44,38.25,32.63,26.19,100.0,84.43,,TARGET_36,"38.25,32.63,26.19,100.00,84.43,TARGET_36"
2026-05-13T13:57:32,172.73,38.25,32.69,26.19,100.0,83.63,,TARGET_36,"38.25,32.69,26.19,100.00,83.63,TARGET_36"
2026-05-13T13:57:34,174.01,38.19,32.69,26.19,100.0,82.65,,TARGET_36,"38.19,32.69,26.19,100.00,82.65,TARGET_36"
2026-05-13T13:57:35,175.3,38.19,32.75,26.19,100.0,81.91,,TARGET_36,"38.19,32.75,26.19,100.00,81.91,TARGET_36"
2026-05-13T13:57:36,176.59,38.13,32.69,26.19,100.0,80.96,,TARGET_36,"38.13,32.69,26.19,100.00,80.96,TARGET_36"
2026-05-13T13:57:38,177.87,38.13,32.75,26.19,100.0,80.25,,TARGET_36,"38.13,32.75,26.19,100.00,80.25,TARGET_36"
2026-05-13T13:57:39,179.16,38.06,32.75,26.19,100.0,79.33,,TARGET_36,"38.06,32.75,26.19,100.00,79.33,TARGET_36"
2026-05-13T13:57:40,180.44,38.0,32.75,26.19,100.0,78.25,,TARGET_36,"38.00,32.75,26.19,100.00,78.25,TARGET_36"
2026-05-13T13:57:41,181.73,38.0,32.75,26.19,100.0,77.44,,TARGET_36,"38.00,32.75,26.19,100.00,77.44,TARGET_36"
2026-05-13T13:57:43,183.02,38.0,32.75,26.19,100.0,76.83,,TARGET_36,"38.00,32.75,26.19,100.00,76.83,TARGET_36"
2026-05-13T13:57:44,184.3,37.94,32.75,26.19,100.0,75.98,,TARGET_36,"37.94,32.75,26.19,100.00,75.98,TARGET_36"
2026-05-13T13:57:45,185.59,37.88,32.75,26.19,100.0,74.95,,TARGET_36,"37.88,32.75,26.19,100.00,74.95,TARGET_36"
2026-05-13T13:57:47,186.87,37.88,32.81,26.19,100.0,74.18,,TARGET_36,"37.88,32.81,26.19,100.00,74.18,TARGET_36"
2026-05-13T13:57:48,188.16,37.81,32.81,26.19,100.0,73.22,,TARGET_36,"37.81,32.81,26.19,100.00,73.22,TARGET_36"
2026-05-13T13:57:49,189.45,37.81,32.81,26.19,100.0,72.49,,TARGET_36,"37.81,32.81,26.19,100.00,72.49,TARGET_36"
2026-05-13T13:57:50,190.73,37.75,32.81,26.19,100.0,71.56,,TARGET_36,"37.75,32.81,26.19,100.00,71.56,TARGET_36"
2026-05-13T13:57:52,192.02,37.75,32.81,26.19,100.0,70.85,,TARGET_36,"37.75,32.81,26.19,100.00,70.85,TARGET_36"
2026-05-13T13:57:53,193.3,37.75,32.81,26.19,100.0,70.33,,TARGET_36,"37.75,32.81,26.19,100.00,70.33,TARGET_36"
2026-05-13T13:57:54,194.59,37.69,32.81,26.19,100.0,69.54,,TARGET_36,"37.69,32.81,26.19,100.00,69.54,TARGET_36"
2026-05-13T13:57:56,195.88,37.69,32.81,26.19,100.0,68.95,,TARGET_36,"37.69,32.81,26.19,100.00,68.95,TARGET_36"
2026-05-13T13:57:57,197.16,37.63,32.81,26.19,100.0,68.12,,TARGET_36,"37.63,32.81,26.19,100.00,68.12,TARGET_36"
2026-05-13T13:57:58,198.45,37.63,32.88,26.19,100.0,67.5,,TARGET_36,"37.63,32.88,26.19,100.00,67.50,TARGET_36"
2026-05-13T13:57:59,199.73,37.63,32.88,26.19,100.0,67.03,,TARGET_36,"37.63,32.88,26.19,100.00,67.03,TARGET_36"
2026-05-13T13:58:01,201.02,37.56,32.88,26.19,100.0,66.29,,TARGET_36,"37.56,32.88,26.19,100.00,66.29,TARGET_36"
2026-05-13T13:58:02,202.31,37.5,32.88,26.19,100.0,65.34,,TARGET_36,"37.50,32.88,26.19,100.00,65.34,TARGET_36"
2026-05-13T13:58:03,203.59,37.5,32.88,26.19,100.0,64.63,,TARGET_36,"37.50,32.88,26.19,100.00,64.63,TARGET_36"
2026-05-13T13:58:05,204.88,37.5,32.88,26.19,77.2,64.1,,TARGET_36,"37.50,32.88,26.19,77.20,64.10,TARGET_36"
2026-05-13T13:58:06,206.16,37.44,32.88,26.19,90.88,63.31,,TARGET_36,"37.44,32.88,26.19,90.88,63.31,TARGET_36"
2026-05-13T13:58:07,207.45,37.44,32.94,26.19,96.35,62.72,,TARGET_36,"37.44,32.94,26.19,96.35,62.72,TARGET_36"
2026-05-13T13:58:08,208.74,37.38,32.88,26.19,98.54,61.88,,TARGET_36,"37.38,32.88,26.19,98.54,61.88,TARGET_36"
2026-05-13T13:58:10,210.02,37.38,32.88,26.19,99.42,61.25,,TARGET_36,"37.38,32.88,26.19,99.42,61.25,TARGET_36"
2026-05-13T13:58:11,211.31,37.38,32.88,26.19,99.77,60.78,,TARGET_36,"37.38,32.88,26.19,99.77,60.78,TARGET_36"
2026-05-13T13:58:12,212.59,37.31,32.94,26.19,99.91,60.04,,TARGET_36,"37.31,32.94,26.19,99.91,60.04,TARGET_36"
2026-05-13T13:58:14,213.88,37.31,32.88,26.19,99.96,59.48,,TARGET_36,"37.31,32.88,26.19,99.96,59.48,TARGET_36"
2026-05-13T13:58:15,215.17,37.25,32.88,26.19,99.99,58.68,,TARGET_36,"37.25,32.88,26.19,99.99,58.68,TARGET_36"
2026-05-13T13:58:16,216.45,37.25,32.94,26.19,84.99,58.07,,TARGET_36,"37.25,32.94,26.19,84.99,58.07,TARGET_36"
2026-05-13T13:58:17,217.74,37.25,32.88,26.19,81.4,57.61,,TARGET_36,"37.25,32.88,26.19,81.40,57.61,TARGET_36"
2026-05-13T13:58:19,219.02,37.25,32.88,26.19,64.36,57.27,,TARGET_36,"37.25,32.88,26.19,64.36,57.27,TARGET_36"
2026-05-13T13:58:20,220.31,37.19,32.94,26.19,85.74,56.63,,TARGET_36,"37.19,32.94,26.19,85.74,56.63,TARGET_36"
2026-05-13T13:58:21,221.6,37.19,32.94,26.19,86.5,56.14,,TARGET_36,"37.19,32.94,26.19,86.50,56.14,TARGET_36"
2026-05-13T13:58:23,222.88,37.13,32.88,26.19,70.6,55.39,,TARGET_36,"37.13,32.88,26.19,70.60,55.39,TARGET_36"
2026-05-13T13:58:24,224.17,37.13,32.88,26.19,63.64,54.82,,TARGET_36,"37.13,32.88,26.19,63.64,54.82,TARGET_36"
2026-05-13T13:58:25,225.45,37.13,32.94,26.19,73.46,54.4,,TARGET_36,"37.13,32.94,26.19,73.46,54.40,TARGET_36"
2026-05-13T13:58:26,226.74,37.13,32.94,26.19,77.38,54.08,,TARGET_36,"37.13,32.94,26.19,77.38,54.08,TARGET_36"
2026-05-13T13:58:28,228.02,37.13,32.88,26.19,68.75,53.84,,TARGET_36,"37.13,32.88,26.19,68.75,53.84,TARGET_36"
2026-05-13T13:58:29,229.31,37.0,32.94,26.19,72.5,52.88,,TARGET_36,"37.00,32.94,26.19,72.50,52.88,TARGET_36"
2026-05-13T13:58:30,230.6,37.0,32.94,26.19,66.8,52.16,,TARGET_36,"37.00,32.94,26.19,66.80,52.16,TARGET_36"
2026-05-13T13:58:32,231.88,37.0,32.88,26.19,75.32,51.62,,TARGET_36,"37.00,32.88,26.19,75.32,51.62,TARGET_36"
2026-05-13T13:58:33,233.17,37.0,32.94,26.25,59.53,51.22,,TARGET_36,"37.00,32.94,26.25,59.53,51.22,TARGET_36"
2026-05-13T13:58:34,234.46,37.0,32.88,26.25,48.41,50.91,,TARGET_36,"37.00,32.88,26.25,48.41,50.91,TARGET_36"
2026-05-13T13:58:35,235.74,36.94,32.94,26.19,56.56,50.29,,TARGET_36,"36.94,32.94,26.19,56.56,50.29,TARGET_36"
2026-05-13T13:58:37,237.03,36.94,32.94,26.25,73.63,49.83,,TARGET_36,"36.94,32.94,26.25,73.63,49.83,TARGET_36"
2026-05-13T13:58:38,238.31,36.94,32.94,26.25,57.65,49.48,,TARGET_36,"36.94,32.94,26.25,57.65,49.48,TARGET_36"
2026-05-13T13:58:39,239.6,36.94,32.88,26.25,67.46,49.22,,TARGET_36,"36.94,32.88,26.25,67.46,49.22,TARGET_36"
2026-05-13T13:58:41,240.88,36.88,32.88,26.25,62.38,48.63,,TARGET_36,"36.88,32.88,26.25,62.38,48.63,TARGET_36"
2026-05-13T13:58:42,242.17,36.88,32.88,26.25,63.35,48.19,,TARGET_36,"36.88,32.88,26.25,63.35,48.19,TARGET_36"
2026-05-13T13:58:43,243.46,36.88,32.88,26.25,54.74,47.86,,TARGET_36,"36.88,32.88,26.25,54.74,47.86,TARGET_36"
2026-05-13T13:58:44,244.74,36.88,32.88,26.25,58.5,47.62,,TARGET_36,"36.88,32.88,26.25,58.50,47.62,TARGET_36"
2026-05-13T13:58:46,246.03,36.88,32.94,26.25,63.6,47.43,,TARGET_36,"36.88,32.94,26.25,63.60,47.43,TARGET_36"
2026-05-13T13:58:47,247.31,36.81,32.94,26.25,45.24,46.9,,TARGET_36,"36.81,32.94,26.25,45.24,46.90,TARGET_36"
2026-05-13T13:58:48,248.6,36.81,32.88,26.25,53.5,46.5,,TARGET_36,"36.81,32.88,26.25,53.50,46.50,TARGET_36"
2026-05-13T13:58:50,249.89,36.81,32.88,26.25,58.6,46.21,,TARGET_36,"36.81,32.88,26.25,58.60,46.21,TARGET_36"
2026-05-13T13:58:51,251.17,36.88,32.88,26.25,56.44,46.37,,TARGET_36,"36.88,32.88,26.25,56.44,46.37,TARGET_36"
2026-05-13T13:58:52,252.46,36.81,32.88,26.25,48.38,46.11,,TARGET_36,"36.81,32.88,26.25,48.38,46.11,TARGET_36"
2026-05-13T13:58:53,253.74,36.88,32.88,26.19,47.55,46.3,,TARGET_36,"36.88,32.88,26.19,47.55,46.30,TARGET_36"
2026-05-13T13:58:55,255.03,36.88,32.88,26.25,42.42,46.44,,TARGET_36,"36.88,32.88,26.25,42.42,46.44,TARGET_36"
2026-05-13T13:58:56,256.32,36.88,32.94,26.25,36.77,46.55,,TARGET_36,"36.88,32.94,26.25,36.77,46.55,TARGET_36"
2026-05-13T13:58:57,257.6,36.88,32.94,26.25,41.11,46.63,,TARGET_36,"36.88,32.94,26.25,41.11,46.63,TARGET_36"
2026-05-13T13:58:59,258.89,36.88,32.88,26.25,52.44,46.69,,TARGET_36,"36.88,32.88,26.25,52.44,46.69,TARGET_36"
2026-05-13T13:59:00,260.17,36.88,32.88,26.25,47.98,46.74,,TARGET_36,"36.88,32.88,26.25,47.98,46.74,TARGET_36"
2026-05-13T13:59:01,261.46,36.94,32.88,26.25,49.19,47.16,,TARGET_36,"36.94,32.88,26.25,49.19,47.16,TARGET_36"
2026-05-13T13:59:02,262.75,36.94,32.88,26.25,53.88,47.48,,TARGET_36,"36.94,32.88,26.25,53.88,47.48,TARGET_36"
2026-05-13T13:59:04,264.03,37.0,32.88,26.25,50.95,48.11,,TARGET_36,"37.00,32.88,26.25,50.95,48.11,TARGET_36"
2026-05-13T13:59:05,265.32,37.0,32.94,26.25,54.58,48.58,,TARGET_36,"37.00,32.94,26.25,54.58,48.58,TARGET_36"
2026-05-13T13:59:06,266.6,37.06,32.88,26.25,54.23,49.33,,TARGET_36,"37.06,32.88,26.25,54.23,49.33,TARGET_36"
2026-05-13T13:59:08,267.89,37.06,32.94,26.25,53.49,49.89,,TARGET_36,"37.06,32.94,26.25,53.49,49.89,TARGET_36"
2026-05-13T13:59:09,269.18,37.13,32.94,26.25,66.4,50.7,,TARGET_36,"37.13,32.94,26.25,66.40,50.70,TARGET_36"
2026-05-13T13:59:10,270.46,37.13,32.94,26.25,61.96,51.3,,TARGET_36,"37.13,32.94,26.25,61.96,51.30,TARGET_36"
2026-05-13T13:59:11,271.75,37.19,32.88,26.25,84.78,52.15,,TARGET_36,"37.19,32.88,26.25,84.78,52.15,TARGET_36"
2026-05-13T13:59:13,273.03,37.19,32.94,26.19,67.51,52.78,,TARGET_36,"37.19,32.94,26.19,67.51,52.78,TARGET_36"
2026-05-13T13:59:14,274.32,37.25,32.94,26.19,77.41,53.65,,TARGET_36,"37.25,32.94,26.19,77.41,53.65,TARGET_36"
2026-05-13T13:59:15,275.6,37.31,32.88,26.25,71.76,54.69,,TARGET_36,"37.31,32.88,26.25,71.76,54.69,TARGET_36"
2026-05-13T13:59:17,276.89,37.31,32.94,26.25,70.7,55.47,,TARGET_36,"37.31,32.94,26.25,70.70,55.47,TARGET_36"
2026-05-13T13:59:18,278.18,37.38,32.88,26.19,76.28,56.45,,TARGET_36,"37.38,32.88,26.19,76.28,56.45,TARGET_36"
2026-05-13T13:59:19,279.46,37.38,32.88,26.25,76.71,57.18,,TARGET_36,"37.38,32.88,26.25,76.71,57.18,TARGET_36"
2026-05-13T13:59:20,280.75,37.44,32.94,26.19,87.09,58.12,,TARGET_36,"37.44,32.94,26.19,87.09,58.12,TARGET_36"
2026-05-13T13:59:22,282.03,37.5,32.88,26.25,94.23,59.21,,TARGET_36,"37.50,32.88,26.25,94.23,59.21,TARGET_36"
2026-05-13T13:59:23,283.32,37.5,32.94,26.25,83.29,60.04,,TARGET_36,"37.50,32.94,26.25,83.29,60.04,TARGET_36"
2026-05-13T13:59:24,284.61,37.56,32.88,26.19,82.52,61.04,,TARGET_36,"37.56,32.88,26.19,82.52,61.04,TARGET_36"
2026-05-13T13:59:26,285.89,37.63,32.94,26.25,90.01,62.19,,TARGET_36,"37.63,32.94,26.25,90.01,62.19,TARGET_36"
2026-05-13T13:59:27,287.18,37.63,32.94,26.25,74.4,63.05,,TARGET_36,"37.63,32.94,26.25,74.40,63.05,TARGET_36"
2026-05-13T13:59:28,288.46,37.69,32.94,26.25,89.76,64.08,,TARGET_36,"37.69,32.94,26.25,89.76,64.08,TARGET_36"
2026-05-13T13:59:29,289.75,37.75,32.94,26.19,83.3,65.25,,TARGET_36,"37.75,32.94,26.19,83.30,65.25,TARGET_36"
2026-05-13T13:59:31,291.04,37.75,32.94,26.25,71.72,66.12,,TARGET_36,"37.75,32.94,26.25,71.72,66.12,TARGET_36"
2026-05-13T13:59:32,292.32,37.81,32.94,26.25,88.69,67.17,,TARGET_36,"37.81,32.94,26.25,88.69,67.17,TARGET_36"
2026-05-13T13:59:33,293.61,37.81,32.94,26.25,95.48,67.96,,TARGET_36,"37.81,32.94,26.25,95.48,67.96,TARGET_36"
2026-05-13T13:59:35,294.89,37.88,32.94,26.25,95.19,68.94,,TARGET_36,"37.88,32.94,26.25,95.19,68.94,TARGET_36"
2026-05-13T13:59:36,296.18,37.94,32.94,26.25,98.08,70.06,,TARGET_36,"37.94,32.94,26.25,98.08,70.06,TARGET_36"
2026-05-13T13:59:37,297.46,37.94,32.94,26.25,99.23,70.91,,TARGET_36,"37.94,32.94,26.25,99.23,70.91,TARGET_36"
2026-05-13T13:59:38,298.75,38.0,32.94,26.25,99.69,71.93,,TARGET_36,"38.00,32.94,26.25,99.69,71.93,TARGET_36"
2026-05-13T13:59:40,300.04,38.0,32.94,26.25,99.88,72.7,,TARGET_36,"38.00,32.94,26.25,99.88,72.70,TARGET_36"
2026-05-13T13:59:41,301.32,38.06,32.94,26.25,99.95,73.66,,TARGET_36,"38.06,32.94,26.25,99.95,73.66,TARGET_36"
2026-05-13T13:59:42,302.61,38.13,32.94,26.25,99.98,74.78,,TARGET_36,"38.13,32.94,26.25,99.98,74.78,TARGET_36"
2026-05-13T13:59:44,303.89,38.19,33.0,26.25,99.99,76.01,,TARGET_36,"38.19,33.00,26.25,99.99,76.01,TARGET_36"
2026-05-13T13:59:45,305.18,38.25,32.94,26.25,100.0,77.32,,TARGET_36,"38.25,32.94,26.25,100.00,77.32,TARGET_36"
2026-05-13T13:59:46,306.47,38.25,33.0,26.25,100.0,78.3,,TARGET_36,"38.25,33.00,26.25,100.00,78.30,TARGET_36"
2026-05-13T13:59:47,307.75,38.25,33.0,26.25,100.0,79.04,,TARGET_36,"38.25,33.00,26.25,100.00,79.04,TARGET_36"
2026-05-13T13:59:49,309.04,38.31,33.0,26.25,100.0,79.98,,TARGET_36,"38.31,33.00,26.25,100.00,79.98,TARGET_36"
2026-05-13T13:59:50,310.33,38.38,33.0,26.25,100.0,81.08,,TARGET_36,"38.38,33.00,26.25,100.00,81.08,TARGET_36"
2026-05-13T13:59:51,311.61,38.38,33.06,26.25,100.0,81.9,,TARGET_36,"38.38,33.06,26.25,100.00,81.90,TARGET_36"
2026-05-13T13:59:53,312.9,38.44,33.06,26.25,100.0,82.91,,TARGET_36,"38.44,33.06,26.25,100.00,82.91,TARGET_36"
2026-05-13T13:59:54,314.18,38.44,33.06,26.25,100.0,83.67,,TARGET_36,"38.44,33.06,26.25,100.00,83.67,TARGET_36"
2026-05-13T13:59:55,315.47,38.5,33.06,26.25,100.0,84.63,,TARGET_36,"38.50,33.06,26.25,100.00,84.63,TARGET_36"
2026-05-13T13:59:56,316.75,38.5,33.13,26.25,100.0,85.34,,TARGET_36,"38.50,33.13,26.25,100.00,85.34,TARGET_36"
2026-05-13T13:59:58,318.04,38.56,33.06,26.25,100.0,86.27,,TARGET_36,"38.56,33.06,26.25,100.00,86.27,TARGET_36"
2026-05-13T13:59:59,319.33,38.63,33.13,26.25,100.0,87.36,,TARGET_36,"38.63,33.13,26.25,100.00,87.36,TARGET_36"
2026-05-13T14:00:00,320.61,38.63,33.13,26.25,100.0,88.18,,TARGET_36,"38.63,33.13,26.25,100.00,88.18,TARGET_36"
2026-05-13T14:00:02,321.9,38.69,33.13,26.25,100.0,89.18,,TARGET_36,"38.69,33.13,26.25,100.00,89.18,TARGET_36"
2026-05-13T14:00:03,323.19,38.69,33.13,26.25,100.0,89.93,,TARGET_36,"38.69,33.13,26.25,100.00,89.93,TARGET_36"
2026-05-13T14:00:04,324.47,38.69,33.13,26.25,100.0,90.5,,TARGET_36,"38.69,33.13,26.25,100.00,90.50,TARGET_36"
2026-05-13T14:00:05,325.76,38.75,33.13,26.25,100.0,91.31,,TARGET_36,"38.75,33.13,26.25,100.00,91.31,TARGET_36"
2026-05-13T14:00:07,327.04,38.75,33.13,26.25,100.0,91.92,,TARGET_36,"38.75,33.13,26.25,100.00,91.92,TARGET_36"
2026-05-13T14:00:08,328.33,38.81,33.13,26.25,100.0,92.77,,TARGET_36,"38.81,33.13,26.25,100.00,92.77,TARGET_36"
2026-05-13T14:00:09,329.62,38.81,33.13,26.25,100.0,93.4,,TARGET_36,"38.81,33.13,26.25,100.00,93.40,TARGET_36"
2026-05-13T14:00:11,330.9,38.81,33.19,26.25,100.0,93.88,,TARGET_36,"38.81,33.19,26.25,100.00,93.88,TARGET_36"
2026-05-13T14:00:12,332.19,38.88,33.19,26.25,100.0,94.63,,TARGET_36,"38.88,33.19,26.25,100.00,94.63,TARGET_36"
2026-05-13T14:00:13,333.47,38.88,33.19,26.25,100.0,95.19,,TARGET_36,"38.88,33.19,26.25,100.00,95.19,TARGET_36"
2026-05-13T14:00:14,334.76,38.94,33.19,26.25,100.0,96.0,,TARGET_36,"38.94,33.19,26.25,100.00,96.00,TARGET_36"
2026-05-13T14:00:16,336.05,38.88,33.25,26.25,100.0,96.22,,TARGET_36,"38.88,33.25,26.25,100.00,96.22,TARGET_36"
2026-05-13T14:00:17,337.33,38.94,33.25,26.25,100.0,96.77,,TARGET_36,"38.94,33.25,26.25,100.00,96.77,TARGET_36"
2026-05-13T14:00:18,338.62,38.94,33.25,26.25,100.0,97.19,,TARGET_36,"38.94,33.25,26.25,100.00,97.19,TARGET_36"
2026-05-13T14:00:20,339.9,39.0,33.25,26.25,100.0,97.89,,TARGET_36,"39.00,33.25,26.25,100.00,97.89,TARGET_36"
2026-05-13T14:00:21,341.19,39.0,33.25,26.25,100.0,98.42,,TARGET_36,"39.00,33.25,26.25,100.00,98.42,TARGET_36"
2026-05-13T14:00:22,342.48,39.0,33.25,26.25,100.0,98.81,,TARGET_36,"39.00,33.25,26.25,100.00,98.81,TARGET_36"
2026-05-13T14:00:23,343.76,39.06,33.31,26.25,100.0,99.11,,TARGET_36,"39.06,33.31,26.25,100.00,99.11,TARGET_36"
2026-05-13T14:00:25,345.05,39.06,33.31,26.25,100.0,99.33,,TARGET_36,"39.06,33.31,26.25,100.00,99.33,TARGET_36"
2026-05-13T14:00:26,346.33,39.06,33.31,26.25,100.0,99.5,,TARGET_36,"39.06,33.31,26.25,100.00,99.50,TARGET_36"
2026-05-13T14:00:27,347.62,39.13,33.31,26.25,100.0,99.62,,TARGET_36,"39.13,33.31,26.25,100.00,99.62,TARGET_36"
2026-05-13T14:00:29,348.91,39.13,33.31,26.25,100.0,99.72,,TARGET_36,"39.13,33.31,26.25,100.00,99.72,TARGET_36"
2026-05-13T14:00:30,350.19,39.13,33.38,26.31,100.0,99.79,,TARGET_36,"39.13,33.38,26.31,100.00,99.79,TARGET_36"
2026-05-13T14:00:31,351.48,39.13,33.38,26.25,100.0,99.84,,TARGET_36,"39.13,33.38,26.25,100.00,99.84,TARGET_36"
2026-05-13T14:00:32,352.76,39.19,33.31,26.25,100.0,99.88,,TARGET_36,"39.19,33.31,26.25,100.00,99.88,TARGET_36"
2026-05-13T14:00:34,354.05,39.19,33.38,26.25,100.0,99.91,,TARGET_36,"39.19,33.38,26.25,100.00,99.91,TARGET_36"
2026-05-13T14:00:35,355.34,39.19,33.38,26.25,100.0,99.93,,TARGET_36,"39.19,33.38,26.25,100.00,99.93,TARGET_36"
2026-05-13T14:00:36,356.62,39.25,33.38,26.25,100.0,99.95,,TARGET_36,"39.25,33.38,26.25,100.00,99.95,TARGET_36"
2026-05-13T14:00:38,357.91,39.25,33.38,26.25,100.0,99.96,,TARGET_36,"39.25,33.38,26.25,100.00,99.96,TARGET_36"
2026-05-13T14:00:39,359.19,39.25,33.38,26.25,100.0,99.97,,TARGET_36,"39.25,33.38,26.25,100.00,99.97,TARGET_36"
2026-05-13T14:00:40,360.48,39.25,33.38,26.25,100.0,99.98,,TARGET_36,"39.25,33.38,26.25,100.00,99.98,TARGET_36"
2026-05-13T14:00:41,361.77,39.31,33.44,26.25,100.0,99.98,,TARGET_36,"39.31,33.44,26.25,100.00,99.98,TARGET_36"
2026-05-13T14:00:43,363.05,39.31,33.44,26.25,100.0,99.99,,TARGET_36,"39.31,33.44,26.25,100.00,99.99,TARGET_36"
2026-05-13T14:00:44,364.34,39.31,33.44,26.25,100.0,99.99,,TARGET_36,"39.31,33.44,26.25,100.00,99.99,TARGET_36"
2026-05-13T14:00:45,365.63,39.31,33.44,26.25,100.0,99.99,,TARGET_36,"39.31,33.44,26.25,100.00,99.99,TARGET_36"
2026-05-13T14:00:47,366.91,39.38,33.44,26.25,100.0,99.99,,TARGET_36,"39.38,33.44,26.25,100.00,99.99,TARGET_36"
2026-05-13T14:00:48,368.2,39.31,33.44,26.25,100.0,100.0,,TARGET_36,"39.31,33.44,26.25,100.00,100.00,TARGET_36"
2026-05-13T14:00:49,369.48,39.38,33.44,26.19,100.0,100.0,,TARGET_36,"39.38,33.44,26.19,100.00,100.00,TARGET_36"
2026-05-13T14:00:50,370.77,39.38,33.44,26.25,100.0,100.0,,TARGET_36,"39.38,33.44,26.25,100.00,100.00,TARGET_36"
2026-05-13T14:00:52,372.06,39.38,33.5,26.25,100.0,100.0,,TARGET_36,"39.38,33.50,26.25,100.00,100.00,TARGET_36"
2026-05-13T14:00:53,373.34,39.31,33.5,26.25,100.0,100.0,,TARGET_36,"39.31,33.50,26.25,100.00,100.00,TARGET_36"
2026-05-13T14:00:54,374.63,39.38,33.5,26.25,100.0,100.0,,TARGET_36,"39.38,33.50,26.25,100.00,100.00,TARGET_36"
2026-05-13T14:00:56,375.91,39.31,33.5,26.25,100.0,100.0,,TARGET_36,"39.31,33.50,26.25,100.00,100.00,TARGET_36"
2026-05-13T14:00:57,377.2,39.31,33.5,26.19,100.0,100.0,,TARGET_36,"39.31,33.50,26.19,100.00,100.00,TARGET_36"
2026-05-13T14:00:58,378.49,39.31,33.5,26.25,100.0,100.0,,TARGET_36,"39.31,33.50,26.25,100.00,100.00,TARGET_36"
2026-05-13T14:00:59,379.77,39.25,33.5,26.25,100.0,100.0,,TARGET_36,"39.25,33.50,26.25,100.00,100.00,TARGET_36"
2026-05-13T14:01:01,381.06,39.25,33.5,26.25,100.0,100.0,,TARGET_36,"39.25,33.50,26.25,100.00,100.00,TARGET_36"
2026-05-13T14:01:02,382.34,39.25,33.5,26.19,100.0,100.0,,TARGET_36,"39.25,33.50,26.19,100.00,100.00,TARGET_36"
2026-05-13T14:01:03,383.63,39.19,33.56,26.19,100.0,100.0,,TARGET_36,"39.19,33.56,26.19,100.00,100.00,TARGET_36"
2026-05-13T14:01:05,384.92,39.19,33.5,26.19,100.0,100.0,,TARGET_36,"39.19,33.50,26.19,100.00,100.00,TARGET_36"
2026-05-13T14:01:06,386.2,39.13,33.56,26.25,100.0,100.0,,TARGET_36,"39.13,33.56,26.25,100.00,100.00,TARGET_36"
2026-05-13T14:01:07,387.49,39.13,33.56,26.19,100.0,100.0,,TARGET_36,"39.13,33.56,26.19,100.00,100.00,TARGET_36"
2026-05-13T14:01:08,388.77,39.06,33.56,26.19,100.0,100.0,,TARGET_36,"39.06,33.56,26.19,100.00,100.00,TARGET_36"
2026-05-13T14:01:10,390.06,39.06,33.56,26.25,100.0,100.0,,TARGET_36,"39.06,33.56,26.25,100.00,100.00,TARGET_36"
2026-05-13T14:01:11,391.35,39.0,33.56,26.25,100.0,100.0,,TARGET_36,"39.00,33.56,26.25,100.00,100.00,TARGET_36"
2026-05-13T14:01:12,392.63,39.0,33.56,26.25,100.0,100.0,,TARGET_36,"39.00,33.56,26.25,100.00,100.00,TARGET_36"
2026-05-13T14:01:14,393.92,38.94,33.56,26.25,100.0,99.61,,TARGET_36,"38.94,33.56,26.25,100.00,99.61,TARGET_36"
2026-05-13T14:01:15,395.21,38.88,33.56,26.19,100.0,98.93,,TARGET_36,"38.88,33.56,26.19,100.00,98.93,TARGET_36"
2026-05-13T14:01:16,396.49,38.88,33.56,26.25,100.0,98.41,,TARGET_36,"38.88,33.56,26.25,100.00,98.41,TARGET_36"
2026-05-13T14:01:17,397.78,38.81,33.56,26.19,100.0,97.64,,TARGET_36,"38.81,33.56,26.19,100.00,97.64,TARGET_36"
2026-05-13T14:01:19,399.06,38.81,33.63,26.25,100.0,97.06,,TARGET_36,"38.81,33.63,26.25,100.00,97.06,TARGET_36"
2026-05-13T14:01:20,400.35,38.75,33.56,26.25,100.0,96.23,,TARGET_36,"38.75,33.56,26.25,100.00,96.23,TARGET_36"
2026-05-13T14:01:21,401.64,38.69,33.63,26.25,100.0,95.22,,TARGET_36,"38.69,33.63,26.25,100.00,95.22,TARGET_36"
2026-05-13T14:01:23,402.92,38.69,33.56,26.25,100.0,94.46,,TARGET_36,"38.69,33.56,26.25,100.00,94.46,TARGET_36"
2026-05-13T14:01:24,404.21,38.63,33.56,26.25,100.0,93.5,,TARGET_36,"38.63,33.56,26.25,100.00,93.50,TARGET_36"
2026-05-13T14:01:25,405.49,38.63,33.63,26.25,100.0,92.78,,TARGET_36,"38.63,33.63,26.25,100.00,92.78,TARGET_36"
2026-05-13T14:01:26,406.78,38.56,33.63,26.25,100.0,91.85,,TARGET_36,"38.56,33.63,26.25,100.00,91.85,TARGET_36"
2026-05-13T14:01:28,408.07,38.5,33.63,26.25,100.0,90.76,,TARGET_36,"38.50,33.63,26.25,100.00,90.76,TARGET_36"
2026-05-13T14:01:29,409.35,38.5,33.63,26.25,100.0,89.95,,TARGET_36,"38.50,33.63,26.25,100.00,89.95,TARGET_36"
2026-05-13T14:01:30,410.64,38.44,33.63,26.25,100.0,88.95,,TARGET_36,"38.44,33.63,26.25,100.00,88.95,TARGET_36"
2026-05-13T14:01:32,411.92,38.44,33.63,26.25,100.0,88.19,,TARGET_36,"38.44,33.63,26.25,100.00,88.19,TARGET_36"
2026-05-13T14:01:33,413.21,38.38,33.63,26.31,100.0,87.24,,TARGET_36,"38.38,33.63,26.31,100.00,87.24,TARGET_36"
2026-05-13T14:01:34,414.5,38.31,33.63,26.25,100.0,86.13,,TARGET_36,"38.31,33.63,26.25,100.00,86.13,TARGET_36"
2026-05-13T14:01:35,415.78,38.31,33.63,26.25,100.0,85.3,,TARGET_36,"38.31,33.63,26.25,100.00,85.30,TARGET_36"
2026-05-13T14:01:37,417.07,38.25,33.63,26.25,100.0,84.29,,TARGET_36,"38.25,33.63,26.25,100.00,84.29,TARGET_36"
2026-05-13T14:01:38,418.35,38.19,33.63,26.25,100.0,83.14,,TARGET_36,"38.19,33.63,26.25,100.00,83.14,TARGET_36"
2026-05-13T14:01:39,419.64,38.19,33.63,26.25,100.0,82.28,,TARGET_36,"38.19,33.63,26.25,100.00,82.28,TARGET_36"
2026-05-13T14:01:41,420.93,38.13,33.63,26.25,100.0,81.24,,TARGET_36,"38.13,33.63,26.25,100.00,81.24,TARGET_36"
2026-05-13T14:01:42,422.21,38.13,33.63,26.25,100.0,80.46,,TARGET_36,"38.13,33.63,26.25,100.00,80.46,TARGET_36"
2026-05-13T14:01:43,423.5,38.06,33.63,26.25,100.0,79.49,,TARGET_36,"38.06,33.63,26.25,100.00,79.49,TARGET_36"
2026-05-13T14:01:44,424.78,38.0,33.63,26.25,100.0,78.36,,TARGET_36,"38.00,33.63,26.25,100.00,78.36,TARGET_36"
2026-05-13T14:01:46,426.07,38.0,33.63,26.25,100.0,77.52,,TARGET_36,"38.00,33.63,26.25,100.00,77.52,TARGET_36"
2026-05-13T14:01:47,427.36,37.94,33.63,26.25,100.0,76.5,,TARGET_36,"37.94,33.63,26.25,100.00,76.50,TARGET_36"
2026-05-13T14:01:48,428.64,37.94,33.63,26.25,100.0,75.74,,TARGET_36,"37.94,33.63,26.25,100.00,75.74,TARGET_36"
2026-05-13T14:01:50,429.93,37.94,33.63,26.25,100.0,75.16,,TARGET_36,"37.94,33.63,26.25,100.00,75.16,TARGET_36"
2026-05-13T14:01:51,431.21,37.88,33.63,26.25,100.0,74.34,,TARGET_36,"37.88,33.63,26.25,100.00,74.34,TARGET_36"
2026-05-13T14:01:52,432.5,37.88,33.63,26.25,100.0,73.72,,TARGET_36,"37.88,33.63,26.25,100.00,73.72,TARGET_36"
2026-05-13T14:01:53,433.79,37.81,33.63,26.31,100.0,72.87,,TARGET_36,"37.81,33.63,26.31,100.00,72.87,TARGET_36"
2026-05-13T14:01:55,435.07,37.81,33.63,26.25,100.0,72.23,,TARGET_36,"37.81,33.63,26.25,100.00,72.23,TARGET_36"
2026-05-13T14:01:56,436.36,37.81,33.63,26.25,100.0,71.75,,TARGET_36,"37.81,33.63,26.25,100.00,71.75,TARGET_36"
2026-05-13T14:01:57,437.64,37.75,33.63,26.25,100.0,71.0,,TARGET_36,"37.75,33.63,26.25,100.00,71.00,TARGET_36"
2026-05-13T14:01:59,438.93,37.75,33.63,26.25,100.0,70.44,,TARGET_36,"37.75,33.63,26.25,100.00,70.44,TARGET_36"
2026-05-13T14:02:00,440.22,37.69,33.63,26.25,100.0,69.63,,TARGET_36,"37.69,33.63,26.25,100.00,69.63,TARGET_36"
2026-05-13T14:02:01,441.5,37.69,33.63,26.25,100.0,69.02,,TARGET_36,"37.69,33.63,26.25,100.00,69.02,TARGET_36"
2026-05-13T14:02:02,442.79,37.69,33.63,26.25,100.0,68.56,,TARGET_36,"37.69,33.63,26.25,100.00,68.56,TARGET_36"
2026-05-13T14:02:04,444.07,37.63,33.63,26.25,100.0,67.83,,TARGET_36,"37.63,33.63,26.25,100.00,67.83,TARGET_36"
2026-05-13T14:02:05,445.36,37.63,33.63,26.31,74.8,67.28,,TARGET_36,"37.63,33.63,26.31,74.80,67.28,TARGET_36"
2026-05-13T14:02:06,446.65,37.56,33.63,26.25,89.92,66.47,,TARGET_36,"37.56,33.63,26.25,89.92,66.47,TARGET_36"
2026-05-13T14:02:08,447.93,37.56,33.63,26.25,95.97,65.87,,TARGET_36,"37.56,33.63,26.25,95.97,65.87,TARGET_36"
2026-05-13T14:02:09,449.22,37.5,33.63,26.25,94.79,65.03,,TARGET_36,"37.50,33.63,26.25,94.79,65.03,TARGET_36"
2026-05-13T14:02:10,450.5,37.5,33.63,26.25,82.31,64.4,,TARGET_36,"37.50,33.63,26.25,82.31,64.40,TARGET_36"
2026-05-13T14:02:11,451.79,37.5,33.63,26.25,92.33,63.92,,TARGET_36,"37.50,33.63,26.25,92.33,63.92,TARGET_36"
2026-05-13T14:02:13,453.08,37.44,33.63,26.25,87.93,63.18,,TARGET_36,"37.44,33.63,26.25,87.93,63.18,TARGET_36"
2026-05-13T14:02:14,454.36,37.44,33.63,26.25,89.17,62.62,,TARGET_36,"37.44,33.63,26.25,89.17,62.62,TARGET_36"
2026-05-13T14:02:15,455.65,37.44,33.63,26.25,95.67,62.2,,TARGET_36,"37.44,33.63,26.25,95.67,62.20,TARGET_36"
2026-05-13T14:02:17,456.93,37.38,33.63,26.25,98.27,61.49,,TARGET_36,"37.38,33.63,26.25,98.27,61.49,TARGET_36"
2026-05-13T14:02:18,458.22,37.38,33.63,26.31,97.51,60.96,,TARGET_36,"37.38,33.63,26.31,97.51,60.96,TARGET_36"
2026-05-13T14:02:19,459.51,37.38,33.63,26.31,85.8,60.57,,TARGET_36,"37.38,33.63,26.31,85.80,60.57,TARGET_36"
2026-05-13T14:02:20,460.79,37.31,33.63,26.31,94.32,59.88,,TARGET_36,"37.31,33.63,26.31,94.32,59.88,TARGET_36"
2026-05-13T14:02:22,462.08,37.31,33.63,26.31,92.93,59.36,,TARGET_36,"37.31,33.63,26.31,92.93,59.36,TARGET_36"
2026-05-13T14:02:23,463.36,37.31,33.63,26.31,95.97,58.97,,TARGET_36,"37.31,33.63,26.31,95.97,58.97,TARGET_36"
2026-05-13T14:02:24,464.65,37.31,33.63,26.31,79.19,58.68,,TARGET_36,"37.31,33.63,26.31,79.19,58.68,TARGET_36"
2026-05-13T14:02:26,465.94,37.25,33.63,26.31,83.28,58.08,,TARGET_36,"37.25,33.63,26.31,83.28,58.08,TARGET_36"
2026-05-13T14:02:27,467.22,37.25,33.63,26.31,80.71,57.62,,TARGET_36,"37.25,33.63,26.31,80.71,57.62,TARGET_36"
2026-05-13T14:02:28,468.51,37.25,33.63,26.31,89.28,57.28,,TARGET_36,"37.25,33.63,26.31,89.28,57.28,TARGET_36"
2026-05-13T14:02:29,469.79,37.25,33.63,26.31,65.71,57.02,,TARGET_36,"37.25,33.63,26.31,65.71,57.02,TARGET_36"
2026-05-13T14:02:31,471.08,37.19,33.63,26.31,82.09,56.44,,TARGET_36,"37.19,33.63,26.31,82.09,56.44,TARGET_36"
2026-05-13T14:02:32,472.37,37.19,33.63,26.31,80.23,56.0,,TARGET_36,"37.19,33.63,26.31,80.23,56.00,TARGET_36"
2026-05-13T14:02:33,473.65,37.19,33.56,26.31,83.69,55.67,,TARGET_36,"37.19,33.56,26.31,83.69,55.67,TARGET_36"
2026-05-13T14:02:35,474.94,37.13,33.56,26.31,93.48,55.03,,TARGET_36,"37.13,33.56,26.31,93.48,55.03,TARGET_36"
2026-05-13T14:02:36,476.22,37.13,33.56,26.37,82.99,54.56,,TARGET_36,"37.13,33.56,26.37,82.99,54.56,TARGET_36"
2026-05-13T14:02:37,477.51,37.13,33.56,26.37,60.2,54.2,,TARGET_36,"37.13,33.56,26.37,60.20,54.20,TARGET_36"
2026-05-13T14:02:38,478.8,37.13,33.56,26.37,67.88,53.93,,TARGET_36,"37.13,33.56,26.37,67.88,53.93,TARGET_36"
2026-05-13T14:02:40,480.08,37.06,33.56,26.37,86.55,53.34,,TARGET_36,"37.06,33.56,26.37,86.55,53.34,TARGET_36"
2026-05-13T14:02:41,481.37,37.06,33.56,26.31,66.42,52.89,,TARGET_36,"37.06,33.56,26.31,66.42,52.89,TARGET_36"
2026-05-13T14:02:42,482.65,37.0,33.56,26.31,55.97,52.17,,TARGET_36,"37.00,33.56,26.31,55.97,52.17,TARGET_36"
2026-05-13T14:02:44,483.94,37.0,33.56,26.31,52.99,51.63,,TARGET_36,"37.00,33.56,26.31,52.99,51.63,TARGET_36"
2026-05-13T14:02:45,485.22,37.0,33.56,26.37,51.19,51.22,,TARGET_36,"37.00,33.56,26.37,51.19,51.22,TARGET_36"
2026-05-13T14:02:46,486.51,37.0,33.56,26.31,72.68,50.92,,TARGET_36,"37.00,33.56,26.31,72.68,50.92,TARGET_36"
2026-05-13T14:02:47,487.8,37.0,33.56,26.37,59.07,50.69,,TARGET_36,"37.00,33.56,26.37,59.07,50.69,TARGET_36"
2026-05-13T14:02:49,489.08,37.0,33.56,26.37,41.03,50.52,,TARGET_36,"37.00,33.56,26.37,41.03,50.52,TARGET_36"
2026-05-13T14:02:50,490.37,37.0,33.56,26.37,55.41,50.39,,TARGET_36,"37.00,33.56,26.37,55.41,50.39,TARGET_36"
2026-05-13T14:02:51,491.65,37.0,33.56,26.37,60.56,50.29,,TARGET_36,"37.00,33.56,26.37,60.56,50.29,TARGET_36"
2026-05-13T14:02:53,492.94,37.0,33.56,26.37,56.63,50.22,,TARGET_36,"37.00,33.56,26.37,56.63,50.22,TARGET_36"
2026-05-13T14:02:54,494.23,37.0,33.56,26.37,56.85,50.16,,TARGET_36,"37.00,33.56,26.37,56.85,50.16,TARGET_36"
2026-05-13T14:02:55,495.51,37.0,33.56,26.37,61.14,50.12,,TARGET_36,"37.00,33.56,26.37,61.14,50.12,TARGET_36"
2026-05-13T14:02:56,496.8,37.0,33.5,26.37,53.86,50.09,,TARGET_36,"37.00,33.50,26.37,53.86,50.09,TARGET_36"
2026-05-13T14:02:58,498.08,37.06,33.5,26.37,51.54,50.46,,TARGET_36,"37.06,33.50,26.37,51.54,50.46,TARGET_36"
2026-05-13T14:02:59,499.37,37.06,33.5,26.37,74.02,50.74,,TARGET_36,"37.06,33.50,26.37,74.02,50.74,TARGET_36"
2026-05-13T14:03:00,500.66,37.06,33.5,26.37,78.21,50.94,,TARGET_36,"37.06,33.50,26.37,78.21,50.94,TARGET_36"
2026-05-13T14:03:02,501.94,37.06,33.5,26.37,72.68,51.1,,TARGET_36,"37.06,33.50,26.37,72.68,51.10,TARGET_36"
2026-05-13T14:03:03,503.23,37.13,33.5,26.37,68.67,51.6,,TARGET_36,"37.13,33.50,26.37,68.67,51.60,TARGET_36"
2026-05-13T14:03:04,504.51,37.13,33.5,26.37,47.27,51.98,,TARGET_36,"37.13,33.50,26.37,47.27,51.98,TARGET_36"
2026-05-13T14:03:05,505.8,37.19,33.5,26.37,71.11,52.66,,TARGET_36,"37.19,33.50,26.37,71.11,52.66,TARGET_36"
2026-05-13T14:03:07,507.09,37.19,33.5,26.37,63.24,53.17,,TARGET_36,"37.19,33.50,26.37,63.24,53.17,TARGET_36"
2026-05-13T14:03:08,508.37,37.19,33.5,26.37,58.9,53.55,,TARGET_36,"37.19,33.50,26.37,58.90,53.55,TARGET_36"
2026-05-13T14:03:09,509.66,37.25,33.5,26.37,64.36,54.22,,TARGET_36,"37.25,33.50,26.37,64.36,54.22,TARGET_36"
2026-05-13T14:03:11,510.94,37.31,33.5,26.31,80.34,55.12,,TARGET_36,"37.31,33.50,26.31,80.34,55.12,TARGET_36"
2026-05-13T14:03:12,512.23,37.38,33.5,26.37,71.14,56.18,,TARGET_36,"37.38,33.50,26.37,71.14,56.18,TARGET_36"
2026-05-13T14:03:13,513.52,37.38,33.5,26.37,56.05,56.98,,TARGET_36,"37.38,33.50,26.37,56.05,56.98,TARGET_36"
2026-05-13T14:03:14,514.8,37.38,33.5,26.37,72.22,57.58,,TARGET_36,"37.38,33.50,26.37,72.22,57.58,TARGET_36"
2026-05-13T14:03:16,516.09,37.44,33.5,26.37,81.09,58.42,,TARGET_36,"37.44,33.50,26.37,81.09,58.42,TARGET_36"
2026-05-13T14:03:17,517.37,37.5,33.5,26.37,67.84,59.44,,TARGET_36,"37.50,33.50,26.37,67.84,59.44,TARGET_36"
2026-05-13T14:03:18,518.66,37.5,33.5,26.37,68.53,60.2,,TARGET_36,"37.50,33.50,26.37,68.53,60.20,TARGET_36"
2026-05-13T14:03:20,519.95,37.5,33.5,26.37,73.01,60.78,,TARGET_36,"37.50,33.50,26.37,73.01,60.78,TARGET_36"
2026-05-13T14:03:21,521.23,37.56,33.5,26.37,89.21,61.6,,TARGET_36,"37.56,33.50,26.37,89.21,61.60,TARGET_36"
2026-05-13T14:03:22,522.52,37.63,33.5,26.37,95.68,62.61,,TARGET_36,"37.63,33.50,26.37,95.68,62.61,TARGET_36"
2026-05-13T14:03:23,523.8,37.69,33.5,26.37,86.27,63.75,,TARGET_36,"37.69,33.50,26.37,86.27,63.75,TARGET_36"
2026-05-13T14:03:25,525.09,37.69,33.5,26.37,94.51,64.61,,TARGET_36,"37.69,33.50,26.37,94.51,64.61,TARGET_36"
2026-05-13T14:03:26,526.38,37.75,33.5,26.37,97.8,65.65,,TARGET_36,"37.75,33.50,26.37,97.80,65.65,TARGET_36"
2026-05-13T14:03:27,527.66,37.81,33.5,26.37,99.12,66.81,,TARGET_36,"37.81,33.50,26.37,99.12,66.81,TARGET_36"
2026-05-13T14:03:29,528.95,37.81,33.5,26.37,99.65,67.69,,TARGET_36,"37.81,33.50,26.37,99.65,67.69,TARGET_36"
2026-05-13T14:03:30,530.23,37.88,33.5,26.37,99.86,68.73,,TARGET_36,"37.88,33.50,26.37,99.86,68.73,TARGET_36"
2026-05-13T14:03:31,531.52,37.88,33.5,26.37,95.74,69.52,,TARGET_36,"37.88,33.50,26.37,95.74,69.52,TARGET_36"
2026-05-13T14:03:32,532.81,37.94,33.5,26.37,98.3,70.5,,TARGET_36,"37.94,33.50,26.37,98.30,70.50,TARGET_36"
2026-05-13T14:03:34,534.09,38.0,33.5,26.37,99.32,71.62,,TARGET_36,"38.00,33.50,26.37,99.32,71.62,TARGET_36"
2026-05-13T14:03:35,535.38,38.0,33.5,26.37,99.73,72.47,,TARGET_36,"38.00,33.50,26.37,99.73,72.47,TARGET_36"
2026-05-13T14:03:36,536.66,38.0,33.5,26.37,99.89,73.1,,TARGET_36,"38.00,33.50,26.37,99.89,73.10,TARGET_36"
2026-05-13T14:03:38,537.95,38.13,33.5,26.37,99.96,74.36,,TARGET_36,"38.13,33.50,26.37,99.96,74.36,TARGET_36"
2026-05-13T14:03:39,539.24,38.13,33.5,26.44,99.98,75.3,,TARGET_36,"38.13,33.50,26.44,99.98,75.30,TARGET_36"
2026-05-13T14:03:40,540.52,38.19,33.5,26.37,99.99,76.4,,TARGET_36,"38.19,33.50,26.37,99.99,76.40,TARGET_36"
2026-05-13T14:03:41,541.81,38.25,33.5,26.37,100.0,77.61,,TARGET_36,"38.25,33.50,26.37,100.00,77.61,TARGET_36"
2026-05-13T14:03:43,543.09,38.25,33.5,26.37,100.0,78.52,,TARGET_36,"38.25,33.50,26.37,100.00,78.52,TARGET_36"
2026-05-13T14:03:44,544.38,38.31,33.5,26.44,100.0,79.59,,TARGET_36,"38.31,33.50,26.44,100.00,79.59,TARGET_36"
2026-05-13T14:03:45,545.67,38.31,33.5,26.37,100.0,80.4,,TARGET_36,"38.31,33.50,26.37,100.00,80.40,TARGET_36"
2026-05-13T14:03:47,546.95,38.38,33.5,26.44,100.0,81.39,,TARGET_36,"38.38,33.50,26.44,100.00,81.39,TARGET_36"
2026-05-13T14:03:48,548.24,38.44,33.5,26.44,100.0,82.53,,TARGET_36,"38.44,33.50,26.44,100.00,82.53,TARGET_36"
2026-05-13T14:03:49,549.52,38.44,33.56,26.44,100.0,83.38,,TARGET_36,"38.44,33.56,26.44,100.00,83.38,TARGET_36"
2026-05-13T14:03:50,550.81,38.5,33.56,26.37,100.0,84.41,,TARGET_36,"38.50,33.56,26.37,100.00,84.41,TARGET_36"
2026-05-13T14:03:52,552.1,38.5,33.56,26.44,100.0,85.18,,TARGET_36,"38.50,33.56,26.44,100.00,85.18,TARGET_36"
2026-05-13T14:03:53,553.38,38.5,33.56,26.44,100.0,85.76,,TARGET_36,"38.50,33.56,26.44,100.00,85.76,TARGET_36"
2026-05-13T14:03:54,554.67,38.56,33.56,26.44,100.0,86.59,,TARGET_36,"38.56,33.56,26.44,100.00,86.59,TARGET_36"
2026-05-13T14:03:56,555.95,38.63,33.56,26.44,100.0,87.6,,TARGET_36,"38.63,33.56,26.44,100.00,87.60,TARGET_36"
2026-05-13T14:03:57,557.24,38.63,33.56,26.44,100.0,88.35,,TARGET_36,"38.63,33.56,26.44,100.00,88.35,TARGET_36"
2026-05-13T14:03:58,558.53,38.69,33.56,26.44,100.0,89.31,,TARGET_36,"38.69,33.56,26.44,100.00,89.31,TARGET_36"
2026-05-13T14:03:59,559.81,38.69,33.56,26.44,100.0,90.03,,TARGET_36,"38.69,33.56,26.44,100.00,90.03,TARGET_36"
2026-05-13T14:04:01,561.1,38.75,33.56,26.37,100.0,90.96,,TARGET_36,"38.75,33.56,26.37,100.00,90.96,TARGET_36"
2026-05-13T14:04:02,562.38,38.75,33.56,26.44,100.0,91.66,,TARGET_36,"38.75,33.56,26.44,100.00,91.66,TARGET_36"
2026-05-13T14:04:03,563.67,38.75,33.56,26.44,100.0,92.18,,TARGET_36,"38.75,33.56,26.44,100.00,92.18,TARGET_36"
2026-05-13T14:04:05,564.96,38.81,33.63,26.44,100.0,92.96,,TARGET_36,"38.81,33.63,26.44,100.00,92.96,TARGET_36"
2026-05-13T14:04:06,566.24,38.81,33.63,26.44,100.0,93.55,,TARGET_36,"38.81,33.63,26.44,100.00,93.55,TARGET_36"
2026-05-13T14:04:07,567.53,38.88,33.63,26.44,100.0,94.38,,TARGET_36,"38.88,33.63,26.44,100.00,94.38,TARGET_36"
2026-05-13T14:04:08,568.81,38.88,33.63,26.37,100.0,95.01,,TARGET_36,"38.88,33.63,26.37,100.00,95.01,TARGET_36"
2026-05-13T14:04:10,570.1,38.88,33.63,26.44,100.0,95.47,,TARGET_36,"38.88,33.63,26.44,100.00,95.47,TARGET_36"
2026-05-13T14:04:11,571.39,38.94,33.63,26.37,100.0,96.21,,TARGET_36,"38.94,33.63,26.37,100.00,96.21,TARGET_36"
2026-05-13T14:04:12,572.67,38.94,33.63,26.44,100.0,96.77,,TARGET_36,"38.94,33.63,26.44,100.00,96.77,TARGET_36"
2026-05-13T14:04:14,573.96,39.0,33.63,26.37,100.0,97.58,,TARGET_36,"39.00,33.63,26.37,100.00,97.58,TARGET_36"
2026-05-13T14:04:15,575.24,39.0,33.63,26.44,100.0,98.18,,TARGET_36,"39.00,33.63,26.44,100.00,98.18,TARGET_36"
2026-05-13T14:04:16,576.53,39.0,33.63,26.44,100.0,98.64,,TARGET_36,"39.00,33.63,26.44,100.00,98.64,TARGET_36"
2026-05-13T14:04:17,577.82,39.06,33.63,26.37,100.0,98.98,,TARGET_36,"39.06,33.63,26.37,100.00,98.98,TARGET_36"
2026-05-13T14:04:19,579.1,39.06,33.69,26.37,100.0,99.23,,TARGET_36,"39.06,33.69,26.37,100.00,99.23,TARGET_36"
2026-05-13T14:04:20,580.39,39.06,33.63,26.44,100.0,99.43,,TARGET_36,"39.06,33.63,26.44,100.00,99.43,TARGET_36"
2026-05-13T14:04:21,581.67,39.13,33.63,26.44,100.0,99.57,,TARGET_36,"39.13,33.63,26.44,100.00,99.57,TARGET_36"
2026-05-13T14:04:23,582.96,39.13,33.69,26.37,100.0,99.68,,TARGET_36,"39.13,33.69,26.37,100.00,99.68,TARGET_36"
2026-05-13T14:04:24,584.25,39.13,33.69,26.44,100.0,99.76,,TARGET_36,"39.13,33.69,26.44,100.00,99.76,TARGET_36"
2026-05-13T14:04:25,585.53,39.13,33.69,26.37,100.0,99.82,,TARGET_36,"39.13,33.69,26.37,100.00,99.82,TARGET_36"
2026-05-13T14:04:26,586.82,39.19,33.75,26.44,100.0,99.86,,TARGET_36,"39.19,33.75,26.44,100.00,99.86,TARGET_36"
2026-05-13T14:04:28,588.1,39.19,33.75,26.37,100.0,99.9,,TARGET_36,"39.19,33.75,26.37,100.00,99.90,TARGET_36"
2026-05-13T14:04:29,589.39,39.25,33.75,26.44,100.0,99.92,,TARGET_36,"39.25,33.75,26.44,100.00,99.92,TARGET_36"
2026-05-13T14:04:30,590.68,39.25,33.75,26.37,100.0,99.94,,TARGET_36,"39.25,33.75,26.37,100.00,99.94,TARGET_36"
2026-05-13T14:04:32,591.96,39.25,33.75,26.37,100.0,99.96,,TARGET_36,"39.25,33.75,26.37,100.00,99.96,TARGET_36"
2026-05-13T14:04:33,593.25,39.31,33.75,26.37,100.0,99.97,,TARGET_36,"39.31,33.75,26.37,100.00,99.97,TARGET_36"
2026-05-13T14:04:34,594.54,39.31,33.75,26.37,100.0,99.98,,TARGET_36,"39.31,33.75,26.37,100.00,99.98,TARGET_36"
2026-05-13T14:04:35,595.82,39.31,33.75,26.37,100.0,99.98,,TARGET_36,"39.31,33.75,26.37,100.00,99.98,TARGET_36"
2026-05-13T14:04:37,597.11,39.31,33.75,26.37,100.0,99.99,,TARGET_36,"39.31,33.75,26.37,100.00,99.99,TARGET_36"
2026-05-13T14:04:38,598.39,39.38,33.81,26.37,100.0,99.99,,TARGET_36,"39.38,33.81,26.37,100.00,99.99,TARGET_36"
2026-05-13T14:04:39,599.68,39.38,33.75,26.44,100.0,99.99,,TARGET_36,"39.38,33.75,26.44,100.00,99.99,TARGET_36"
2026-05-13T14:04:41,600.97,39.38,33.75,26.37,100.0,99.99,,TARGET_36,"39.38,33.75,26.37,100.00,99.99,TARGET_36"
2026-05-13T14:04:42,602.25,39.38,33.81,26.37,100.0,100.0,,TARGET_36,"39.38,33.81,26.37,100.00,100.00,TARGET_36"
2026-05-13T14:04:43,603.54,39.38,33.81,26.37,100.0,100.0,,TARGET_36,"39.38,33.81,26.37,100.00,100.00,TARGET_36"
2026-05-13T14:04:44,604.82,39.44,33.81,26.37,100.0,100.0,,TARGET_36,"39.44,33.81,26.37,100.00,100.00,TARGET_36"
2026-05-13T14:04:46,606.11,39.44,33.81,26.37,100.0,100.0,,TARGET_36,"39.44,33.81,26.37,100.00,100.00,TARGET_36"
2026-05-13T14:04:47,607.4,39.44,33.81,26.37,100.0,100.0,,TARGET_36,"39.44,33.81,26.37,100.00,100.00,TARGET_36"
2026-05-13T14:04:48,608.68,39.5,33.81,26.37,100.0,100.0,,TARGET_36,"39.50,33.81,26.37,100.00,100.00,TARGET_36"
2026-05-13T14:04:50,609.97,39.5,33.81,26.37,100.0,100.0,,TARGET_36,"39.50,33.81,26.37,100.00,100.00,TARGET_36"
2026-05-13T14:04:51,611.25,39.5,33.81,26.37,100.0,100.0,,TARGET_36,"39.50,33.81,26.37,100.00,100.00,TARGET_36"
2026-05-13T14:04:52,612.54,39.5,33.81,26.37,100.0,100.0,,TARGET_36,"39.50,33.81,26.37,100.00,100.00,TARGET_36"
2026-05-13T14:04:53,613.83,39.5,33.88,26.44,100.0,100.0,,TARGET_36,"39.50,33.88,26.44,100.00,100.00,TARGET_36"
2026-05-13T14:04:55,615.11,39.56,33.81,26.44,100.0,100.0,,TARGET_36,"39.56,33.81,26.44,100.00,100.00,TARGET_36"
2026-05-13T14:04:56,616.4,39.56,33.88,26.37,100.0,100.0,,TARGET_36,"39.56,33.88,26.37,100.00,100.00,TARGET_36"
2026-05-13T14:04:57,617.68,39.56,33.81,26.37,100.0,100.0,,TARGET_36,"39.56,33.81,26.37,100.00,100.00,TARGET_36"
2026-05-13T14:04:59,618.97,39.63,33.81,26.44,100.0,100.0,,TARGET_36,"39.63,33.81,26.44,100.00,100.00,TARGET_36"
2026-05-13T14:05:00,620.26,39.63,33.88,26.44,100.0,100.0,,TARGET_36,"39.63,33.88,26.44,100.00,100.00,TARGET_36"
2026-05-13T14:05:01,621.54,39.63,33.88,26.44,100.0,100.0,,TARGET_36,"39.63,33.88,26.44,100.00,100.00,TARGET_36"
2026-05-13T14:05:02,622.83,39.69,33.88,26.44,100.0,100.0,,TARGET_36,"39.69,33.88,26.44,100.00,100.00,TARGET_36"
2026-05-13T14:05:04,624.11,39.69,33.88,26.44,100.0,100.0,,TARGET_36,"39.69,33.88,26.44,100.00,100.00,TARGET_36"
2026-05-13T14:05:05,625.4,39.69,33.88,26.37,100.0,100.0,,TARGET_36,"39.69,33.88,26.37,100.00,100.00,TARGET_36"
2026-05-13T14:05:06,626.69,39.69,33.88,26.44,100.0,100.0,,TARGET_36,"39.69,33.88,26.44,100.00,100.00,TARGET_36"
2026-05-13T14:05:08,627.97,39.69,33.88,26.44,100.0,100.0,,TARGET_36,"39.69,33.88,26.44,100.00,100.00,TARGET_36"
2026-05-13T14:05:09,629.26,39.69,33.88,26.44,100.0,100.0,,TARGET_36,"39.69,33.88,26.44,100.00,100.00,TARGET_36"
2026-05-13T14:05:10,630.54,39.69,33.88,26.44,100.0,100.0,,TARGET_36,"39.69,33.88,26.44,100.00,100.00,TARGET_36"
2026-05-13T14:05:11,631.83,39.75,33.88,26.44,100.0,100.0,,TARGET_36,"39.75,33.88,26.44,100.00,100.00,TARGET_36"
2026-05-13T14:05:13,633.12,39.75,33.88,26.44,100.0,100.0,,TARGET_36,"39.75,33.88,26.44,100.00,100.00,TARGET_36"
2026-05-13T14:05:14,634.4,39.75,33.88,26.44,100.0,100.0,,TARGET_36,"39.75,33.88,26.44,100.00,100.00,TARGET_36"
2026-05-13T14:05:15,635.69,39.75,33.88,26.44,100.0,100.0,,TARGET_36,"39.75,33.88,26.44,100.00,100.00,TARGET_36"
2026-05-13T14:05:17,636.98,39.75,33.88,26.44,100.0,100.0,,TARGET_36,"39.75,33.88,26.44,100.00,100.00,TARGET_36"
2026-05-13T14:05:18,638.26,39.81,33.94,26.44,100.0,100.0,,TARGET_36,"39.81,33.94,26.44,100.00,100.00,TARGET_36"
2026-05-13T14:05:19,639.55,39.81,33.88,26.44,100.0,100.0,,TARGET_36,"39.81,33.88,26.44,100.00,100.00,TARGET_36"
2026-05-13T14:05:20,640.83,39.81,33.94,26.44,100.0,100.0,,TARGET_36,"39.81,33.94,26.44,100.00,100.00,TARGET_36"
2026-05-13T14:05:22,642.12,39.81,33.94,26.44,100.0,100.0,,TARGET_36,"39.81,33.94,26.44,100.00,100.00,TARGET_36"
2026-05-13T14:05:23,643.41,39.81,33.94,26.44,100.0,100.0,,TARGET_36,"39.81,33.94,26.44,100.00,100.00,TARGET_36"
2026-05-13T14:05:24,644.69,39.88,33.94,26.44,100.0,100.0,,TARGET_36,"39.88,33.94,26.44,100.00,100.00,TARGET_36"
2026-05-13T14:05:26,645.98,39.88,33.94,26.44,100.0,100.0,,TARGET_36,"39.88,33.94,26.44,100.00,100.00,TARGET_36"
2026-05-13T14:05:27,647.26,39.88,33.94,26.37,100.0,100.0,,TARGET_36,"39.88,33.94,26.37,100.00,100.00,TARGET_36"
2026-05-13T14:05:28,648.55,39.88,33.94,26.44,100.0,100.0,,TARGET_36,"39.88,33.94,26.44,100.00,100.00,TARGET_36"
2026-05-13T14:05:29,649.84,39.88,33.94,26.44,100.0,100.0,,TARGET_36,"39.88,33.94,26.44,100.00,100.00,TARGET_36"
2026-05-13T14:05:31,651.12,39.88,33.94,26.37,100.0,100.0,,TARGET_36,"39.88,33.94,26.37,100.00,100.00,TARGET_36"
2026-05-13T14:05:32,652.41,39.94,33.94,26.37,100.0,100.0,,TARGET_36,"39.94,33.94,26.37,100.00,100.00,TARGET_36"
2026-05-13T14:05:33,653.69,39.94,33.94,26.37,100.0,100.0,,TARGET_36,"39.94,33.94,26.37,100.00,100.00,TARGET_36"
2026-05-13T14:05:35,654.98,39.94,33.94,26.37,100.0,100.0,,TARGET_36,"39.94,33.94,26.37,100.00,100.00,TARGET_36"
2026-05-13T14:05:36,656.27,39.94,34.0,26.37,100.0,100.0,,TARGET_36,"39.94,34.00,26.37,100.00,100.00,TARGET_36"
2026-05-13T14:05:37,657.55,39.94,34.0,26.37,100.0,100.0,,TARGET_36,"39.94,34.00,26.37,100.00,100.00,TARGET_36"
2026-05-13T14:05:38,658.84,39.94,34.0,26.37,100.0,100.0,,TARGET_36,"39.94,34.00,26.37,100.00,100.00,TARGET_36"
2026-05-13T14:05:40,660.12,40.0,34.0,26.44,100.0,100.0,,TARGET_36,"40.00,34.00,26.44,100.00,100.00,TARGET_36"
2026-05-13T14:05:41,661.41,40.0,34.0,26.37,100.0,100.0,,TARGET_36,"40.00,34.00,26.37,100.00,100.00,TARGET_36"
2026-05-13T14:05:42,662.7,40.0,34.0,26.44,100.0,100.0,,TARGET_36,"40.00,34.00,26.44,100.00,100.00,TARGET_36"
2026-05-13T14:05:44,663.98,40.0,34.0,26.44,100.0,100.0,,TARGET_36,"40.00,34.00,26.44,100.00,100.00,TARGET_36"
2026-05-13T14:05:45,665.27,40.0,34.0,26.44,100.0,100.0,,TARGET_36,"40.00,34.00,26.44,100.00,100.00,TARGET_36"
2026-05-13T14:05:46,666.55,40.0,34.0,26.44,100.0,100.0,,TARGET_36,"40.00,34.00,26.44,100.00,100.00,TARGET_36"
2026-05-13T14:05:47,667.84,40.0,34.0,26.44,100.0,100.0,,TARGET_36,"40.00,34.00,26.44,100.00,100.00,TARGET_36"
2026-05-13T14:05:49,669.13,40.0,34.0,26.44,100.0,100.0,,TARGET_36,"40.00,34.00,26.44,100.00,100.00,TARGET_36"
2026-05-13T14:05:50,670.41,40.06,34.0,26.44,100.0,100.0,,TARGET_36,"40.06,34.00,26.44,100.00,100.00,TARGET_36"
2026-05-13T14:05:51,671.7,40.0,34.0,26.44,100.0,100.0,,TARGET_36,"40.00,34.00,26.44,100.00,100.00,TARGET_36"
2026-05-13T14:05:53,672.99,40.0,34.0,26.44,100.0,100.0,,TARGET_36,"40.00,34.00,26.44,100.00,100.00,TARGET_36"
2026-05-13T14:05:54,674.27,40.0,34.0,26.44,100.0,100.0,,TARGET_36,"40.00,34.00,26.44,100.00,100.00,TARGET_36"
2026-05-13T14:05:55,675.56,40.0,34.0,26.44,100.0,100.0,,TARGET_36,"40.00,34.00,26.44,100.00,100.00,TARGET_36"
2026-05-13T14:05:56,676.84,39.94,34.0,26.44,100.0,100.0,,TARGET_36,"39.94,34.00,26.44,100.00,100.00,TARGET_36"
2026-05-13T14:05:58,678.13,39.94,34.0,26.44,100.0,100.0,,TARGET_36,"39.94,34.00,26.44,100.00,100.00,TARGET_36"
2026-05-13T14:05:59,679.42,39.94,34.0,26.37,100.0,100.0,,TARGET_36,"39.94,34.00,26.37,100.00,100.00,TARGET_36"
2026-05-13T14:06:00,680.7,39.88,34.0,26.37,100.0,100.0,,TARGET_36,"39.88,34.00,26.37,100.00,100.00,TARGET_36"
2026-05-13T14:06:02,681.99,39.88,34.06,26.44,100.0,100.0,,TARGET_36,"39.88,34.06,26.44,100.00,100.00,TARGET_36"
2026-05-13T14:06:03,683.27,39.81,34.06,26.44,100.0,100.0,,TARGET_36,"39.81,34.06,26.44,100.00,100.00,TARGET_36"
2026-05-13T14:06:04,684.56,39.81,34.0,26.44,100.0,100.0,,TARGET_36,"39.81,34.00,26.44,100.00,100.00,TARGET_36"
2026-05-13T14:06:05,685.85,39.81,34.06,26.44,100.0,100.0,,TARGET_36,"39.81,34.06,26.44,100.00,100.00,TARGET_36"
2026-05-13T14:06:07,687.13,39.75,34.06,26.44,100.0,100.0,,TARGET_36,"39.75,34.06,26.44,100.00,100.00,TARGET_36"
2026-05-13T14:06:08,688.42,39.69,34.06,26.44,100.0,100.0,,TARGET_36,"39.69,34.06,26.44,100.00,100.00,TARGET_36"
2026-05-13T14:06:09,689.7,39.69,34.06,26.37,100.0,100.0,,TARGET_36,"39.69,34.06,26.37,100.00,100.00,TARGET_36"
2026-05-13T14:06:11,690.99,39.63,34.06,26.44,100.0,100.0,,TARGET_36,"39.63,34.06,26.44,100.00,100.00,TARGET_36"
2026-05-13T14:06:12,692.28,39.63,34.06,26.37,100.0,100.0,,TARGET_36,"39.63,34.06,26.37,100.00,100.00,TARGET_36"
2026-05-13T14:06:13,693.56,39.56,34.06,26.37,100.0,100.0,,TARGET_36,"39.56,34.06,26.37,100.00,100.00,TARGET_36"
2026-05-13T14:06:14,694.85,39.5,34.06,26.44,100.0,100.0,,TARGET_36,"39.50,34.06,26.44,100.00,100.00,TARGET_36"
2026-05-13T14:06:16,696.13,39.5,34.06,26.44,100.0,100.0,,TARGET_36,"39.50,34.06,26.44,100.00,100.00,TARGET_36"
2026-05-13T14:06:17,697.42,39.44,34.06,26.44,100.0,100.0,,TARGET_36,"39.44,34.06,26.44,100.00,100.00,TARGET_36"
2026-05-13T14:06:18,698.71,39.38,34.06,26.44,100.0,100.0,,TARGET_36,"39.38,34.06,26.44,100.00,100.00,TARGET_36"
2026-05-13T14:06:20,699.99,39.38,34.06,26.44,100.0,100.0,,TARGET_36,"39.38,34.06,26.44,100.00,100.00,TARGET_36"
2026-05-13T14:06:21,701.28,39.31,34.06,26.44,100.0,100.0,,TARGET_36,"39.31,34.06,26.44,100.00,100.00,TARGET_36"
2026-05-13T14:06:22,702.56,39.25,34.06,26.44,100.0,100.0,,TARGET_36,"39.25,34.06,26.44,100.00,100.00,TARGET_36"
2026-05-13T14:06:23,703.85,39.19,34.06,26.44,100.0,100.0,,TARGET_36,"39.19,34.06,26.44,100.00,100.00,TARGET_36"
2026-05-13T14:06:25,705.14,39.19,34.06,26.44,100.0,100.0,,TARGET_36,"39.19,34.06,26.44,100.00,100.00,TARGET_36"
2026-05-13T14:06:26,706.42,39.13,34.06,26.44,100.0,100.0,,TARGET_36,"39.13,34.06,26.44,100.00,100.00,TARGET_36"
2026-05-13T14:06:27,707.71,39.06,34.06,26.44,100.0,100.0,,TARGET_36,"39.06,34.06,26.44,100.00,100.00,TARGET_36"
2026-05-13T14:06:29,708.99,39.06,34.06,26.44,100.0,100.0,,TARGET_36,"39.06,34.06,26.44,100.00,100.00,TARGET_36"
2026-05-13T14:06:30,710.28,39.0,34.06,26.44,100.0,100.0,,TARGET_36,"39.00,34.06,26.44,100.00,100.00,TARGET_36"
2026-05-13T14:06:31,711.57,38.94,34.06,26.44,100.0,99.61,,TARGET_36,"38.94,34.06,26.44,100.00,99.61,TARGET_36"
2026-05-13T14:06:33,712.85,38.88,34.06,26.44,100.0,98.93,,TARGET_36,"38.88,34.06,26.44,100.00,98.93,TARGET_36"
2026-05-13T14:06:34,714.14,38.88,34.06,26.44,100.0,98.41,,TARGET_36,"38.88,34.06,26.44,100.00,98.41,TARGET_36"
2026-05-13T14:06:35,715.43,38.81,34.06,26.44,100.0,97.64,,TARGET_36,"38.81,34.06,26.44,100.00,97.64,TARGET_36"
2026-05-13T14:06:36,716.71,38.75,34.06,26.44,100.0,96.67,,TARGET_36,"38.75,34.06,26.44,100.00,96.67,TARGET_36"
2026-05-13T14:06:38,718.0,38.75,34.06,26.44,100.0,95.94,,TARGET_36,"38.75,34.06,26.44,100.00,95.94,TARGET_36"
2026-05-13T14:06:39,719.28,38.69,34.06,26.44,100.0,95.0,,TARGET_36,"38.69,34.06,26.44,100.00,95.00,TARGET_36"
2026-05-13T14:06:40,720.57,38.63,34.06,26.5,100.0,93.91,,TARGET_36,"38.63,34.06,26.50,100.00,93.91,TARGET_36"
2026-05-13T14:06:42,721.86,38.63,34.06,26.5,100.0,93.09,,TARGET_36,"38.63,34.06,26.50,100.00,93.09,TARGET_36"
2026-05-13T14:06:43,723.14,38.5,34.06,26.44,100.0,91.69,,TARGET_36,"38.50,34.06,26.44,100.00,91.69,TARGET_36"
2026-05-13T14:06:44,724.43,38.5,34.06,26.44,100.0,90.64,,TARGET_36,"38.50,34.06,26.44,100.00,90.64,TARGET_36"
2026-05-13T14:06:45,725.71,38.44,34.06,26.5,100.0,89.47,,TARGET_36,"38.44,34.06,26.50,100.00,89.47,TARGET_36"
2026-05-13T14:06:47,727.0,38.38,34.06,26.5,100.0,88.19,,TARGET_36,"38.38,34.06,26.50,100.00,88.19,TARGET_36"
2026-05-13T14:06:48,728.29,38.38,34.06,26.44,100.0,87.24,,TARGET_36,"38.38,34.06,26.44,100.00,87.24,TARGET_36"
2026-05-13T14:06:49,729.57,38.38,34.06,26.44,100.0,86.52,,TARGET_36,"38.38,34.06,26.44,100.00,86.52,TARGET_36"
2026-05-13T14:06:51,730.86,38.31,34.06,26.5,100.0,85.6,,TARGET_36,"38.31,34.06,26.50,100.00,85.60,TARGET_36"
2026-05-13T14:06:52,732.14,38.25,34.06,26.5,100.0,84.51,,TARGET_36,"38.25,34.06,26.50,100.00,84.51,TARGET_36"
2026-05-13T14:06:53,733.43,38.19,34.06,26.5,100.0,83.3,,TARGET_36,"38.19,34.06,26.50,100.00,83.30,TARGET_36"
2026-05-13T14:06:54,734.72,38.19,34.06,26.5,100.0,82.4,,TARGET_36,"38.19,34.06,26.50,100.00,82.40,TARGET_36"
2026-05-13T14:06:56,736.0,38.13,34.06,26.5,100.0,81.33,,TARGET_36,"38.13,34.06,26.50,100.00,81.33,TARGET_36"
2026-05-13T14:06:57,737.29,38.06,34.06,26.5,100.0,80.14,,TARGET_36,"38.06,34.06,26.50,100.00,80.14,TARGET_36"
2026-05-13T14:06:58,738.57,38.06,34.06,26.5,100.0,79.24,,TARGET_36,"38.06,34.06,26.50,100.00,79.24,TARGET_36"
2026-05-13T14:07:00,739.86,38.0,34.06,26.5,100.0,78.18,,TARGET_36,"38.00,34.06,26.50,100.00,78.18,TARGET_36"
2026-05-13T14:07:01,741.15,38.0,34.06,26.5,100.0,77.39,,TARGET_36,"38.00,34.06,26.50,100.00,77.39,TARGET_36"
2026-05-13T14:07:02,742.43,37.94,34.06,26.5,100.0,76.4,,TARGET_36,"37.94,34.06,26.50,100.00,76.40,TARGET_36"
2026-05-13T14:07:03,743.72,37.88,34.06,26.5,100.0,75.27,,TARGET_36,"37.88,34.06,26.50,100.00,75.27,TARGET_36"
2026-05-13T14:07:05,745.0,37.88,34.06,26.5,97.6,74.42,,TARGET_36,"37.88,34.06,26.50,97.60,74.42,TARGET_36"
2026-05-13T14:07:06,746.29,37.81,34.06,26.5,99.04,73.39,,TARGET_36,"37.81,34.06,26.50,99.04,73.39,TARGET_36"
2026-05-13T14:07:07,747.58,37.81,34.0,26.5,99.62,72.62,,TARGET_36,"37.81,34.00,26.50,99.62,72.62,TARGET_36"
2026-05-13T14:07:09,748.86,37.75,34.06,26.5,99.85,71.65,,TARGET_36,"37.75,34.06,26.50,99.85,71.65,TARGET_36"
2026-05-13T14:07:10,750.15,37.75,34.06,26.5,99.94,70.93,,TARGET_36,"37.75,34.06,26.50,99.94,70.93,TARGET_36"
2026-05-13T14:07:11,751.43,37.69,34.06,26.5,99.98,69.99,,TARGET_36,"37.69,34.06,26.50,99.98,69.99,TARGET_36"
2026-05-13T14:07:12,752.72,37.69,34.06,26.5,99.99,69.29,,TARGET_36,"37.69,34.06,26.50,99.99,69.29,TARGET_36"
2026-05-13T14:07:14,754.01,37.69,34.06,26.5,100.0,68.77,,TARGET_36,"37.69,34.06,26.50,100.00,68.77,TARGET_36"
2026-05-13T14:07:15,755.29,37.63,34.0,26.5,100.0,67.98,,TARGET_36,"37.63,34.00,26.50,100.00,67.98,TARGET_36"
2026-05-13T14:07:16,756.58,37.63,34.0,26.5,99.4,67.39,,TARGET_36,"37.63,34.00,26.50,99.40,67.39,TARGET_36"
2026-05-13T14:07:18,757.86,37.56,34.0,26.5,90.76,66.56,,TARGET_36,"37.56,34.00,26.50,90.76,66.56,TARGET_36"
2026-05-13T14:07:19,759.15,37.5,34.0,26.5,96.3,65.54,,TARGET_36,"37.50,34.00,26.50,96.30,65.54,TARGET_36"
2026-05-13T14:07:20,760.44,37.5,34.0,26.5,97.32,64.78,,TARGET_36,"37.50,34.00,26.50,97.32,64.78,TARGET_36"
2026-05-13T14:07:21,761.72,37.5,34.0,26.5,98.93,64.21,,TARGET_36,"37.50,34.00,26.50,98.93,64.21,TARGET_36"
2026-05-13T14:07:23,763.01,37.44,34.0,26.5,95.37,63.39,,TARGET_36,"37.44,34.00,26.50,95.37,63.39,TARGET_36"
2026-05-13T14:07:24,764.29,37.44,34.0,26.5,90.35,62.78,,TARGET_36,"37.44,34.00,26.50,90.35,62.78,TARGET_36"
2026-05-13T14:07:25,765.58,37.38,34.0,26.56,91.94,61.93,,TARGET_36,"37.38,34.00,26.56,91.94,61.93,TARGET_36"
2026-05-13T14:07:27,766.87,37.38,34.0,26.5,91.38,61.29,,TARGET_36,"37.38,34.00,26.50,91.38,61.29,TARGET_36"
2026-05-13T14:07:28,768.15,37.38,34.0,26.56,86.35,60.81,,TARGET_36,"37.38,34.00,26.56,86.35,60.81,TARGET_36"
2026-05-13T14:07:29,769.44,37.31,34.0,26.5,94.54,60.06,,TARGET_36,"37.31,34.00,26.50,94.54,60.06,TARGET_36"
2026-05-13T14:07:30,770.72,37.31,34.0,26.56,87.02,59.5,,TARGET_36,"37.31,34.00,26.56,87.02,59.50,TARGET_36"
2026-05-13T14:07:32,772.01,37.31,34.0,26.56,94.81,59.08,,TARGET_36,"37.31,34.00,26.56,94.81,59.08,TARGET_36"
2026-05-13T14:07:33,773.29,37.25,34.0,26.56,97.92,58.37,,TARGET_36,"37.25,34.00,26.56,97.92,58.37,TARGET_36"
2026-05-13T14:07:34,774.58,37.25,34.0,26.56,94.97,57.84,,TARGET_36,"37.25,34.00,26.56,94.97,57.84,TARGET_36"
2026-05-13T14:07:36,775.87,37.25,34.0,26.56,97.99,57.44,,TARGET_36,"37.25,34.00,26.56,97.99,57.44,TARGET_36"
2026-05-13T14:07:37,777.15,37.19,33.94,26.56,99.2,56.75,,TARGET_36,"37.19,33.94,26.56,99.20,56.75,TARGET_36"
2026-05-13T14:07:38,778.44,37.19,33.94,26.56,99.68,56.24,,TARGET_36,"37.19,33.94,26.56,99.68,56.24,TARGET_36"
2026-05-13T14:07:39,779.72,37.19,33.94,26.56,90.27,55.85,,TARGET_36,"37.19,33.94,26.56,90.27,55.85,TARGET_36"
2026-05-13T14:07:41,781.01,37.13,33.94,26.56,79.91,55.17,,TARGET_36,"37.13,33.94,26.56,79.91,55.17,TARGET_36"
2026-05-13T14:07:42,782.3,37.13,33.94,26.56,63.16,54.66,,TARGET_36,"37.13,33.94,26.56,63.16,54.66,TARGET_36"
2026-05-13T14:07:43,783.58,37.13,33.94,26.56,64.87,54.27,,TARGET_36,"37.13,33.94,26.56,64.87,54.27,TARGET_36"
2026-05-13T14:07:45,784.87,37.13,33.94,26.62,82.95,53.99,,TARGET_36,"37.13,33.94,26.62,82.95,53.99,TARGET_36"
2026-05-13T14:07:46,786.15,37.06,33.94,26.62,63.78,53.38,,TARGET_36,"37.06,33.94,26.62,63.78,53.38,TARGET_36"
2026-05-13T14:07:47,787.44,37.06,33.94,26.56,59.71,52.93,,TARGET_36,"37.06,33.94,26.56,59.71,52.93,TARGET_36"
2026-05-13T14:07:48,788.73,37.06,33.94,26.56,71.28,52.59,,TARGET_36,"37.06,33.94,26.56,71.28,52.59,TARGET_36"
2026-05-13T14:07:50,790.01,37.06,33.94,26.56,69.31,52.33,,TARGET_36,"37.06,33.94,26.56,69.31,52.33,TARGET_36"
2026-05-13T14:07:51,791.3,37.06,33.88,26.56,51.73,52.14,,TARGET_36,"37.06,33.88,26.56,51.73,52.14,TARGET_36"
2026-05-13T14:07:52,792.58,37.0,33.94,26.62,66.89,51.6,,TARGET_36,"37.00,33.94,26.62,66.89,51.60,TARGET_36"
2026-05-13T14:07:54,793.87,37.06,33.94,26.56,57.36,51.59,,TARGET_36,"37.06,33.94,26.56,57.36,51.59,TARGET_36"
2026-05-13T14:07:55,795.16,37.06,33.88,26.56,68.54,51.59,,TARGET_36,"37.06,33.88,26.56,68.54,51.59,TARGET_36"
2026-05-13T14:07:56,796.44,37.06,33.88,26.56,67.62,51.58,,TARGET_36,"37.06,33.88,26.56,67.62,51.58,TARGET_36"
2026-05-13T14:07:57,797.73,37.13,33.88,26.56,54.05,51.97,,TARGET_36,"37.13,33.88,26.56,54.05,51.97,TARGET_36"
2026-05-13T14:07:59,799.01,37.06,33.88,26.62,58.82,51.87,,TARGET_36,"37.06,33.88,26.62,58.82,51.87,TARGET_36"
2026-05-13T14:08:00,800.3,37.13,33.88,26.62,61.93,52.18,,TARGET_36,"37.13,33.88,26.62,61.93,52.18,TARGET_36"
2026-05-13T14:08:01,801.58,37.13,33.88,26.62,72.17,52.42,,TARGET_36,"37.13,33.88,26.62,72.17,52.42,TARGET_36"
2026-05-13T14:08:03,802.87,37.19,33.88,26.62,61.27,52.98,,TARGET_36,"37.19,33.88,26.62,61.27,52.98,TARGET_36"
2026-05-13T14:08:04,804.16,37.19,33.88,26.62,78.51,53.41,,TARGET_36,"37.19,33.88,26.62,78.51,53.41,TARGET_36"
2026-05-13T14:08:05,805.44,37.19,33.88,26.62,57.2,53.73,,TARGET_36,"37.19,33.88,26.62,57.20,53.73,TARGET_36"
2026-05-13T14:08:06,806.73,37.25,33.81,26.62,67.88,54.36,,TARGET_36,"37.25,33.81,26.62,67.88,54.36,TARGET_36"
2026-05-13T14:08:08,808.02,37.25,33.81,26.62,69.15,54.83,,TARGET_36,"37.25,33.81,26.62,69.15,54.83,TARGET_36"
2026-05-13T14:08:09,809.3,37.25,33.81,26.62,60.06,55.19,,TARGET_36,"37.25,33.81,26.62,60.06,55.19,TARGET_36"
2026-05-13T14:08:10,810.59,37.31,33.81,26.62,57.62,55.84,,TARGET_36,"37.31,33.81,26.62,57.62,55.84,TARGET_36"
2026-05-13T14:08:12,811.87,37.31,33.81,26.62,65.05,56.34,,TARGET_36,"37.31,33.81,26.62,65.05,56.34,TARGET_36"
2026-05-13T14:08:13,813.16,37.38,33.81,26.62,65.62,57.1,,TARGET_36,"37.38,33.81,26.62,65.62,57.10,TARGET_36"
2026-05-13T14:08:14,814.44,37.38,33.81,26.56,65.85,57.67,,TARGET_36,"37.38,33.81,26.56,65.85,57.67,TARGET_36"
2026-05-13T14:08:15,815.73,37.44,33.81,26.62,68.94,58.48,,TARGET_36,"37.44,33.81,26.62,68.94,58.48,TARGET_36"
2026-05-13T14:08:17,817.02,37.44,33.81,26.62,72.58,59.1,,TARGET_36,"37.44,33.81,26.62,72.58,59.10,TARGET_36"
2026-05-13T14:08:18,818.3,37.5,33.81,26.62,65.03,59.95,,TARGET_36,"37.50,33.81,26.62,65.03,59.95,TARGET_36"
2026-05-13T14:08:19,819.59,37.56,33.81,26.62,71.61,60.98,,TARGET_36,"37.56,33.81,26.62,71.61,60.98,TARGET_36"
2026-05-13T14:08:21,820.87,37.63,33.81,26.62,86.24,62.14,,TARGET_36,"37.63,33.81,26.62,86.24,62.14,TARGET_36"
2026-05-13T14:08:22,822.16,37.63,33.81,26.62,94.5,63.01,,TARGET_36,"37.63,33.81,26.62,94.50,63.01,TARGET_36"
2026-05-13T14:08:23,823.45,37.69,33.81,26.56,96.6,64.05,,TARGET_36,"37.69,33.81,26.56,96.60,64.05,TARGET_36"
2026-05-13T14:08:24,824.73,37.69,33.81,26.62,86.04,64.84,,TARGET_36,"37.69,33.81,26.62,86.04,64.84,TARGET_36"
2026-05-13T14:08:26,826.02,37.75,33.81,26.62,91.42,65.82,,TARGET_36,"37.75,33.81,26.62,91.42,65.82,TARGET_36"
2026-05-13T14:08:27,827.3,37.75,33.81,26.62,91.77,66.55,,TARGET_36,"37.75,33.81,26.62,91.77,66.55,TARGET_36"
2026-05-13T14:08:28,828.59,37.81,33.81,26.62,96.71,67.49,,TARGET_36,"37.81,33.81,26.62,96.71,67.49,TARGET_36"
2026-05-13T14:08:30,829.88,37.88,33.75,26.62,95.68,68.59,,TARGET_36,"37.88,33.75,26.62,95.68,68.59,TARGET_36"
2026-05-13T14:08:31,831.16,37.88,33.81,26.62,98.27,69.41,,TARGET_36,"37.88,33.81,26.62,98.27,69.41,TARGET_36"
2026-05-13T14:08:32,832.45,37.94,33.81,26.62,92.11,70.42,,TARGET_36,"37.94,33.81,26.62,92.11,70.42,TARGET_36"
2026-05-13T14:08:33,833.73,38.0,33.81,26.62,96.84,71.56,,TARGET_36,"38.00,33.81,26.62,96.84,71.56,TARGET_36"
2026-05-13T14:08:35,835.02,38.0,33.81,26.62,98.74,72.42,,TARGET_36,"38.00,33.81,26.62,98.74,72.42,TARGET_36"
2026-05-13T14:08:36,836.31,38.06,33.81,26.62,99.49,73.46,,TARGET_36,"38.06,33.81,26.62,99.49,73.46,TARGET_36"
2026-05-13T14:08:37,837.59,38.13,33.81,26.62,99.8,74.62,,TARGET_36,"38.13,33.81,26.62,99.80,74.62,TARGET_36"
2026-05-13T14:08:39,838.88,38.19,33.81,26.62,99.92,75.89,,TARGET_36,"38.19,33.81,26.62,99.92,75.89,TARGET_36"
2026-05-13T14:08:40,840.16,38.19,33.81,26.62,99.97,76.84,,TARGET_36,"38.19,33.81,26.62,99.97,76.84,TARGET_36"
2026-05-13T14:08:41,841.45,38.19,33.81,26.62,99.99,77.55,,TARGET_36,"38.19,33.81,26.62,99.99,77.55,TARGET_36"
2026-05-13T14:08:42,842.74,38.25,33.81,26.62,99.99,78.48,,TARGET_36,"38.25,33.81,26.62,99.99,78.48,TARGET_36"
2026-05-13T14:08:44,844.02,38.31,33.81,26.62,100.0,79.56,,TARGET_36,"38.31,33.81,26.62,100.00,79.56,TARGET_36"
2026-05-13T14:08:45,845.31,38.31,33.81,26.62,100.0,80.37,,TARGET_36,"38.31,33.81,26.62,100.00,80.37,TARGET_36"
2026-05-13T14:08:46,846.59,38.38,33.81,26.62,100.0,81.37,,TARGET_36,"38.38,33.81,26.62,100.00,81.37,TARGET_36"
2026-05-13T14:08:48,847.88,38.38,33.81,26.62,100.0,82.12,,TARGET_36,"38.38,33.81,26.62,100.00,82.12,TARGET_36"
2026-05-13T14:08:49,849.17,38.44,33.81,26.62,100.0,83.08,,TARGET_36,"38.44,33.81,26.62,100.00,83.08,TARGET_36"
2026-05-13T14:08:50,850.45,38.5,33.81,26.62,100.0,84.18,,TARGET_36,"38.50,33.81,26.62,100.00,84.18,TARGET_36"
2026-05-13T14:08:51,851.74,38.5,33.81,26.56,100.0,85.01,,TARGET_36,"38.50,33.81,26.56,100.00,85.01,TARGET_36"
2026-05-13T14:08:53,853.02,38.5,33.81,26.62,100.0,85.63,,TARGET_36,"38.50,33.81,26.62,100.00,85.63,TARGET_36"
2026-05-13T14:08:54,854.31,38.56,33.88,26.62,100.0,86.49,,TARGET_36,"38.56,33.88,26.62,100.00,86.49,TARGET_36"
2026-05-13T14:08:55,855.6,38.56,33.88,26.62,100.0,87.13,,TARGET_36,"38.56,33.88,26.62,100.00,87.13,TARGET_36"
2026-05-13T14:08:57,856.88,38.63,33.81,26.62,100.0,88.01,,TARGET_36,"38.63,33.81,26.62,100.00,88.01,TARGET_36"
2026-05-13T14:08:58,858.17,38.69,33.88,26.62,100.0,89.05,,TARGET_36,"38.69,33.88,26.62,100.00,89.05,TARGET_36"
2026-05-13T14:08:59,859.45,38.69,33.88,26.62,100.0,89.84,,TARGET_36,"38.69,33.88,26.62,100.00,89.84,TARGET_36"
2026-05-13T14:09:00,860.74,38.75,33.88,26.62,100.0,90.81,,TARGET_36,"38.75,33.88,26.62,100.00,90.81,TARGET_36"
2026-05-13T14:09:02,862.03,38.75,33.88,26.62,100.0,91.55,,TARGET_36,"38.75,33.88,26.62,100.00,91.55,TARGET_36"
2026-05-13T14:09:03,863.31,38.81,33.88,26.62,100.0,92.49,,TARGET_36,"38.81,33.88,26.62,100.00,92.49,TARGET_36"
2026-05-13T14:09:04,864.6,38.81,33.88,26.62,100.0,93.2,,TARGET_36,"38.81,33.88,26.62,100.00,93.20,TARGET_36"
2026-05-13T14:09:06,865.88,38.81,33.88,26.62,100.0,93.72,,TARGET_36,"38.81,33.88,26.62,100.00,93.72,TARGET_36"
2026-05-13T14:09:07,867.17,38.88,33.88,26.62,100.0,94.51,,TARGET_36,"38.88,33.88,26.62,100.00,94.51,TARGET_36"
2026-05-13T14:09:08,868.46,38.88,33.88,26.62,100.0,95.1,,TARGET_36,"38.88,33.88,26.62,100.00,95.10,TARGET_36"
2026-05-13T14:09:09,869.74,38.88,33.94,26.62,100.0,95.55,,TARGET_36,"38.88,33.94,26.62,100.00,95.55,TARGET_36"
2026-05-13T14:09:11,871.03,38.94,33.94,26.62,100.0,96.27,,TARGET_36,"38.94,33.94,26.62,100.00,96.27,TARGET_36"
2026-05-13T14:09:12,872.32,39.0,33.94,26.62,100.0,97.2,,TARGET_36,"39.00,33.94,26.62,100.00,97.20,TARGET_36"
2026-05-13T14:09:13,873.6,39.0,33.94,26.62,100.0,97.9,,TARGET_36,"39.00,33.94,26.62,100.00,97.90,TARGET_36"
2026-05-13T14:09:15,874.89,39.0,33.94,26.62,100.0,98.43,,TARGET_36,"39.00,33.94,26.62,100.00,98.43,TARGET_36"
2026-05-13T14:09:16,876.17,39.0,33.94,26.62,100.0,98.82,,TARGET_36,"39.00,33.94,26.62,100.00,98.82,TARGET_36"
2026-05-13T14:09:17,877.46,39.06,33.94,26.62,100.0,99.11,,TARGET_36,"39.06,33.94,26.62,100.00,99.11,TARGET_36"
2026-05-13T14:09:18,878.75,39.06,33.94,26.62,100.0,99.34,,TARGET_36,"39.06,33.94,26.62,100.00,99.34,TARGET_36"
2026-05-13T14:09:20,880.03,39.13,33.94,26.62,100.0,99.5,,TARGET_36,"39.13,33.94,26.62,100.00,99.50,TARGET_36"
2026-05-13T14:09:21,881.32,39.13,33.94,26.62,100.0,99.63,,TARGET_36,"39.13,33.94,26.62,100.00,99.63,TARGET_36"
2026-05-13T14:09:22,882.6,39.13,33.94,26.62,100.0,99.72,,TARGET_36,"39.13,33.94,26.62,100.00,99.72,TARGET_36"
2026-05-13T14:09:24,883.89,39.19,34.0,26.62,100.0,99.79,,TARGET_36,"39.19,34.00,26.62,100.00,99.79,TARGET_36"
2026-05-13T14:09:25,885.18,39.19,34.0,26.62,100.0,99.84,,TARGET_36,"39.19,34.00,26.62,100.00,99.84,TARGET_36"
2026-05-13T14:09:26,886.46,39.25,33.94,26.62,100.0,99.88,,TARGET_36,"39.25,33.94,26.62,100.00,99.88,TARGET_36"
2026-05-13T14:09:27,887.75,39.25,33.94,26.62,100.0,99.91,,TARGET_36,"39.25,33.94,26.62,100.00,99.91,TARGET_36"
2026-05-13T14:09:29,889.03,39.25,34.0,26.62,100.0,99.93,,TARGET_36,"39.25,34.00,26.62,100.00,99.93,TARGET_36"
2026-05-13T14:09:30,890.32,39.25,34.0,26.62,100.0,99.95,,TARGET_36,"39.25,34.00,26.62,100.00,99.95,TARGET_36"
2026-05-13T14:09:31,891.61,39.31,34.0,26.62,100.0,99.96,,TARGET_36,"39.31,34.00,26.62,100.00,99.96,TARGET_36"
2026-05-13T14:09:33,892.89,39.31,34.0,26.62,100.0,99.97,,TARGET_36,"39.31,34.00,26.62,100.00,99.97,TARGET_36"
2026-05-13T14:09:34,894.18,39.31,34.0,26.62,100.0,99.98,,TARGET_36,"39.31,34.00,26.62,100.00,99.98,TARGET_36"
2026-05-13T14:09:35,895.46,39.38,34.0,26.62,100.0,99.98,,TARGET_36,"39.38,34.00,26.62,100.00,99.98,TARGET_36"
2026-05-13T14:09:36,896.75,39.38,34.0,26.62,100.0,99.99,,TARGET_36,"39.38,34.00,26.62,100.00,99.99,TARGET_36"
2026-05-13T14:09:38,898.04,39.38,34.0,26.62,100.0,99.99,,TARGET_36,"39.38,34.00,26.62,100.00,99.99,TARGET_36"
2026-05-13T14:09:39,899.32,39.38,34.0,26.62,100.0,99.99,,TARGET_36,"39.38,34.00,26.62,100.00,99.99,TARGET_36"
2026-05-13T14:09:40,900.61,39.44,34.0,26.62,100.0,100.0,,TARGET_36,"39.44,34.00,26.62,100.00,100.00,TARGET_36"
2026-05-13T14:09:42,901.89,39.44,34.0,26.62,100.0,100.0,,TARGET_36,"39.44,34.00,26.62,100.00,100.00,TARGET_36"
2026-05-13T14:09:43,903.18,39.44,34.0,26.62,100.0,100.0,,TARGET_36,"39.44,34.00,26.62,100.00,100.00,TARGET_36"
2026-05-13T14:09:44,904.47,39.5,34.0,26.62,100.0,100.0,,TARGET_36,"39.50,34.00,26.62,100.00,100.00,TARGET_36"
2026-05-13T14:09:45,905.75,39.5,34.06,26.62,100.0,100.0,,TARGET_36,"39.50,34.06,26.62,100.00,100.00,TARGET_36"
2026-05-13T14:09:47,907.04,39.5,34.0,26.62,100.0,100.0,,TARGET_36,"39.50,34.00,26.62,100.00,100.00,TARGET_36"
2026-05-13T14:09:48,908.32,39.5,34.06,26.62,100.0,100.0,,TARGET_36,"39.50,34.06,26.62,100.00,100.00,TARGET_36"
2026-05-13T14:09:49,909.61,39.5,34.0,26.62,100.0,100.0,,TARGET_36,"39.50,34.00,26.62,100.00,100.00,TARGET_36"
2026-05-13T14:09:51,910.9,39.56,34.0,26.62,100.0,100.0,,TARGET_36,"39.56,34.00,26.62,100.00,100.00,TARGET_36"
2026-05-13T14:09:52,912.18,39.56,34.06,26.62,100.0,100.0,,TARGET_36,"39.56,34.06,26.62,100.00,100.00,TARGET_36"
2026-05-13T14:09:53,913.47,39.63,34.06,26.62,100.0,100.0,,TARGET_36,"39.63,34.06,26.62,100.00,100.00,TARGET_36"
2026-05-13T14:09:54,914.75,39.63,34.06,26.62,100.0,100.0,,TARGET_36,"39.63,34.06,26.62,100.00,100.00,TARGET_36"
2026-05-13T14:09:56,916.04,39.63,34.06,26.62,100.0,100.0,,TARGET_36,"39.63,34.06,26.62,100.00,100.00,TARGET_36"
2026-05-13T14:09:57,917.33,39.63,34.06,26.56,100.0,100.0,,TARGET_36,"39.63,34.06,26.56,100.00,100.00,TARGET_36"
2026-05-13T14:09:58,918.61,39.69,34.06,26.62,100.0,100.0,,TARGET_36,"39.69,34.06,26.62,100.00,100.00,TARGET_36"
2026-05-13T14:10:00,919.9,39.69,34.06,26.56,100.0,100.0,,TARGET_36,"39.69,34.06,26.56,100.00,100.00,TARGET_36"
2026-05-13T14:10:01,921.19,39.69,34.06,26.62,100.0,100.0,,TARGET_36,"39.69,34.06,26.62,100.00,100.00,TARGET_36"
2026-05-13T14:10:02,922.47,39.69,34.06,26.56,100.0,100.0,,TARGET_36,"39.69,34.06,26.56,100.00,100.00,TARGET_36"
2026-05-13T14:10:03,923.76,39.69,34.06,26.62,100.0,100.0,,TARGET_36,"39.69,34.06,26.62,100.00,100.00,TARGET_36"
2026-05-13T14:10:05,925.04,39.75,34.06,26.62,100.0,100.0,,TARGET_36,"39.75,34.06,26.62,100.00,100.00,TARGET_36"
2026-05-13T14:10:06,926.33,39.75,34.06,26.62,100.0,100.0,,TARGET_36,"39.75,34.06,26.62,100.00,100.00,TARGET_36"
2026-05-13T14:10:07,927.62,39.75,34.06,26.56,100.0,100.0,,TARGET_36,"39.75,34.06,26.56,100.00,100.00,TARGET_36"
2026-05-13T14:10:09,928.9,39.81,34.06,26.56,100.0,100.0,,TARGET_36,"39.81,34.06,26.56,100.00,100.00,TARGET_36"
2026-05-13T14:10:10,930.19,39.75,34.13,26.56,100.0,100.0,,TARGET_36,"39.75,34.13,26.56,100.00,100.00,TARGET_36"
2026-05-13T14:10:11,931.47,39.81,34.13,26.56,100.0,100.0,,TARGET_36,"39.81,34.13,26.56,100.00,100.00,TARGET_36"
2026-05-13T14:10:12,932.76,39.81,34.13,26.62,100.0,100.0,,TARGET_36,"39.81,34.13,26.62,100.00,100.00,TARGET_36"
2026-05-13T14:10:14,934.05,39.81,34.13,26.56,100.0,100.0,,TARGET_36,"39.81,34.13,26.56,100.00,100.00,TARGET_36"
2026-05-13T14:10:15,935.33,39.88,34.13,26.62,100.0,100.0,,TARGET_36,"39.88,34.13,26.62,100.00,100.00,TARGET_36"
2026-05-13T14:10:16,936.62,39.88,34.13,26.62,100.0,100.0,,TARGET_36,"39.88,34.13,26.62,100.00,100.00,TARGET_36"
2026-05-13T14:10:18,937.9,39.88,34.13,26.56,100.0,100.0,,TARGET_36,"39.88,34.13,26.56,100.00,100.00,TARGET_36"
2026-05-13T14:10:19,939.19,39.88,34.13,26.56,100.0,100.0,,TARGET_36,"39.88,34.13,26.56,100.00,100.00,TARGET_36"
2026-05-13T14:10:20,940.48,39.88,34.13,26.56,100.0,100.0,,TARGET_36,"39.88,34.13,26.56,100.00,100.00,TARGET_36"
2026-05-13T14:10:21,941.76,39.94,34.13,26.56,100.0,100.0,,TARGET_36,"39.94,34.13,26.56,100.00,100.00,TARGET_36"
2026-05-13T14:10:23,943.05,39.94,34.13,26.56,100.0,100.0,,TARGET_36,"39.94,34.13,26.56,100.00,100.00,TARGET_36"
2026-05-13T14:10:24,944.33,39.88,34.13,26.56,100.0,100.0,,TARGET_36,"39.88,34.13,26.56,100.00,100.00,TARGET_36"
2026-05-13T14:10:25,945.62,39.94,34.13,26.56,100.0,100.0,,TARGET_36,"39.94,34.13,26.56,100.00,100.00,TARGET_36"
2026-05-13T14:10:27,946.91,40.0,34.13,26.56,100.0,100.0,,TARGET_36,"40.00,34.13,26.56,100.00,100.00,TARGET_36"
2026-05-13T14:10:28,948.19,39.94,34.13,26.56,100.0,100.0,,TARGET_36,"39.94,34.13,26.56,100.00,100.00,TARGET_36"
2026-05-13T14:10:29,949.48,40.0,34.13,26.56,100.0,100.0,,TARGET_36,"40.00,34.13,26.56,100.00,100.00,TARGET_36"
2026-05-13T14:10:30,950.77,40.0,34.13,26.56,100.0,100.0,,TARGET_36,"40.00,34.13,26.56,100.00,100.00,TARGET_36"
2026-05-13T14:10:32,952.05,40.0,34.13,26.56,100.0,100.0,,TARGET_36,"40.00,34.13,26.56,100.00,100.00,TARGET_36"
2026-05-13T14:10:33,953.34,40.0,34.13,26.56,100.0,100.0,,TARGET_36,"40.00,34.13,26.56,100.00,100.00,TARGET_36"
2026-05-13T14:10:34,954.62,40.0,34.13,26.56,100.0,100.0,,TARGET_36,"40.00,34.13,26.56,100.00,100.00,TARGET_36"
2026-05-13T14:10:36,955.91,40.06,34.19,26.56,100.0,100.0,,TARGET_36,"40.06,34.19,26.56,100.00,100.00,TARGET_36"
2026-05-13T14:10:37,957.2,40.06,34.13,26.56,100.0,100.0,,TARGET_36,"40.06,34.13,26.56,100.00,100.00,TARGET_36"
2026-05-13T14:10:38,958.48,40.06,34.19,26.56,100.0,100.0,,TARGET_36,"40.06,34.19,26.56,100.00,100.00,TARGET_36"
2026-05-13T14:10:39,959.77,40.06,34.19,26.56,100.0,100.0,,TARGET_36,"40.06,34.19,26.56,100.00,100.00,TARGET_36"
2026-05-13T14:10:41,961.05,40.13,34.19,26.56,100.0,100.0,,TARGET_36,"40.13,34.19,26.56,100.00,100.00,TARGET_36"
2026-05-13T14:10:42,962.34,40.13,34.19,26.56,100.0,100.0,,TARGET_36,"40.13,34.19,26.56,100.00,100.00,TARGET_36"
2026-05-13T14:10:43,963.63,40.13,34.19,26.56,100.0,100.0,,TARGET_36,"40.13,34.19,26.56,100.00,100.00,TARGET_36"
2026-05-13T14:10:45,964.91,40.13,34.19,26.56,100.0,100.0,,TARGET_36,"40.13,34.19,26.56,100.00,100.00,TARGET_36"
2026-05-13T14:10:46,966.2,40.13,34.19,26.56,100.0,100.0,,TARGET_36,"40.13,34.19,26.56,100.00,100.00,TARGET_36"
2026-05-13T14:10:47,967.48,40.19,34.25,26.56,100.0,100.0,,TARGET_36,"40.19,34.25,26.56,100.00,100.00,TARGET_36"
2026-05-13T14:10:48,968.77,40.13,34.19,26.56,100.0,100.0,,TARGET_36,"40.13,34.19,26.56,100.00,100.00,TARGET_36"
2026-05-13T14:10:50,970.06,40.19,34.19,26.56,100.0,100.0,,TARGET_36,"40.19,34.19,26.56,100.00,100.00,TARGET_36"
2026-05-13T14:10:51,971.34,40.19,34.19,26.56,100.0,100.0,,TARGET_36,"40.19,34.19,26.56,100.00,100.00,TARGET_36"
2026-05-13T14:10:52,972.63,40.19,34.19,26.56,100.0,100.0,,TARGET_36,"40.19,34.19,26.56,100.00,100.00,TARGET_36"
2026-05-13T14:10:54,973.91,40.19,34.19,26.56,100.0,100.0,,TARGET_36,"40.19,34.19,26.56,100.00,100.00,TARGET_36"
2026-05-13T14:10:55,975.2,40.19,34.25,26.56,100.0,100.0,,TARGET_36,"40.19,34.25,26.56,100.00,100.00,TARGET_36"
2026-05-13T14:10:56,976.49,40.19,34.25,26.56,100.0,100.0,,TARGET_36,"40.19,34.25,26.56,100.00,100.00,TARGET_36"
2026-05-13T14:10:57,977.77,40.25,34.25,26.5,100.0,100.0,,TARGET_36,"40.25,34.25,26.50,100.00,100.00,TARGET_36"
2026-05-13T14:10:59,979.06,40.25,34.25,26.56,100.0,100.0,,TARGET_36,"40.25,34.25,26.56,100.00,100.00,TARGET_36"
2026-05-13T14:11:00,980.34,40.25,34.25,26.56,100.0,100.0,,TARGET_36,"40.25,34.25,26.56,100.00,100.00,TARGET_36"
2026-05-13T14:11:01,981.63,40.25,34.25,26.56,100.0,100.0,,TARGET_36,"40.25,34.25,26.56,100.00,100.00,TARGET_36"
2026-05-13T14:11:03,982.92,40.25,34.25,26.56,100.0,100.0,,TARGET_36,"40.25,34.25,26.56,100.00,100.00,TARGET_36"
2026-05-13T14:11:04,984.2,40.25,34.25,26.56,100.0,100.0,,TARGET_36,"40.25,34.25,26.56,100.00,100.00,TARGET_36"
2026-05-13T14:11:05,985.49,40.31,34.25,26.56,100.0,100.0,,TARGET_36,"40.31,34.25,26.56,100.00,100.00,TARGET_36"
2026-05-13T14:11:06,986.77,40.31,34.25,26.5,100.0,100.0,,TARGET_36,"40.31,34.25,26.50,100.00,100.00,TARGET_36"
2026-05-13T14:11:08,988.06,40.31,34.25,26.56,100.0,100.0,,TARGET_36,"40.31,34.25,26.56,100.00,100.00,TARGET_36"
2026-05-13T14:11:09,989.35,40.31,34.25,26.56,100.0,100.0,,TARGET_36,"40.31,34.25,26.56,100.00,100.00,TARGET_36"
2026-05-13T14:11:10,990.63,40.25,34.25,26.56,100.0,100.0,,TARGET_36,"40.25,34.25,26.56,100.00,100.00,TARGET_36"
2026-05-13T14:11:12,991.92,40.31,34.31,26.56,100.0,100.0,,TARGET_36,"40.31,34.31,26.56,100.00,100.00,TARGET_36"
2026-05-13T14:11:13,993.21,40.25,34.31,26.56,100.0,100.0,,TARGET_36,"40.25,34.31,26.56,100.00,100.00,TARGET_36"
2026-05-13T14:11:14,994.49,40.25,34.31,26.56,100.0,100.0,,TARGET_36,"40.25,34.31,26.56,100.00,100.00,TARGET_36"
2026-05-13T14:11:15,995.78,40.25,34.31,26.56,100.0,100.0,,TARGET_36,"40.25,34.31,26.56,100.00,100.00,TARGET_36"
2026-05-13T14:11:17,997.06,40.25,34.31,26.56,100.0,100.0,,TARGET_36,"40.25,34.31,26.56,100.00,100.00,TARGET_36"
2026-05-13T14:11:18,998.35,40.19,34.31,26.56,100.0,100.0,,TARGET_36,"40.19,34.31,26.56,100.00,100.00,TARGET_36"
2026-05-13T14:11:19,999.64,40.19,34.31,26.56,100.0,100.0,,TARGET_36,"40.19,34.31,26.56,100.00,100.00,TARGET_36"
2026-05-13T14:11:21,1000.92,40.13,34.31,26.5,100.0,100.0,,TARGET_36,"40.13,34.31,26.50,100.00,100.00,TARGET_36"
2026-05-13T14:11:22,1002.21,40.13,34.31,26.56,100.0,100.0,,TARGET_36,"40.13,34.31,26.56,100.00,100.00,TARGET_36"
2026-05-13T14:11:23,1003.49,40.13,34.31,26.56,100.0,100.0,,TARGET_36,"40.13,34.31,26.56,100.00,100.00,TARGET_36"
2026-05-13T14:11:24,1004.78,40.06,34.31,26.56,100.0,100.0,,TARGET_36,"40.06,34.31,26.56,100.00,100.00,TARGET_36"
2026-05-13T14:11:26,1006.07,40.0,34.31,26.56,100.0,100.0,,TARGET_36,"40.00,34.31,26.56,100.00,100.00,TARGET_36"
2026-05-13T14:11:27,1007.35,40.0,34.31,26.56,100.0,100.0,,TARGET_36,"40.00,34.31,26.56,100.00,100.00,TARGET_36"
2026-05-13T14:11:28,1008.64,39.94,34.31,26.5,100.0,100.0,,TARGET_36,"39.94,34.31,26.50,100.00,100.00,TARGET_36"
2026-05-13T14:11:30,1009.92,39.94,34.31,26.56,100.0,100.0,,TARGET_36,"39.94,34.31,26.56,100.00,100.00,TARGET_36"
2026-05-13T14:11:31,1011.21,39.88,34.31,26.5,100.0,100.0,,TARGET_36,"39.88,34.31,26.50,100.00,100.00,TARGET_36"
2026-05-13T14:11:32,1012.5,39.88,34.31,26.56,100.0,100.0,,TARGET_36,"39.88,34.31,26.56,100.00,100.00,TARGET_36"
2026-05-13T14:11:33,1013.78,39.81,34.31,26.56,100.0,100.0,,TARGET_36,"39.81,34.31,26.56,100.00,100.00,TARGET_36"
2026-05-13T14:11:35,1015.07,39.81,34.31,26.5,100.0,100.0,,TARGET_36,"39.81,34.31,26.50,100.00,100.00,TARGET_36"
2026-05-13T14:11:36,1016.36,39.75,34.31,26.56,100.0,100.0,,TARGET_36,"39.75,34.31,26.56,100.00,100.00,TARGET_36"
2026-05-13T14:11:37,1017.64,39.69,34.31,26.56,100.0,100.0,,TARGET_36,"39.69,34.31,26.56,100.00,100.00,TARGET_36"
2026-05-13T14:11:39,1018.93,39.63,34.31,26.5,100.0,100.0,,TARGET_36,"39.63,34.31,26.50,100.00,100.00,TARGET_36"
2026-05-13T14:11:40,1020.21,39.63,34.31,26.56,100.0,100.0,,TARGET_36,"39.63,34.31,26.56,100.00,100.00,TARGET_36"
2026-05-13T14:11:41,1021.5,39.56,34.31,26.56,100.0,100.0,,TARGET_36,"39.56,34.31,26.56,100.00,100.00,TARGET_36"
2026-05-13T14:11:42,1022.78,39.5,34.31,26.56,100.0,100.0,,TARGET_36,"39.50,34.31,26.56,100.00,100.00,TARGET_36"
2026-05-13T14:11:44,1024.07,39.44,34.31,26.5,100.0,100.0,,TARGET_36,"39.44,34.31,26.50,100.00,100.00,TARGET_36"
2026-05-13T14:11:45,1025.36,39.44,34.31,26.56,100.0,100.0,,TARGET_36,"39.44,34.31,26.56,100.00,100.00,TARGET_36"
2026-05-13T14:11:46,1026.64,39.38,34.31,26.56,100.0,100.0,,TARGET_36,"39.38,34.31,26.56,100.00,100.00,TARGET_36"
2026-05-13T14:11:48,1027.93,39.31,34.31,26.56,100.0,100.0,,TARGET_36,"39.31,34.31,26.56,100.00,100.00,TARGET_36"
2026-05-13T14:11:49,1029.22,39.31,34.31,26.56,100.0,100.0,,TARGET_36,"39.31,34.31,26.56,100.00,100.00,TARGET_36"
2026-05-13T14:11:50,1030.5,39.25,34.31,26.56,100.0,100.0,,TARGET_36,"39.25,34.31,26.56,100.00,100.00,TARGET_36"
2026-05-13T14:11:51,1031.79,39.19,34.31,26.56,100.0,100.0,,TARGET_36,"39.19,34.31,26.56,100.00,100.00,TARGET_36"
2026-05-13T14:11:53,1033.07,39.13,34.31,26.56,100.0,100.0,,TARGET_36,"39.13,34.31,26.56,100.00,100.00,TARGET_36"
2026-05-13T14:11:54,1034.36,39.13,34.31,26.56,100.0,100.0,,TARGET_36,"39.13,34.31,26.56,100.00,100.00,TARGET_36"
2026-05-13T14:11:55,1035.65,39.0,34.31,26.56,100.0,100.0,,TARGET_36,"39.00,34.31,26.56,100.00,100.00,TARGET_36"
2026-05-13T14:11:57,1036.93,39.0,34.31,26.56,100.0,100.0,,TARGET_36,"39.00,34.31,26.56,100.00,100.00,TARGET_36"
2026-05-13T14:11:58,1038.22,38.94,34.31,26.56,100.0,99.61,,TARGET_36,"38.94,34.31,26.56,100.00,99.61,TARGET_36"
2026-05-13T14:11:59,1039.5,38.88,34.31,26.56,100.0,98.93,,TARGET_36,"38.88,34.31,26.56,100.00,98.93,TARGET_36"
2026-05-13T14:12:00,1040.79,38.88,34.31,26.56,100.0,98.41,,TARGET_36,"38.88,34.31,26.56,100.00,98.41,TARGET_36"
2026-05-13T14:12:02,1042.08,38.81,34.31,26.56,100.0,97.64,,TARGET_36,"38.81,34.31,26.56,100.00,97.64,TARGET_36"
2026-05-13T14:12:03,1043.36,38.75,34.31,26.56,100.0,96.67,,TARGET_36,"38.75,34.31,26.56,100.00,96.67,TARGET_36"
2026-05-13T14:12:04,1044.65,38.69,34.31,26.5,100.0,95.55,,TARGET_36,"38.69,34.31,26.50,100.00,95.55,TARGET_36"
2026-05-13T14:12:06,1045.93,38.69,34.31,26.56,100.0,94.71,,TARGET_36,"38.69,34.31,26.56,100.00,94.71,TARGET_36"
2026-05-13T14:12:07,1047.22,38.63,34.31,26.5,100.0,93.69,,TARGET_36,"38.63,34.31,26.50,100.00,93.69,TARGET_36"
2026-05-13T14:12:08,1048.51,38.56,34.31,26.5,100.0,92.53,,TARGET_36,"38.56,34.31,26.50,100.00,92.53,TARGET_36"
2026-05-13T14:12:09,1049.79,38.56,34.31,26.56,100.0,91.66,,TARGET_36,"38.56,34.31,26.56,100.00,91.66,TARGET_36"
2026-05-13T14:12:11,1051.08,38.5,34.31,26.56,100.0,90.62,,TARGET_36,"38.50,34.31,26.56,100.00,90.62,TARGET_36"
2026-05-13T14:12:12,1052.36,38.5,34.31,26.5,100.0,89.84,,TARGET_36,"38.50,34.31,26.50,100.00,89.84,TARGET_36"
2026-05-13T14:12:13,1053.65,38.44,34.31,26.5,100.0,88.87,,TARGET_36,"38.44,34.31,26.50,100.00,88.87,TARGET_36"
2026-05-13T14:12:15,1054.94,38.44,34.31,26.56,100.0,88.13,,TARGET_36,"38.44,34.31,26.56,100.00,88.13,TARGET_36"
2026-05-13T14:12:16,1056.22,38.44,34.31,26.5,100.0,87.58,,TARGET_36,"38.44,34.31,26.50,100.00,87.58,TARGET_36"
2026-05-13T14:12:17,1057.51,38.44,34.31,26.5,100.0,87.17,,TARGET_36,"38.44,34.31,26.50,100.00,87.17,TARGET_36"
2026-05-13T14:12:18,1058.79,38.38,34.31,26.5,100.0,86.47,,TARGET_36,"38.38,34.31,26.50,100.00,86.47,TARGET_36"
2026-05-13T14:12:20,1060.08,38.44,34.31,26.56,100.0,86.34,,TARGET_36,"38.44,34.31,26.56,100.00,86.34,TARGET_36"
2026-05-13T14:12:21,1061.37,38.38,34.25,26.5,100.0,85.85,,TARGET_36,"38.38,34.25,26.50,100.00,85.85,TARGET_36"
2026-05-13T14:12:22,1062.65,38.38,34.31,26.5,100.0,85.48,,TARGET_36,"38.38,34.31,26.50,100.00,85.48,TARGET_36"
2026-05-13T14:12:24,1063.94,38.38,34.25,26.5,100.0,85.2,,TARGET_36,"38.38,34.25,26.50,100.00,85.20,TARGET_36"
2026-05-13T14:12:25,1065.22,38.38,34.31,26.5,100.0,85.0,,TARGET_36,"38.38,34.31,26.50,100.00,85.00,TARGET_36"
2026-05-13T14:12:26,1066.51,38.38,34.31,26.5,100.0,84.84,,TARGET_36,"38.38,34.31,26.50,100.00,84.84,TARGET_36"
2026-05-13T14:12:27,1067.8,38.38,34.31,26.5,100.0,84.72,,TARGET_36,"38.38,34.31,26.50,100.00,84.72,TARGET_36"
2026-05-13T14:12:29,1069.08,38.38,34.31,26.5,100.0,84.64,,TARGET_36,"38.38,34.31,26.50,100.00,84.64,TARGET_36"
2026-05-13T14:12:30,1070.37,38.44,34.25,26.5,100.0,84.96,,TARGET_36,"38.44,34.25,26.50,100.00,84.96,TARGET_36"
2026-05-13T14:12:31,1071.65,38.44,34.31,26.5,100.0,85.21,,TARGET_36,"38.44,34.31,26.50,100.00,85.21,TARGET_36"
2026-05-13T14:12:33,1072.94,38.44,34.25,26.5,100.0,85.39,,TARGET_36,"38.44,34.25,26.50,100.00,85.39,TARGET_36"
2026-05-13T14:12:34,1074.23,38.44,34.25,26.5,100.0,85.53,,TARGET_36,"38.44,34.25,26.50,100.00,85.53,TARGET_36"
2026-05-13T14:12:35,1075.51,38.44,34.31,26.56,100.0,85.63,,TARGET_36,"38.44,34.31,26.56,100.00,85.63,TARGET_36"
2026-05-13T14:12:36,1076.8,38.44,34.25,26.5,100.0,85.71,,TARGET_36,"38.44,34.25,26.50,100.00,85.71,TARGET_36"
2026-05-13T14:12:38,1078.08,38.44,34.25,26.5,100.0,85.76,,TARGET_36,"38.44,34.25,26.50,100.00,85.76,TARGET_36"
2026-05-13T14:12:39,1079.37,38.5,34.25,26.5,100.0,86.2,,TARGET_36,"38.50,34.25,26.50,100.00,86.20,TARGET_36"
2026-05-13T14:12:40,1080.66,38.44,34.25,26.5,100.0,86.13,,TARGET_36,"38.44,34.25,26.50,100.00,86.13,TARGET_36"
2026-05-13T14:12:42,1081.94,38.44,34.25,26.56,100.0,86.08,,TARGET_36,"38.44,34.25,26.56,100.00,86.08,TARGET_36"
2026-05-13T14:12:43,1083.23,38.44,34.31,26.5,100.0,86.05,,TARGET_36,"38.44,34.31,26.50,100.00,86.05,TARGET_36"
2026-05-13T14:12:44,1084.51,38.44,34.25,26.5,100.0,86.02,,TARGET_36,"38.44,34.25,26.50,100.00,86.02,TARGET_36"
2026-05-13T14:12:45,1085.8,38.44,34.25,26.5,100.0,86.0,,TARGET_36,"38.44,34.25,26.50,100.00,86.00,TARGET_36"
2026-05-13T14:12:47,1087.09,38.44,34.25,26.5,100.0,85.98,,TARGET_36,"38.44,34.25,26.50,100.00,85.98,TARGET_36"
2026-05-13T14:12:48,1088.37,38.44,34.25,26.5,100.0,85.97,,TARGET_36,"38.44,34.25,26.50,100.00,85.97,TARGET_36"
2026-05-13T14:12:49,1089.66,38.38,34.31,26.5,100.0,85.57,,TARGET_36,"38.38,34.31,26.50,100.00,85.57,TARGET_36"
2026-05-13T14:12:51,1090.95,38.38,34.31,26.5,100.0,85.27,,TARGET_36,"38.38,34.31,26.50,100.00,85.27,TARGET_36"
2026-05-13T14:12:52,1092.23,38.38,34.25,26.5,100.0,85.05,,TARGET_36,"38.38,34.25,26.50,100.00,85.05,TARGET_36"
2026-05-13T14:12:53,1093.52,38.38,34.25,26.5,100.0,84.88,,TARGET_36,"38.38,34.25,26.50,100.00,84.88,TARGET_36"
2026-05-13T14:12:54,1094.8,38.38,34.25,26.5,100.0,84.75,,TARGET_36,"38.38,34.25,26.50,100.00,84.75,TARGET_36"
2026-05-13T14:12:56,1096.09,38.31,34.25,26.5,100.0,84.27,,TARGET_36,"38.31,34.25,26.50,100.00,84.27,TARGET_36"
2026-05-13T14:12:57,1097.37,38.31,34.25,26.56,100.0,83.9,,TARGET_36,"38.31,34.25,26.56,100.00,83.90,TARGET_36"
2026-05-13T14:12:58,1098.66,38.25,34.25,26.5,100.0,83.24,,TARGET_36,"38.25,34.25,26.50,100.00,83.24,TARGET_36"
2026-05-13T14:13:00,1099.95,38.25,34.25,26.5,100.0,82.74,,TARGET_36,"38.25,34.25,26.50,100.00,82.74,TARGET_36"
2026-05-13T14:13:01,1101.23,38.25,34.25,26.5,100.0,82.37,,TARGET_36,"38.25,34.25,26.50,100.00,82.37,TARGET_36"
2026-05-13T14:13:02,1102.52,38.19,34.25,26.5,100.0,81.7,,TARGET_36,"38.19,34.25,26.50,100.00,81.70,TARGET_36"
2026-05-13T14:13:03,1103.8,38.19,34.25,26.5,100.0,81.2,,TARGET_36,"38.19,34.25,26.50,100.00,81.20,TARGET_36"
2026-05-13T14:13:05,1105.09,38.13,34.25,26.5,100.0,80.43,,TARGET_36,"38.13,34.25,26.50,100.00,80.43,TARGET_36"
2026-05-13T14:13:06,1106.38,38.13,34.25,26.5,100.0,79.85,,TARGET_36,"38.13,34.25,26.50,100.00,79.85,TARGET_36"
2026-05-13T14:13:07,1107.66,38.13,34.25,26.5,100.0,79.42,,TARGET_36,"38.13,34.25,26.50,100.00,79.42,TARGET_36"
2026-05-13T14:13:09,1108.95,38.06,34.25,26.5,100.0,78.71,,TARGET_36,"38.06,34.25,26.50,100.00,78.71,TARGET_36"
2026-05-13T14:13:10,1110.24,38.06,34.25,26.5,100.0,78.17,,TARGET_36,"38.06,34.25,26.50,100.00,78.17,TARGET_36"
2026-05-13T14:13:11,1111.52,38.0,34.25,26.5,100.0,77.38,,TARGET_36,"38.00,34.25,26.50,100.00,77.38,TARGET_36"
2026-05-13T14:13:12,1112.81,38.0,34.25,26.56,100.0,76.78,,TARGET_36,"38.00,34.25,26.56,100.00,76.78,TARGET_36"
2026-05-13T14:13:14,1114.09,37.94,34.25,26.56,100.0,75.95,,TARGET_36,"37.94,34.25,26.56,100.00,75.95,TARGET_36"
2026-05-13T14:13:15,1115.38,37.94,34.25,26.5,100.0,75.32,,TARGET_36,"37.94,34.25,26.50,100.00,75.32,TARGET_36"
2026-05-13T14:13:16,1116.67,37.94,34.25,26.5,100.0,74.85,,TARGET_36,"37.94,34.25,26.50,100.00,74.85,TARGET_36"
2026-05-13T14:13:18,1117.95,37.88,34.25,26.5,100.0,74.11,,TARGET_36,"37.88,34.25,26.50,100.00,74.11,TARGET_36"
2026-05-13T14:13:19,1119.24,37.88,34.25,26.56,100.0,73.55,,TARGET_36,"37.88,34.25,26.56,100.00,73.55,TARGET_36"
2026-05-13T14:13:20,1120.52,37.88,34.25,26.5,100.0,73.13,,TARGET_36,"37.88,34.25,26.50,100.00,73.13,TARGET_36"
2026-05-13T14:13:21,1121.81,37.88,34.25,26.56,100.0,72.82,,TARGET_36,"37.88,34.25,26.56,100.00,72.82,TARGET_36"
2026-05-13T14:13:23,1123.1,37.88,34.25,26.5,100.0,72.58,,TARGET_36,"37.88,34.25,26.50,100.00,72.58,TARGET_36"
2026-05-13T14:13:24,1124.38,37.88,34.25,26.5,100.0,72.4,,TARGET_36,"37.88,34.25,26.50,100.00,72.40,TARGET_36"
2026-05-13T14:13:25,1125.67,37.88,34.25,26.56,99.4,72.27,,TARGET_36,"37.88,34.25,26.56,99.40,72.27,TARGET_36"
2026-05-13T14:13:27,1126.95,37.88,34.19,26.5,99.76,72.17,,TARGET_36,"37.88,34.19,26.50,99.76,72.17,TARGET_36"
2026-05-13T14:13:28,1128.24,37.88,34.25,26.5,99.9,72.1,,TARGET_36,"37.88,34.25,26.50,99.90,72.10,TARGET_36"
2026-05-13T14:13:29,1129.52,37.88,34.19,26.5,99.96,72.04,,TARGET_36,"37.88,34.19,26.50,99.96,72.04,TARGET_36"
2026-05-13T14:13:30,1130.81,37.88,34.25,26.56,99.98,72.0,,TARGET_36,"37.88,34.25,26.56,99.98,72.00,TARGET_36"
2026-05-13T14:13:32,1132.1,37.88,34.19,26.5,99.99,71.97,,TARGET_36,"37.88,34.19,26.50,99.99,71.97,TARGET_36"
2026-05-13T14:13:33,1133.38,37.88,34.19,26.5,100.0,71.95,,TARGET_36,"37.88,34.19,26.50,100.00,71.95,TARGET_36"
2026-05-13T14:13:34,1134.67,37.88,34.19,26.5,100.0,71.93,,TARGET_36,"37.88,34.19,26.50,100.00,71.93,TARGET_36"
2026-05-13T14:13:36,1135.95,37.88,34.19,26.56,100.0,71.91,,TARGET_36,"37.88,34.19,26.56,100.00,71.91,TARGET_36"
2026-05-13T14:13:37,1137.24,37.94,34.19,26.56,100.0,72.3,,TARGET_36,"37.94,34.19,26.56,100.00,72.30,TARGET_36"
2026-05-13T14:13:38,1138.53,37.94,34.19,26.5,100.0,72.58,,TARGET_36,"37.94,34.19,26.50,100.00,72.58,TARGET_36"
2026-05-13T14:13:39,1139.81,37.94,34.19,26.5,100.0,72.8,,TARGET_36,"37.94,34.19,26.50,100.00,72.80,TARGET_36"
2026-05-13T14:13:41,1141.1,38.0,34.19,26.56,100.0,73.35,,TARGET_36,"38.00,34.19,26.56,100.00,73.35,TARGET_36"
2026-05-13T14:13:42,1142.39,38.0,34.19,26.5,100.0,73.76,,TARGET_36,"38.00,34.19,26.50,100.00,73.76,TARGET_36"
2026-05-13T14:13:43,1143.67,38.06,34.19,26.5,100.0,74.46,,TARGET_36,"38.06,34.19,26.50,100.00,74.46,TARGET_36"
2026-05-13T14:13:45,1144.96,38.06,34.19,26.56,100.0,74.99,,TARGET_36,"38.06,34.19,26.56,100.00,74.99,TARGET_36"
2026-05-13T14:13:46,1146.24,38.06,34.19,26.5,100.0,75.38,,TARGET_36,"38.06,34.19,26.50,100.00,75.38,TARGET_36"
2026-05-13T14:13:47,1147.53,38.06,34.19,26.56,100.0,75.68,,TARGET_36,"38.06,34.19,26.56,100.00,75.68,TARGET_36"
2026-05-13T14:13:48,1148.82,38.13,34.19,26.56,100.0,76.29,,TARGET_36,"38.13,34.19,26.56,100.00,76.29,TARGET_36"
2026-05-13T14:13:50,1150.1,38.13,34.19,26.5,100.0,76.75,,TARGET_36,"38.13,34.19,26.50,100.00,76.75,TARGET_36"
2026-05-13T14:13:51,1151.39,38.19,34.19,26.5,100.0,77.48,,TARGET_36,"38.19,34.19,26.50,100.00,77.48,TARGET_36"
2026-05-13T14:13:52,1152.67,38.19,34.19,26.56,100.0,78.03,,TARGET_36,"38.19,34.19,26.56,100.00,78.03,TARGET_36"
2026-05-13T14:13:54,1153.96,38.25,34.19,26.5,100.0,78.84,,TARGET_36,"38.25,34.19,26.50,100.00,78.84,TARGET_36"
2026-05-13T14:13:55,1155.25,38.25,34.19,26.56,100.0,79.44,,TARGET_36,"38.25,34.19,26.56,100.00,79.44,TARGET_36"
2026-05-13T14:13:56,1156.53,38.25,34.19,26.56,100.0,79.89,,TARGET_36,"38.25,34.19,26.56,100.00,79.89,TARGET_36"
2026-05-13T14:13:57,1157.82,38.31,34.19,26.56,100.0,80.62,,TARGET_36,"38.31,34.19,26.56,100.00,80.62,TARGET_36"
2026-05-13T14:13:59,1159.1,38.31,34.19,26.56,100.0,81.17,,TARGET_36,"38.31,34.19,26.56,100.00,81.17,TARGET_36"
2026-05-13T14:14:00,1160.39,38.38,34.19,26.56,100.0,81.97,,TARGET_36,"38.38,34.19,26.56,100.00,81.97,TARGET_36"
2026-05-13T14:14:01,1161.68,38.38,34.19,26.56,100.0,82.57,,TARGET_36,"38.38,34.19,26.56,100.00,82.57,TARGET_36"
2026-05-13T14:14:03,1162.96,38.44,34.13,26.56,100.0,83.41,,TARGET_36,"38.44,34.13,26.56,100.00,83.41,TARGET_36"
2026-05-13T14:14:04,1164.25,38.44,34.19,26.56,100.0,84.04,,TARGET_36,"38.44,34.19,26.56,100.00,84.04,TARGET_36"
2026-05-13T14:14:05,1165.53,38.44,34.19,26.56,100.0,84.52,,TARGET_36,"38.44,34.19,26.56,100.00,84.52,TARGET_36"
2026-05-13T14:14:06,1166.82,38.5,34.19,26.56,100.0,85.26,,TARGET_36,"38.50,34.19,26.56,100.00,85.26,TARGET_36"
2026-05-13T14:14:08,1168.11,38.56,34.19,26.56,100.0,86.21,,TARGET_36,"38.56,34.19,26.56,100.00,86.21,TARGET_36"
2026-05-13T14:14:09,1169.39,38.56,34.19,26.62,100.0,86.93,,TARGET_36,"38.56,34.19,26.62,100.00,86.93,TARGET_36"
2026-05-13T14:14:10,1170.68,38.56,34.19,26.56,100.0,87.46,,TARGET_36,"38.56,34.19,26.56,100.00,87.46,TARGET_36"
2026-05-13T14:14:12,1171.96,38.63,34.19,26.62,100.0,88.25,,TARGET_36,"38.63,34.19,26.62,100.00,88.25,TARGET_36"
2026-05-13T14:14:13,1173.25,38.63,34.19,26.56,100.0,88.84,,TARGET_36,"38.63,34.19,26.56,100.00,88.84,TARGET_36"
2026-05-13T14:14:14,1174.54,38.69,34.19,26.56,100.0,89.68,,TARGET_36,"38.69,34.19,26.56,100.00,89.68,TARGET_36"
2026-05-13T14:14:15,1175.82,38.69,34.19,26.62,100.0,90.31,,TARGET_36,"38.69,34.19,26.62,100.00,90.31,TARGET_36"
2026-05-13T14:14:17,1177.11,38.69,34.19,26.56,100.0,90.78,,TARGET_36,"38.69,34.19,26.56,100.00,90.78,TARGET_36"
2026-05-13T14:14:18,1178.39,38.75,34.19,26.62,100.0,91.52,,TARGET_36,"38.75,34.19,26.62,100.00,91.52,TARGET_36"
2026-05-13T14:14:19,1179.68,38.75,34.19,26.56,100.0,92.08,,TARGET_36,"38.75,34.19,26.56,100.00,92.08,TARGET_36"
2026-05-13T14:14:21,1180.97,38.81,34.19,26.56,100.0,92.89,,TARGET_36,"38.81,34.19,26.56,100.00,92.89,TARGET_36"
2026-05-13T14:14:22,1182.25,38.88,34.19,26.62,100.0,93.88,,TARGET_36,"38.88,34.19,26.62,100.00,93.88,TARGET_36"
2026-05-13T14:14:23,1183.54,38.88,34.19,26.56,100.0,94.63,,TARGET_36,"38.88,34.19,26.56,100.00,94.63,TARGET_36"
2026-05-13T14:14:24,1184.82,38.88,34.19,26.62,100.0,95.19,,TARGET_36,"38.88,34.19,26.62,100.00,95.19,TARGET_36"
2026-05-13T14:14:26,1186.11,38.88,34.19,26.62,100.0,95.61,,TARGET_36,"38.88,34.19,26.62,100.00,95.61,TARGET_36"
2026-05-13T14:14:27,1187.4,38.94,34.19,26.62,100.0,96.32,,TARGET_36,"38.94,34.19,26.62,100.00,96.32,TARGET_36"
2026-05-13T14:14:28,1188.68,38.94,34.19,26.62,100.0,96.85,,TARGET_36,"38.94,34.19,26.62,100.00,96.85,TARGET_36"
2026-05-13T14:14:30,1189.97,38.94,34.19,26.62,100.0,97.25,,TARGET_36,"38.94,34.19,26.62,100.00,97.25,TARGET_36"
2026-05-13T14:14:31,1191.25,39.0,34.19,26.62,100.0,97.93,,TARGET_36,"39.00,34.19,26.62,100.00,97.93,TARGET_36"
2026-05-13T14:14:32,1192.54,39.0,34.19,26.62,100.0,98.45,,TARGET_36,"39.00,34.19,26.62,100.00,98.45,TARGET_36"
2026-05-13T14:14:33,1193.83,39.0,34.19,26.62,100.0,98.84,,TARGET_36,"39.00,34.19,26.62,100.00,98.84,TARGET_36"
2026-05-13T14:14:35,1195.11,39.06,34.19,26.62,100.0,99.13,,TARGET_36,"39.06,34.19,26.62,100.00,99.13,TARGET_36"
2026-05-13T14:14:36,1196.4,39.06,34.25,26.62,100.0,99.35,,TARGET_36,"39.06,34.25,26.62,100.00,99.35,TARGET_36"
2026-05-13T14:14:37,1197.68,39.06,34.25,26.62,100.0,99.51,,TARGET_36,"39.06,34.25,26.62,100.00,99.51,TARGET_36"
2026-05-13T14:14:39,1198.97,39.13,34.25,26.62,100.0,99.63,,TARGET_36,"39.13,34.25,26.62,100.00,99.63,TARGET_36"
2026-05-13T14:14:40,1200.26,39.13,34.25,26.62,100.0,99.72,,TARGET_36,"39.13,34.25,26.62,100.00,99.72,TARGET_36"
2026-05-13T14:14:41,1201.54,39.13,34.25,26.62,100.0,99.79,,TARGET_36,"39.13,34.25,26.62,100.00,99.79,TARGET_36"
2026-05-13T14:14:42,1202.83,39.19,34.25,26.62,100.0,99.84,,TARGET_36,"39.19,34.25,26.62,100.00,99.84,TARGET_36"
2026-05-13T14:14:44,1204.12,39.19,34.25,26.62,100.0,99.88,,TARGET_36,"39.19,34.25,26.62,100.00,99.88,TARGET_36"
2026-05-13T14:14:45,1205.4,39.19,34.25,26.56,100.0,99.91,,TARGET_36,"39.19,34.25,26.56,100.00,99.91,TARGET_36"
2026-05-13T14:14:46,1206.69,39.19,34.25,26.62,100.0,99.93,,TARGET_36,"39.19,34.25,26.62,100.00,99.93,TARGET_36"
2026-05-13T14:14:48,1207.97,39.25,34.25,26.56,100.0,99.95,,TARGET_36,"39.25,34.25,26.56,100.00,99.95,TARGET_36"
2026-05-13T14:14:49,1209.26,39.25,34.25,26.56,100.0,99.96,,TARGET_36,"39.25,34.25,26.56,100.00,99.96,TARGET_36"
2026-05-13T14:14:50,1210.55,39.31,34.25,26.62,100.0,99.97,,TARGET_36,"39.31,34.25,26.62,100.00,99.97,TARGET_36"
2026-05-13T14:14:51,1211.83,39.31,34.25,26.62,100.0,99.98,,TARGET_36,"39.31,34.25,26.62,100.00,99.98,TARGET_36"
2026-05-13T14:14:53,1213.12,39.31,34.25,26.56,100.0,99.98,,TARGET_36,"39.31,34.25,26.56,100.00,99.98,TARGET_36"
2026-05-13T14:14:54,1214.4,39.31,34.25,26.62,100.0,99.99,,TARGET_36,"39.31,34.25,26.62,100.00,99.99,TARGET_36"
2026-05-13T14:14:55,1215.69,39.38,34.25,26.56,100.0,99.99,,TARGET_36,"39.38,34.25,26.56,100.00,99.99,TARGET_36"
2026-05-13T14:14:57,1216.98,39.38,34.25,26.62,100.0,99.99,,TARGET_36,"39.38,34.25,26.62,100.00,99.99,TARGET_36"
2026-05-13T14:14:58,1218.26,39.38,34.25,26.56,100.0,100.0,,TARGET_36,"39.38,34.25,26.56,100.00,100.00,TARGET_36"
2026-05-13T14:14:59,1219.55,39.38,34.25,26.62,100.0,100.0,,TARGET_36,"39.38,34.25,26.62,100.00,100.00,TARGET_36"
2026-05-13T14:15:00,1220.83,39.44,34.25,26.56,100.0,100.0,,TARGET_36,"39.44,34.25,26.56,100.00,100.00,TARGET_36"
2026-05-13T14:15:02,1222.12,39.44,34.25,26.62,100.0,100.0,,TARGET_36,"39.44,34.25,26.62,100.00,100.00,TARGET_36"
2026-05-13T14:15:03,1223.41,39.44,34.25,26.56,100.0,100.0,,TARGET_36,"39.44,34.25,26.56,100.00,100.00,TARGET_36"
2026-05-13T14:15:04,1224.69,39.5,34.31,26.62,100.0,100.0,,TARGET_36,"39.50,34.31,26.62,100.00,100.00,TARGET_36"
2026-05-13T14:15:06,1225.98,39.5,34.31,26.62,100.0,100.0,,TARGET_36,"39.50,34.31,26.62,100.00,100.00,TARGET_36"
2026-05-13T14:15:07,1227.26,39.5,34.25,26.56,100.0,100.0,,TARGET_36,"39.50,34.25,26.56,100.00,100.00,TARGET_36"
2026-05-13T14:15:08,1228.55,39.5,34.31,26.56,100.0,100.0,,TARGET_36,"39.50,34.31,26.56,100.00,100.00,TARGET_36"
2026-05-13T14:15:09,1229.84,39.56,34.25,26.56,100.0,100.0,,TARGET_36,"39.56,34.25,26.56,100.00,100.00,TARGET_36"
2026-05-13T14:15:11,1231.12,39.56,34.31,26.56,100.0,100.0,,TARGET_36,"39.56,34.31,26.56,100.00,100.00,TARGET_36"
2026-05-13T14:15:12,1232.41,39.56,34.25,26.56,100.0,100.0,,TARGET_36,"39.56,34.25,26.56,100.00,100.00,TARGET_36"
2026-05-13T14:15:13,1233.69,39.63,34.31,26.56,100.0,100.0,,TARGET_36,"39.63,34.31,26.56,100.00,100.00,TARGET_36"
2026-05-13T14:15:15,1234.98,39.63,34.31,26.56,100.0,100.0,,TARGET_36,"39.63,34.31,26.56,100.00,100.00,TARGET_36"
2026-05-13T14:15:16,1236.27,39.63,34.31,26.56,100.0,100.0,,TARGET_36,"39.63,34.31,26.56,100.00,100.00,TARGET_36"
2026-05-13T14:15:17,1237.55,39.63,34.25,26.56,100.0,100.0,,TARGET_36,"39.63,34.25,26.56,100.00,100.00,TARGET_36"
2026-05-13T14:15:18,1238.84,39.63,34.31,26.56,100.0,100.0,,TARGET_36,"39.63,34.31,26.56,100.00,100.00,TARGET_36"
2026-05-13T14:15:20,1240.13,39.69,34.31,26.56,100.0,100.0,,TARGET_36,"39.69,34.31,26.56,100.00,100.00,TARGET_36"
2026-05-13T14:15:21,1241.41,39.63,34.31,26.56,100.0,100.0,,TARGET_36,"39.63,34.31,26.56,100.00,100.00,TARGET_36"
2026-05-13T14:15:22,1242.7,39.69,34.31,26.56,100.0,100.0,,TARGET_36,"39.69,34.31,26.56,100.00,100.00,TARGET_36"
2026-05-13T14:15:24,1243.98,39.63,34.31,26.56,100.0,100.0,,TARGET_36,"39.63,34.31,26.56,100.00,100.00,TARGET_36"
2026-05-13T14:15:25,1245.27,39.63,34.31,26.56,100.0,100.0,,TARGET_36,"39.63,34.31,26.56,100.00,100.00,TARGET_36"
2026-05-13T14:15:26,1246.56,39.63,34.31,26.56,100.0,100.0,,TARGET_36,"39.63,34.31,26.56,100.00,100.00,TARGET_36"
2026-05-13T14:15:27,1247.84,39.63,34.31,26.56,100.0,100.0,,TARGET_36,"39.63,34.31,26.56,100.00,100.00,TARGET_36"
2026-05-13T14:15:29,1249.13,39.63,34.31,26.56,100.0,100.0,,TARGET_36,"39.63,34.31,26.56,100.00,100.00,TARGET_36"
2026-05-13T14:15:30,1250.41,39.63,34.31,26.62,100.0,100.0,,TARGET_36,"39.63,34.31,26.62,100.00,100.00,TARGET_36"
2026-05-13T14:15:31,1251.7,39.56,34.31,26.62,100.0,100.0,,TARGET_36,"39.56,34.31,26.62,100.00,100.00,TARGET_36"
2026-05-13T14:15:33,1252.99,39.56,34.31,26.62,100.0,100.0,,TARGET_36,"39.56,34.31,26.62,100.00,100.00,TARGET_36"
2026-05-13T14:15:34,1254.27,39.5,34.31,26.62,100.0,100.0,,TARGET_36,"39.50,34.31,26.62,100.00,100.00,TARGET_36"
2026-05-13T14:15:35,1255.56,39.5,34.31,26.62,100.0,100.0,,TARGET_36,"39.50,34.31,26.62,100.00,100.00,TARGET_36"
2026-05-13T14:15:36,1256.84,39.44,34.31,26.62,100.0,100.0,,TARGET_36,"39.44,34.31,26.62,100.00,100.00,TARGET_36"
2026-05-13T14:15:38,1258.13,39.44,34.31,26.62,100.0,100.0,,TARGET_36,"39.44,34.31,26.62,100.00,100.00,TARGET_36"
2026-05-13T14:15:39,1259.42,39.38,34.31,26.62,100.0,100.0,,TARGET_36,"39.38,34.31,26.62,100.00,100.00,TARGET_36"
2026-05-13T14:15:40,1260.7,39.38,34.38,26.62,100.0,100.0,,TARGET_36,"39.38,34.38,26.62,100.00,100.00,TARGET_36"
2026-05-13T14:15:42,1261.99,39.38,34.31,26.62,100.0,100.0,,TARGET_36,"39.38,34.31,26.62,100.00,100.00,TARGET_36"
2026-05-13T14:15:43,1263.27,39.31,34.31,26.62,100.0,100.0,,TARGET_36,"39.31,34.31,26.62,100.00,100.00,TARGET_36"
2026-05-13T14:15:44,1264.56,39.25,34.31,26.62,100.0,100.0,,TARGET_36,"39.25,34.31,26.62,100.00,100.00,TARGET_36"
2026-05-13T14:15:45,1265.85,39.25,34.31,26.62,100.0,100.0,,TARGET_36,"39.25,34.31,26.62,100.00,100.00,TARGET_36"
2026-05-13T14:15:47,1267.13,39.19,34.31,26.69,100.0,100.0,,TARGET_36,"39.19,34.31,26.69,100.00,100.00,TARGET_36"
2026-05-13T14:15:48,1268.42,39.19,34.31,26.62,100.0,100.0,,TARGET_36,"39.19,34.31,26.62,100.00,100.00,TARGET_36"
2026-05-13T14:15:49,1269.71,39.13,34.31,26.62,100.0,100.0,,TARGET_36,"39.13,34.31,26.62,100.00,100.00,TARGET_36"
2026-05-13T14:15:51,1270.99,39.06,34.31,26.62,100.0,100.0,,TARGET_36,"39.06,34.31,26.62,100.00,100.00,TARGET_36"
2026-05-13T14:15:52,1272.28,39.06,34.31,26.62,100.0,100.0,,TARGET_36,"39.06,34.31,26.62,100.00,100.00,TARGET_36"
2026-05-13T14:15:53,1273.56,39.0,34.31,26.69,100.0,100.0,,TARGET_36,"39.00,34.31,26.69,100.00,100.00,TARGET_36"
2026-05-13T14:15:54,1274.85,38.94,34.31,26.62,100.0,99.61,,TARGET_36,"38.94,34.31,26.62,100.00,99.61,TARGET_36"
2026-05-13T14:15:56,1276.14,38.94,34.31,26.62,100.0,99.32,,TARGET_36,"38.94,34.31,26.62,100.00,99.32,TARGET_36"
2026-05-13T14:15:57,1277.42,38.88,34.31,26.62,100.0,98.71,,TARGET_36,"38.88,34.31,26.62,100.00,98.71,TARGET_36"
2026-05-13T14:15:58,1278.71,38.88,34.31,26.62,100.0,98.25,,TARGET_36,"38.88,34.31,26.62,100.00,98.25,TARGET_36"
2026-05-13T14:16:00,1279.99,38.81,34.31,26.62,100.0,97.51,,TARGET_36,"38.81,34.31,26.62,100.00,97.51,TARGET_36"
2026-05-13T14:16:01,1281.28,38.75,34.31,26.62,100.0,96.57,,TARGET_36,"38.75,34.31,26.62,100.00,96.57,TARGET_36"
2026-05-13T14:16:02,1282.57,38.75,34.31,26.62,100.0,95.87,,TARGET_36,"38.75,34.31,26.62,100.00,95.87,TARGET_36"
2026-05-13T14:16:03,1283.85,38.69,34.31,26.62,100.0,94.95,,TARGET_36,"38.69,34.31,26.62,100.00,94.95,TARGET_36"
2026-05-13T14:16:05,1285.14,38.63,34.31,26.62,100.0,93.87,,TARGET_36,"38.63,34.31,26.62,100.00,93.87,TARGET_36"
2026-05-13T14:16:06,1286.42,38.63,34.31,26.69,100.0,93.06,,TARGET_36,"38.63,34.31,26.69,100.00,93.06,TARGET_36"
2026-05-13T14:16:07,1287.71,38.56,34.31,26.62,100.0,92.06,,TARGET_36,"38.56,34.31,26.62,100.00,92.06,TARGET_36"
2026-05-13T14:16:09,1289.0,38.5,34.31,26.62,100.0,90.92,,TARGET_36,"38.50,34.31,26.62,100.00,90.92,TARGET_36"
2026-05-13T14:16:10,1290.28,38.5,34.31,26.62,100.0,90.06,,TARGET_36,"38.50,34.31,26.62,100.00,90.06,TARGET_36"
2026-05-13T14:16:11,1291.57,38.44,34.31,26.62,100.0,89.03,,TARGET_36,"38.44,34.31,26.62,100.00,89.03,TARGET_36"
2026-05-13T14:16:13,1292.85,38.38,34.31,26.62,100.0,87.87,,TARGET_36,"38.38,34.31,26.62,100.00,87.87,TARGET_36"
2026-05-13T14:16:14,1294.14,38.38,34.31,26.62,100.0,86.99,,TARGET_36,"38.38,34.31,26.62,100.00,86.99,TARGET_36"
2026-05-13T14:16:15,1295.43,38.31,34.31,26.62,100.0,85.95,,TARGET_36,"38.31,34.31,26.62,100.00,85.95,TARGET_36"
2026-05-13T14:16:16,1296.71,38.31,34.31,26.62,100.0,85.16,,TARGET_36,"38.31,34.31,26.62,100.00,85.16,TARGET_36"
2026-05-13T14:16:18,1298.0,38.25,34.31,26.62,100.0,84.19,,TARGET_36,"38.25,34.31,26.62,100.00,84.19,TARGET_36"
2026-05-13T14:16:19,1299.28,38.25,34.31,26.69,100.0,83.45,,TARGET_36,"38.25,34.31,26.69,100.00,83.45,TARGET_36"
2026-05-13T14:16:20,1300.57,38.19,34.31,26.69,100.0,82.51,,TARGET_36,"38.19,34.31,26.69,100.00,82.51,TARGET_36"
2026-05-13T14:16:22,1301.86,38.13,34.31,26.62,100.0,81.41,,TARGET_36,"38.13,34.31,26.62,100.00,81.41,TARGET_36"
2026-05-13T14:16:23,1303.14,38.13,34.31,26.62,100.0,80.59,,TARGET_36,"38.13,34.31,26.62,100.00,80.59,TARGET_36"
2026-05-13T14:16:24,1304.43,38.06,34.31,26.62,100.0,79.58,,TARGET_36,"38.06,34.31,26.62,100.00,79.58,TARGET_36"
2026-05-13T14:16:25,1305.71,38.0,34.31,26.62,100.0,78.44,,TARGET_36,"38.00,34.31,26.62,100.00,78.44,TARGET_36"
2026-05-13T14:16:27,1307.0,38.0,34.31,26.62,100.0,77.58,,TARGET_36,"38.00,34.31,26.62,100.00,77.58,TARGET_36"
2026-05-13T14:16:28,1308.29,37.94,34.25,26.69,100.0,76.54,,TARGET_36,"37.94,34.25,26.69,100.00,76.54,TARGET_36"
2026-05-13T14:16:29,1309.57,37.94,34.31,26.69,100.0,75.77,,TARGET_36,"37.94,34.31,26.69,100.00,75.77,TARGET_36"
2026-05-13T14:16:31,1310.86,37.88,34.25,26.62,100.0,74.79,,TARGET_36,"37.88,34.25,26.62,100.00,74.79,TARGET_36"
2026-05-13T14:16:32,1312.14,37.88,34.31,26.69,100.0,74.06,,TARGET_36,"37.88,34.31,26.69,100.00,74.06,TARGET_36"
2026-05-13T14:16:33,1313.43,37.88,34.31,26.69,100.0,73.52,,TARGET_36,"37.88,34.31,26.69,100.00,73.52,TARGET_36"
2026-05-13T14:16:34,1314.72,37.81,34.25,26.69,100.0,72.72,,TARGET_36,"37.81,34.25,26.69,100.00,72.72,TARGET_36"
2026-05-13T14:16:36,1316.0,37.81,34.31,26.69,100.0,72.12,,TARGET_36,"37.81,34.31,26.69,100.00,72.12,TARGET_36"
2026-05-13T14:16:37,1317.29,37.75,34.25,26.69,100.0,71.27,,TARGET_36,"37.75,34.25,26.69,100.00,71.27,TARGET_36"
2026-05-13T14:16:38,1318.57,37.75,34.25,26.62,100.0,70.64,,TARGET_36,"37.75,34.25,26.62,100.00,70.64,TARGET_36"
2026-05-13T14:16:40,1319.86,37.69,34.31,26.69,100.0,69.78,,TARGET_36,"37.69,34.31,26.69,100.00,69.78,TARGET_36"
2026-05-13T14:16:41,1321.15,37.69,34.25,26.69,100.0,69.13,,TARGET_36,"37.69,34.25,26.69,100.00,69.13,TARGET_36"
2026-05-13T14:16:42,1322.43,37.63,34.25,26.62,100.0,68.25,,TARGET_36,"37.63,34.25,26.62,100.00,68.25,TARGET_36"
2026-05-13T14:16:43,1323.72,37.63,34.25,26.69,88.0,67.6,,TARGET_36,"37.63,34.25,26.69,88.00,67.60,TARGET_36"
2026-05-13T14:16:45,1325.0,37.63,34.25,26.69,95.2,67.1,,TARGET_36,"37.63,34.25,26.69,95.20,67.10,TARGET_36"
2026-05-13T14:16:46,1326.29,37.56,34.25,26.69,98.08,66.34,,TARGET_36,"37.56,34.25,26.69,98.08,66.34,TARGET_36"
2026-05-13T14:16:47,1327.58,37.56,34.25,26.69,98.03,65.77,,TARGET_36,"37.56,34.25,26.69,98.03,65.77,TARGET_36"
2026-05-13T14:16:49,1328.86,37.5,34.25,26.69,99.21,64.96,,TARGET_36,"37.50,34.25,26.69,99.21,64.96,TARGET_36"
2026-05-13T14:16:50,1330.15,37.5,34.25,26.69,91.29,64.34,,TARGET_36,"37.50,34.25,26.69,91.29,64.34,TARGET_36"
2026-05-13T14:16:51,1331.43,37.5,34.25,26.69,96.51,63.88,,TARGET_36,"37.50,34.25,26.69,96.51,63.88,TARGET_36"
2026-05-13T14:16:52,1332.72,37.44,34.25,26.69,90.21,63.15,,TARGET_36,"37.44,34.25,26.69,90.21,63.15,TARGET_36"
2026-05-13T14:16:54,1334.01,37.44,34.25,26.69,96.08,62.59,,TARGET_36,"37.44,34.25,26.69,96.08,62.59,TARGET_36"
2026-05-13T14:16:55,1335.29,37.38,34.25,26.69,88.83,61.79,,TARGET_36,"37.38,34.25,26.69,88.83,61.79,TARGET_36"
2026-05-13T14:16:56,1336.58,37.38,34.25,26.69,88.33,61.19,,TARGET_36,"37.38,34.25,26.69,88.33,61.19,TARGET_36"
2026-05-13T14:16:58,1337.86,37.38,34.25,26.69,94.73,60.73,,TARGET_36,"37.38,34.25,26.69,94.73,60.73,TARGET_36"
2026-05-13T14:16:59,1339.15,37.38,34.19,26.69,93.09,60.39,,TARGET_36,"37.38,34.19,26.69,93.09,60.39,TARGET_36"
2026-05-13T14:17:00,1340.44,37.31,34.19,26.69,72.04,59.75,,TARGET_36,"37.31,34.19,26.69,72.04,59.75,TARGET_36"
2026-05-13T14:17:01,1341.72,37.31,34.19,26.69,84.61,59.26,,TARGET_36,"37.31,34.19,26.69,84.61,59.26,TARGET_36"
2026-05-13T14:17:03,1343.01,37.31,34.19,26.69,74.65,58.9,,TARGET_36,"37.31,34.19,26.69,74.65,58.90,TARGET_36"
2026-05-13T14:17:04,1344.29,37.25,34.19,26.69,70.06,58.24,,TARGET_36,"37.25,34.19,26.69,70.06,58.24,TARGET_36"
2026-05-13T14:17:05,1345.58,37.25,34.19,26.75,84.42,57.74,,TARGET_36,"37.25,34.19,26.75,84.42,57.74,TARGET_36"
2026-05-13T14:17:07,1346.87,37.25,34.19,26.69,73.97,57.37,,TARGET_36,"37.25,34.19,26.69,73.97,57.37,TARGET_36"
2026-05-13T14:17:08,1348.15,37.19,34.19,26.69,63.19,56.7,,TARGET_36,"37.19,34.19,26.69,63.19,56.70,TARGET_36"
2026-05-13T14:17:09,1349.44,37.19,34.19,26.69,81.08,56.2,,TARGET_36,"37.19,34.19,26.69,81.08,56.20,TARGET_36"
2026-05-13T14:17:10,1350.72,37.19,34.19,26.69,87.03,55.82,,TARGET_36,"37.19,34.19,26.69,87.03,55.82,TARGET_36"
2026-05-13T14:17:12,1352.01,37.19,34.13,26.69,90.01,55.54,,TARGET_36,"37.19,34.13,26.69,90.01,55.54,TARGET_36"
2026-05-13T14:17:13,1353.3,37.19,34.13,26.69,74.4,55.32,,TARGET_36,"37.19,34.13,26.69,74.40,55.32,TARGET_36"
2026-05-13T14:17:14,1354.58,37.13,34.19,26.69,78.36,54.77,,TARGET_36,"37.13,34.19,26.69,78.36,54.77,TARGET_36"
2026-05-13T14:17:16,1355.87,37.13,34.13,26.69,76.34,54.36,,TARGET_36,"37.13,34.13,26.69,76.34,54.36,TARGET_36"
2026-05-13T14:17:17,1357.15,37.13,34.13,26.69,90.54,54.05,,TARGET_36,"37.13,34.13,26.69,90.54,54.05,TARGET_36"
2026-05-13T14:17:18,1358.44,37.06,34.13,26.75,59.02,53.43,,TARGET_36,"37.06,34.13,26.75,59.02,53.43,TARGET_36"
2026-05-13T14:17:19,1359.73,37.06,34.13,26.69,74.61,52.96,,TARGET_36,"37.06,34.13,26.69,74.61,52.96,TARGET_36"
2026-05-13T14:17:21,1361.01,37.06,34.13,26.75,63.44,52.61,,TARGET_36,"37.06,34.13,26.75,63.44,52.61,TARGET_36"
2026-05-13T14:17:22,1362.3,37.06,34.13,26.69,51.18,52.35,,TARGET_36,"37.06,34.13,26.69,51.18,52.35,TARGET_36"
2026-05-13T14:17:23,1363.58,37.0,34.13,26.69,52.87,51.76,,TARGET_36,"37.00,34.13,26.69,52.87,51.76,TARGET_36"
2026-05-13T14:17:25,1364.87,37.0,34.13,26.75,57.75,51.32,,TARGET_36,"37.00,34.13,26.75,57.75,51.32,TARGET_36"
2026-05-13T14:17:26,1366.16,37.0,34.13,26.69,45.3,50.99,,TARGET_36,"37.00,34.13,26.69,45.30,50.99,TARGET_36"
2026-05-13T14:17:27,1367.44,37.0,34.13,26.69,45.72,50.74,,TARGET_36,"37.00,34.13,26.69,45.72,50.74,TARGET_36"
2026-05-13T14:17:28,1368.73,37.0,34.06,26.75,56.69,50.56,,TARGET_36,"37.00,34.06,26.75,56.69,50.56,TARGET_36"
2026-05-13T14:17:30,1370.01,36.94,34.13,26.75,46.08,50.03,,TARGET_36,"36.94,34.13,26.75,46.08,50.03,TARGET_36"
2026-05-13T14:17:31,1371.3,36.94,34.06,26.75,41.23,49.63,,TARGET_36,"36.94,34.06,26.75,41.23,49.63,TARGET_36"
2026-05-13T14:17:32,1372.59,36.94,34.06,26.75,40.49,49.33,,TARGET_36,"36.94,34.06,26.75,40.49,49.33,TARGET_36"
2026-05-13T14:17:34,1373.87,36.94,34.06,26.69,57.0,49.11,,TARGET_36,"36.94,34.06,26.69,57.00,49.11,TARGET_36"
2026-05-13T14:17:35,1375.16,36.94,34.06,26.75,45.0,48.94,,TARGET_36,"36.94,34.06,26.75,45.00,48.94,TARGET_36"
2026-05-13T14:17:36,1376.44,36.94,34.06,26.75,51.6,48.81,,TARGET_36,"36.94,34.06,26.75,51.60,48.81,TARGET_36"
2026-05-13T14:17:37,1377.73,36.88,34.0,26.75,52.44,48.33,,TARGET_36,"36.88,34.00,26.75,52.44,48.33,TARGET_36"
2026-05-13T14:17:39,1379.02,36.88,34.06,26.75,53.38,47.97,,TARGET_36,"36.88,34.06,26.75,53.38,47.97,TARGET_36"
2026-05-13T14:17:40,1380.3,36.88,34.06,26.75,59.15,47.69,,TARGET_36,"36.88,34.06,26.75,59.15,47.69,TARGET_36"
2026-05-13T14:17:41,1381.59,36.88,34.06,26.75,57.86,47.49,,TARGET_36,"36.88,34.06,26.75,57.86,47.49,TARGET_36"
2026-05-13T14:17:43,1382.87,36.88,34.0,26.75,54.34,47.34,,TARGET_36,"36.88,34.00,26.75,54.34,47.34,TARGET_36"
2026-05-13T14:17:44,1384.16,36.88,34.0,26.75,64.94,47.22,,TARGET_36,"36.88,34.00,26.75,64.94,47.22,TARGET_36"
2026-05-13T14:17:45,1385.45,36.88,34.06,26.75,63.18,47.13,,TARGET_36,"36.88,34.06,26.75,63.18,47.13,TARGET_36"
2026-05-13T14:17:46,1386.73,36.81,34.0,26.75,59.47,46.68,,TARGET_36,"36.81,34.00,26.75,59.47,46.68,TARGET_36"
2026-05-13T14:17:48,1388.02,36.81,34.0,26.75,62.19,46.34,,TARGET_36,"36.81,34.00,26.75,62.19,46.34,TARGET_36"
2026-05-13T14:17:49,1389.3,36.81,34.0,26.75,40.48,46.08,,TARGET_36,"36.81,34.00,26.75,40.48,46.08,TARGET_36"
2026-05-13T14:17:50,1390.59,36.81,34.0,26.75,49.79,45.89,,TARGET_36,"36.81,34.00,26.75,49.79,45.89,TARGET_36"
2026-05-13T14:17:52,1391.87,36.81,34.0,26.75,49.92,45.74,,TARGET_36,"36.81,34.00,26.75,49.92,45.74,TARGET_36"
2026-05-13T14:17:53,1393.16,36.81,34.0,26.75,52.97,45.64,,TARGET_36,"36.81,34.00,26.75,52.97,45.64,TARGET_36"
2026-05-13T14:17:54,1394.45,36.81,34.0,26.75,46.99,45.56,,TARGET_36,"36.81,34.00,26.75,46.99,45.56,TARGET_36"
2026-05-13T14:17:55,1395.73,36.75,34.0,26.75,49.99,45.1,,TARGET_36,"36.75,34.00,26.75,49.99,45.10,TARGET_36"
2026-05-13T14:17:57,1397.02,36.75,34.0,26.75,56.0,44.77,,TARGET_36,"36.75,34.00,26.75,56.00,44.77,TARGET_36"
2026-05-13T14:17:58,1398.3,36.75,34.0,26.75,53.6,44.51,,TARGET_36,"36.75,34.00,26.75,53.60,44.51,TARGET_36"
2026-05-13T14:17:59,1399.59,36.75,34.0,26.75,46.64,44.32,,TARGET_36,"36.75,34.00,26.75,46.64,44.32,TARGET_36"
2026-05-13T14:18:01,1400.88,36.75,34.0,26.75,55.86,44.18,,TARGET_36,"36.75,34.00,26.75,55.86,44.18,TARGET_36"
2026-05-13T14:18:02,1402.16,36.75,33.94,26.75,54.14,44.07,,TARGET_36,"36.75,33.94,26.75,54.14,44.07,TARGET_36"
2026-05-13T14:18:03,1403.45,36.75,33.94,26.75,51.66,43.99,,TARGET_36,"36.75,33.94,26.75,51.66,43.99,TARGET_36"
2026-05-13T14:18:04,1404.73,36.75,33.94,26.75,54.86,43.93,,TARGET_36,"36.75,33.94,26.75,54.86,43.93,TARGET_36"
2026-05-13T14:18:06,1406.02,36.75,33.94,26.75,54.35,43.89,,TARGET_36,"36.75,33.94,26.75,54.35,43.89,TARGET_36"
2026-05-13T14:18:07,1407.31,36.69,33.94,26.75,62.54,43.46,,TARGET_36,"36.69,33.94,26.75,62.54,43.46,TARGET_36"
2026-05-13T14:18:08,1408.59,36.75,33.94,26.75,57.42,43.53,,TARGET_36,"36.75,33.94,26.75,57.42,43.53,TARGET_36"
2026-05-13T14:18:10,1409.88,36.75,33.94,26.75,43.37,43.59,,TARGET_36,"36.75,33.94,26.75,43.37,43.59,TARGET_36"
2026-05-13T14:18:11,1411.16,36.69,33.94,26.75,47.35,43.24,,TARGET_36,"36.69,33.94,26.75,47.35,43.24,TARGET_36"
2026-05-13T14:18:12,1412.45,36.69,33.94,26.75,56.74,42.97,,TARGET_36,"36.69,33.94,26.75,56.74,42.97,TARGET_36"
2026-05-13T14:18:13,1413.74,36.69,33.94,26.75,53.3,42.78,,TARGET_36,"36.69,33.94,26.75,53.30,42.78,TARGET_36"
2026-05-13T14:18:15,1415.02,36.69,33.94,26.75,57.92,42.63,,TARGET_36,"36.69,33.94,26.75,57.92,42.63,TARGET_36"
2026-05-13T14:18:16,1416.31,36.69,33.94,26.75,59.77,42.52,,TARGET_36,"36.69,33.94,26.75,59.77,42.52,TARGET_36"
2026-05-13T14:18:17,1417.59,36.69,33.88,26.75,52.71,42.44,,TARGET_36,"36.69,33.88,26.75,52.71,42.44,TARGET_36"
2026-05-13T14:18:19,1418.88,36.69,33.94,26.75,63.68,42.37,,TARGET_36,"36.69,33.94,26.75,63.68,42.37,TARGET_36"
2026-05-13T14:18:20,1420.17,36.69,33.88,26.75,41.07,42.33,,TARGET_36,"36.69,33.88,26.75,41.07,42.33,TARGET_36"
2026-05-13T14:18:21,1421.45,36.69,33.88,26.75,48.23,42.29,,TARGET_36,"36.69,33.88,26.75,48.23,42.29,TARGET_36"
2026-05-13T14:18:22,1422.74,36.69,33.88,26.75,51.69,42.27,,TARGET_36,"36.69,33.88,26.75,51.69,42.27,TARGET_36"
2026-05-13T14:18:24,1424.02,36.69,33.88,26.75,36.28,42.25,,TARGET_36,"36.69,33.88,26.75,36.28,42.25,TARGET_36"
2026-05-13T14:18:25,1425.31,36.63,33.88,26.75,54.71,41.84,,TARGET_36,"36.63,33.88,26.75,54.71,41.84,TARGET_36"
2026-05-13T14:18:26,1426.59,36.63,33.88,26.75,54.88,41.54,,TARGET_36,"36.63,33.88,26.75,54.88,41.54,TARGET_36"
2026-05-13T14:18:28,1427.88,36.63,33.88,26.75,55.55,41.31,,TARGET_36,"36.63,33.88,26.75,55.55,41.31,TARGET_36"
2026-05-13T14:18:29,1429.17,36.63,33.88,26.75,49.82,41.14,,TARGET_36,"36.63,33.88,26.75,49.82,41.14,TARGET_36"
2026-05-13T14:18:30,1430.45,36.63,33.81,26.75,56.53,41.01,,TARGET_36,"36.63,33.81,26.75,56.53,41.01,TARGET_36"
2026-05-13T14:18:31,1431.74,36.63,33.88,26.75,50.81,40.91,,TARGET_36,"36.63,33.88,26.75,50.81,40.91,TARGET_36"
2026-05-13T14:18:33,1433.02,36.63,33.81,26.75,57.52,40.84,,TARGET_36,"36.63,33.81,26.75,57.52,40.84,TARGET_36"
2026-05-13T14:18:34,1434.31,36.63,33.81,26.75,59.01,40.79,,TARGET_36,"36.63,33.81,26.75,59.01,40.79,TARGET_36"
2026-05-13T14:18:35,1435.6,36.63,33.81,26.81,36.2,40.75,,TARGET_36,"36.63,33.81,26.81,36.20,40.75,TARGET_36"
2026-05-13T14:18:37,1436.88,36.63,33.81,26.75,44.48,40.72,,TARGET_36,"36.63,33.81,26.75,44.48,40.72,TARGET_36"
2026-05-13T14:18:38,1438.17,36.63,33.81,26.75,59.79,40.69,,TARGET_36,"36.63,33.81,26.75,59.79,40.69,TARGET_36"
2026-05-13T14:18:39,1439.45,36.63,33.81,26.75,40.12,40.68,,TARGET_36,"36.63,33.81,26.75,40.12,40.68,TARGET_36"
2026-05-13T14:18:40,1440.74,36.63,33.81,26.75,53.25,40.66,,TARGET_36,"36.63,33.81,26.75,53.25,40.66,TARGET_36"
2026-05-13T14:18:42,1442.03,36.56,33.81,26.81,51.3,40.26,,TARGET_36,"36.56,33.81,26.81,51.30,40.26,TARGET_36"
2026-05-13T14:18:43,1443.31,36.63,33.81,26.75,57.12,40.35,,TARGET_36,"36.63,33.81,26.75,57.12,40.35,TARGET_36"
2026-05-13T14:18:44,1444.6,36.63,33.81,26.75,51.05,40.42,,TARGET_36,"36.63,33.81,26.75,51.05,40.42,TARGET_36"
2026-05-13T14:18:46,1445.88,36.63,33.75,26.81,51.62,40.47,,TARGET_36,"36.63,33.75,26.81,51.62,40.47,TARGET_36"
2026-05-13T14:18:47,1447.17,36.63,33.75,26.75,52.45,40.51,,TARGET_36,"36.63,33.75,26.75,52.45,40.51,TARGET_36"
2026-05-13T14:18:48,1448.45,36.63,33.75,26.75,51.58,40.54,,TARGET_36,"36.63,33.75,26.75,51.58,40.54,TARGET_36"
2026-05-13T14:18:49,1449.74,36.63,33.75,26.75,54.23,40.56,,TARGET_36,"36.63,33.75,26.75,54.23,40.56,TARGET_36"
2026-05-13T14:18:51,1451.03,36.63,33.75,26.75,58.29,40.58,,TARGET_36,"36.63,33.75,26.75,58.29,40.58,TARGET_36"
2026-05-13T14:18:52,1452.31,36.56,33.75,26.75,40.72,40.2,,TARGET_36,"36.56,33.75,26.75,40.72,40.20,TARGET_36"
2026-05-13T14:18:53,1453.6,36.63,33.75,26.75,52.29,40.3,,TARGET_36,"36.63,33.75,26.75,52.29,40.30,TARGET_36"
2026-05-13T14:18:55,1454.89,36.63,33.75,26.75,29.31,40.38,,TARGET_36,"36.63,33.75,26.75,29.31,40.38,TARGET_36"
2026-05-13T14:18:56,1456.17,36.56,33.75,26.75,35.73,40.05,,TARGET_36,"36.56,33.75,26.75,35.73,40.05,TARGET_36"
2026-05-13T14:18:57,1457.46,36.56,33.75,26.75,35.29,39.81,,TARGET_36,"36.56,33.75,26.75,35.29,39.81,TARGET_36"
2026-05-13T14:18:58,1458.74,36.63,33.75,26.75,41.12,40.01,,TARGET_36,"36.63,33.75,26.75,41.12,40.01,TARGET_36"
2026-05-13T14:19:00,1460.03,36.63,33.69,26.75,42.85,40.16,,TARGET_36,"36.63,33.69,26.75,42.85,40.16,TARGET_36"
2026-05-13T14:19:01,1461.31,36.63,33.69,26.75,53.14,40.28,,TARGET_36,"36.63,33.69,26.75,53.14,40.28,TARGET_36"
2026-05-13T14:19:02,1462.6,36.63,33.69,26.75,50.66,40.37,,TARGET_36,"36.63,33.69,26.75,50.66,40.37,TARGET_36"
2026-05-13T14:19:04,1463.89,36.63,33.69,26.81,55.66,40.43,,TARGET_36,"36.63,33.69,26.81,55.66,40.43,TARGET_36"
2026-05-13T14:19:05,1465.17,36.63,33.69,26.75,50.46,40.48,,TARGET_36,"36.63,33.69,26.75,50.46,40.48,TARGET_36"
2026-05-13T14:19:06,1466.46,36.63,33.69,26.81,55.59,40.52,,TARGET_36,"36.63,33.69,26.81,55.59,40.52,TARGET_36"
2026-05-13T14:19:07,1467.74,36.63,33.63,26.81,54.63,40.54,,TARGET_36,"36.63,33.63,26.81,54.63,40.54,TARGET_36"
2026-05-13T14:19:09,1469.03,36.63,33.63,26.81,57.85,40.56,,TARGET_36,"36.63,33.63,26.81,57.85,40.56,TARGET_36"
2026-05-13T14:19:10,1470.32,36.63,33.63,26.75,65.14,40.58,,TARGET_36,"36.63,33.63,26.75,65.14,40.58,TARGET_36"
2026-05-13T14:19:11,1471.6,36.63,33.63,26.81,62.06,40.59,,TARGET_36,"36.63,33.63,26.81,62.06,40.59,TARGET_36"
2026-05-13T14:19:13,1472.89,36.63,33.63,26.75,59.02,40.6,,TARGET_36,"36.63,33.63,26.75,59.02,40.60,TARGET_36"
2026-05-13T14:19:14,1474.17,36.63,33.63,26.81,39.21,40.61,,TARGET_36,"36.63,33.63,26.81,39.21,40.61,TARGET_36"
2026-05-13T14:19:15,1475.46,36.63,33.63,26.81,53.48,40.61,,TARGET_36,"36.63,33.63,26.81,53.48,40.61,TARGET_36"
2026-05-13T14:19:16,1476.75,36.63,33.63,26.81,57.99,40.61,,TARGET_36,"36.63,33.63,26.81,57.99,40.61,TARGET_36"
2026-05-13T14:19:18,1478.03,36.63,33.63,26.81,60.4,40.62,,TARGET_36,"36.63,33.63,26.81,60.40,40.62,TARGET_36"
2026-05-13T14:19:19,1479.32,36.63,33.63,26.81,61.36,40.62,,TARGET_36,"36.63,33.63,26.81,61.36,40.62,TARGET_36"
2026-05-13T14:19:20,1480.6,36.63,33.63,26.81,54.54,40.62,,TARGET_36,"36.63,33.63,26.81,54.54,40.62,TARGET_36"
2026-05-13T14:19:22,1481.89,36.63,33.56,26.81,53.02,40.62,,TARGET_36,"36.63,33.56,26.81,53.02,40.62,TARGET_36"
2026-05-13T14:19:23,1483.18,36.63,33.63,26.81,45.81,40.62,,TARGET_36,"36.63,33.63,26.81,45.81,40.62,TARGET_36"
2026-05-13T14:19:24,1484.46,36.63,33.63,26.81,48.92,40.62,,TARGET_36,"36.63,33.63,26.81,48.92,40.62,TARGET_36"
2026-05-13T14:19:25,1485.75,36.63,33.63,26.81,55.57,40.62,,TARGET_36,"36.63,33.63,26.81,55.57,40.62,TARGET_36"
2026-05-13T14:19:27,1487.03,36.63,33.63,26.81,55.23,40.62,,TARGET_36,"36.63,33.63,26.81,55.23,40.62,TARGET_36"
2026-05-13T14:19:28,1488.32,36.63,33.56,26.81,47.29,40.62,,TARGET_36,"36.63,33.56,26.81,47.29,40.62,TARGET_36"
2026-05-13T14:19:29,1489.61,36.63,33.56,26.81,39.32,40.62,,TARGET_36,"36.63,33.56,26.81,39.32,40.62,TARGET_36"
2026-05-13T14:19:31,1490.89,36.63,33.56,26.81,52.33,40.62,,TARGET_36,"36.63,33.56,26.81,52.33,40.62,TARGET_36"
2026-05-13T14:19:32,1492.18,36.63,33.56,26.81,46.73,40.62,,TARGET_36,"36.63,33.56,26.81,46.73,40.62,TARGET_36"
2026-05-13T14:19:33,1493.46,36.63,33.56,26.81,54.69,40.62,,TARGET_36,"36.63,33.56,26.81,54.69,40.62,TARGET_36"
2026-05-13T14:19:34,1494.75,36.63,33.56,26.81,57.88,40.62,,TARGET_36,"36.63,33.56,26.81,57.88,40.62,TARGET_36"
2026-05-13T14:19:36,1496.04,36.63,33.56,26.81,60.95,40.62,,TARGET_36,"36.63,33.56,26.81,60.95,40.62,TARGET_36"
2026-05-13T14:19:37,1497.32,36.63,33.56,26.81,62.78,40.62,,TARGET_36,"36.63,33.56,26.81,62.78,40.62,TARGET_36"
2026-05-13T14:19:38,1498.61,36.63,33.5,26.81,61.71,40.62,,TARGET_36,"36.63,33.50,26.81,61.71,40.62,TARGET_36"
2026-05-13T14:19:40,1499.89,36.63,33.56,26.81,61.88,40.62,,TARGET_36,"36.63,33.56,26.81,61.88,40.62,TARGET_36"
2026-05-13T14:19:41,1501.18,36.63,33.5,26.81,56.55,40.62,,TARGET_36,"36.63,33.50,26.81,56.55,40.62,TARGET_36"
2026-05-13T14:19:42,1502.47,36.63,33.5,26.81,50.22,40.62,,TARGET_36,"36.63,33.50,26.81,50.22,40.62,TARGET_36"
2026-05-13T14:19:43,1503.75,36.63,33.5,26.81,53.69,40.62,,TARGET_36,"36.63,33.50,26.81,53.69,40.62,TARGET_36"
2026-05-13T14:19:45,1505.04,36.63,33.5,26.81,58.08,40.62,,TARGET_36,"36.63,33.50,26.81,58.08,40.62,TARGET_36"
2026-05-13T14:19:46,1506.32,36.63,33.5,26.81,46.63,40.62,,TARGET_36,"36.63,33.50,26.81,46.63,40.62,TARGET_36"
2026-05-13T14:19:47,1507.61,36.63,33.5,26.81,42.65,40.62,,TARGET_36,"36.63,33.50,26.81,42.65,40.62,TARGET_36"
2026-05-13T14:19:49,1508.9,36.63,33.5,26.81,53.66,40.62,,TARGET_36,"36.63,33.50,26.81,53.66,40.62,TARGET_36"
2026-05-13T14:19:50,1510.18,36.63,33.5,26.81,52.66,40.62,,TARGET_36,"36.63,33.50,26.81,52.66,40.62,TARGET_36"
2026-05-13T14:19:51,1511.47,36.63,33.5,26.81,54.67,40.62,,TARGET_36,"36.63,33.50,26.81,54.67,40.62,TARGET_36"
2026-05-13T14:19:52,1512.75,36.63,33.5,26.81,53.67,40.62,,TARGET_36,"36.63,33.50,26.81,53.67,40.62,TARGET_36"
2026-05-13T14:19:54,1514.04,36.63,33.5,26.75,59.27,40.62,,TARGET_36,"36.63,33.50,26.75,59.27,40.62,TARGET_36"
2026-05-13T14:19:55,1515.33,36.63,33.5,26.81,48.91,40.62,,TARGET_36,"36.63,33.50,26.81,48.91,40.62,TARGET_36"
2026-05-13T14:19:56,1516.61,36.63,33.5,26.81,43.56,40.62,,TARGET_36,"36.63,33.50,26.81,43.56,40.62,TARGET_36"
2026-05-13T14:19:58,1517.9,36.63,33.44,26.81,46.83,40.62,,TARGET_36,"36.63,33.44,26.81,46.83,40.62,TARGET_36"
2026-05-13T14:19:59,1519.18,36.63,33.5,26.81,55.33,40.62,,TARGET_36,"36.63,33.50,26.81,55.33,40.62,TARGET_36"
2026-05-13T14:20:00,1520.47,36.63,33.5,26.81,57.53,40.62,,TARGET_36,"36.63,33.50,26.81,57.53,40.62,TARGET_36"
2026-05-13T14:20:01,1521.76,36.69,33.44,26.81,51.81,41.02,,TARGET_36,"36.69,33.44,26.81,51.81,41.02,TARGET_36"
2026-05-13T14:20:03,1523.04,36.63,33.44,26.81,56.73,40.92,,TARGET_36,"36.63,33.44,26.81,56.73,40.92,TARGET_36"
2026-05-13T14:20:04,1524.33,36.63,33.44,26.81,45.49,40.84,,TARGET_36,"36.63,33.44,26.81,45.49,40.84,TARGET_36"
2026-05-13T14:20:05,1525.61,36.63,33.44,26.81,48.2,40.79,,TARGET_36,"36.63,33.44,26.81,48.20,40.79,TARGET_36"
2026-05-13T14:20:07,1526.9,36.63,33.44,26.81,51.08,40.75,,TARGET_36,"36.63,33.44,26.81,51.08,40.75,TARGET_36"
2026-05-13T14:20:08,1528.19,36.63,33.44,26.81,57.63,40.72,,TARGET_36,"36.63,33.44,26.81,57.63,40.72,TARGET_36"
2026-05-13T14:20:09,1529.47,36.63,33.44,26.81,57.85,40.69,,TARGET_36,"36.63,33.44,26.81,57.85,40.69,TARGET_36"
2026-05-13T14:20:10,1530.76,36.69,33.44,26.81,51.94,41.07,,TARGET_36,"36.69,33.44,26.81,51.94,41.07,TARGET_36"
2026-05-13T14:20:12,1532.04,36.63,33.44,26.81,58.58,40.96,,TARGET_36,"36.63,33.44,26.81,58.58,40.96,TARGET_36"
2026-05-13T14:20:13,1533.33,36.63,33.44,26.81,57.63,40.87,,TARGET_36,"36.63,33.44,26.81,57.63,40.87,TARGET_36"
2026-05-13T14:20:14,1534.62,36.63,33.44,26.81,56.05,40.81,,TARGET_36,"36.63,33.44,26.81,56.05,40.81,TARGET_36"
2026-05-13T14:20:16,1535.9,36.63,33.44,26.81,57.82,40.77,,TARGET_36,"36.63,33.44,26.81,57.82,40.77,TARGET_36"
2026-05-13T14:20:17,1537.19,36.63,33.44,26.75,56.13,40.73,,TARGET_36,"36.63,33.44,26.75,56.13,40.73,TARGET_36"
2026-05-13T14:20:18,1538.47,36.63,33.44,26.81,56.05,40.7,,TARGET_36,"36.63,33.44,26.81,56.05,40.70,TARGET_36"
2026-05-13T14:20:19,1539.76,36.63,33.44,26.75,49.42,40.68,,TARGET_36,"36.63,33.44,26.75,49.42,40.68,TARGET_36"
2026-05-13T14:20:21,1541.04,36.63,33.44,26.81,48.57,40.67,,TARGET_36,"36.63,33.44,26.81,48.57,40.67,TARGET_36"
2026-05-13T14:20:22,1542.33,36.63,33.44,26.75,48.83,40.66,,TARGET_36,"36.63,33.44,26.75,48.83,40.66,TARGET_36"
2026-05-13T14:20:23,1543.62,36.63,33.44,26.75,51.33,40.65,,TARGET_36,"36.63,33.44,26.75,51.33,40.65,TARGET_36"
2026-05-13T14:20:25,1544.9,36.63,33.38,26.81,44.53,40.64,,TARGET_36,"36.63,33.38,26.81,44.53,40.64,TARGET_36"
2026-05-13T14:20:26,1546.19,36.69,33.38,26.81,50.21,41.03,,TARGET_36,"36.69,33.38,26.81,50.21,41.03,TARGET_36"
2026-05-13T14:20:27,1547.48,36.63,33.38,26.75,54.29,40.93,,TARGET_36,"36.63,33.38,26.75,54.29,40.93,TARGET_36"
2026-05-13T14:20:28,1548.76,36.69,33.38,26.81,47.51,41.24,,TARGET_36,"36.69,33.38,26.81,47.51,41.24,TARGET_36"
2026-05-13T14:20:30,1550.05,36.63,33.38,26.75,50.21,41.09,,TARGET_36,"36.63,33.38,26.75,50.21,41.09,TARGET_36"
2026-05-13T14:20:31,1551.33,36.63,33.38,26.75,57.28,40.97,,TARGET_36,"36.63,33.38,26.75,57.28,40.97,TARGET_36"
2026-05-13T14:20:32,1552.62,36.63,33.38,26.75,52.91,40.89,,TARGET_36,"36.63,33.38,26.75,52.91,40.89,TARGET_36"
2026-05-13T14:20:34,1553.9,36.69,33.38,26.75,52.37,41.21,,TARGET_36,"36.69,33.38,26.75,52.37,41.21,TARGET_36"
2026-05-13T14:20:35,1555.19,36.69,33.38,26.75,52.75,41.46,,TARGET_36,"36.69,33.38,26.75,52.75,41.46,TARGET_36"
2026-05-13T14:20:36,1556.48,36.63,33.38,26.81,52.9,41.25,,TARGET_36,"36.63,33.38,26.81,52.90,41.25,TARGET_36"
2026-05-13T14:20:37,1557.76,36.69,33.38,26.75,55.36,41.48,,TARGET_36,"36.69,33.38,26.75,55.36,41.48,TARGET_36"
2026-05-13T14:20:39,1559.05,36.63,33.38,26.75,58.74,41.27,,TARGET_36,"36.63,33.38,26.75,58.74,41.27,TARGET_36"
2026-05-13T14:20:40,1560.33,36.63,33.38,26.81,49.9,41.11,,TARGET_36,"36.63,33.38,26.81,49.90,41.11,TARGET_36"
2026-05-13T14:20:41,1561.62,36.69,33.38,26.75,58.36,41.38,,TARGET_36,"36.69,33.38,26.75,58.36,41.38,TARGET_36"
2026-05-13T14:20:43,1562.91,36.69,33.38,26.75,59.94,41.58,,TARGET_36,"36.69,33.38,26.75,59.94,41.58,TARGET_36"
2026-05-13T14:20:44,1564.19,36.63,33.38,26.75,55.18,41.34,,TARGET_36,"36.63,33.38,26.75,55.18,41.34,TARGET_36"
2026-05-13T14:20:45,1565.48,36.69,33.31,26.75,49.67,41.55,,TARGET_36,"36.69,33.31,26.75,49.67,41.55,TARGET_36"
2026-05-13T14:20:46,1566.76,36.63,33.38,26.75,51.67,41.32,,TARGET_36,"36.63,33.38,26.75,51.67,41.32,TARGET_36"
2026-05-13T14:20:48,1568.05,36.69,33.31,26.75,53.07,41.54,,TARGET_36,"36.69,33.31,26.75,53.07,41.54,TARGET_36"
2026-05-13T14:20:49,1569.34,36.63,33.31,26.75,45.23,41.31,,TARGET_36,"36.63,33.31,26.75,45.23,41.31,TARGET_36"
2026-05-13T14:20:50,1570.62,36.63,33.31,26.75,48.69,41.14,,TARGET_36,"36.63,33.31,26.75,48.69,41.14,TARGET_36"
2026-05-13T14:20:52,1571.91,36.63,33.31,26.75,42.28,41.01,,TARGET_36,"36.63,33.31,26.75,42.28,41.01,TARGET_36"
2026-05-13T14:20:53,1573.19,36.63,33.31,26.75,44.51,40.91,,TARGET_36,"36.63,33.31,26.75,44.51,40.91,TARGET_36"
2026-05-13T14:20:54,1574.48,36.63,33.31,26.75,47.2,40.84,,TARGET_36,"36.63,33.31,26.75,47.20,40.84,TARGET_36"
2026-05-13T14:20:55,1575.77,36.63,33.31,26.75,52.48,40.79,,TARGET_36,"36.63,33.31,26.75,52.48,40.79,TARGET_36"
2026-05-13T14:20:57,1577.05,36.63,33.31,26.75,58.79,40.75,,TARGET_36,"36.63,33.31,26.75,58.79,40.75,TARGET_36"
2026-05-13T14:20:58,1578.34,36.63,33.31,26.75,60.72,40.72,,TARGET_36,"36.63,33.31,26.75,60.72,40.72,TARGET_36"
2026-05-13T14:20:59,1579.62,36.69,33.31,26.75,43.49,41.08,,TARGET_36,"36.69,33.31,26.75,43.49,41.08,TARGET_36"
2026-05-13T14:21:01,1580.91,36.69,33.31,26.75,53.39,41.36,,TARGET_36,"36.69,33.31,26.75,53.39,41.36,TARGET_36"
2026-05-13T14:21:02,1582.19,36.63,33.31,26.75,53.16,41.18,,TARGET_36,"36.63,33.31,26.75,53.16,41.18,TARGET_36"
2026-05-13T14:21:03,1583.48,36.63,33.31,26.75,58.46,41.04,,TARGET_36,"36.63,33.31,26.75,58.46,41.04,TARGET_36"
2026-05-13T14:21:04,1584.77,36.63,33.31,26.69,39.59,40.94,,TARGET_36,"36.63,33.31,26.69,39.59,40.94,TARGET_36"
2026-05-13T14:21:06,1586.05,36.63,33.31,26.69,47.03,40.86,,TARGET_36,"36.63,33.31,26.69,47.03,40.86,TARGET_36"
2026-05-13T14:21:07,1587.34,36.63,33.31,26.69,44.61,40.8,,TARGET_36,"36.63,33.31,26.69,44.61,40.80,TARGET_36"
2026-05-13T14:21:08,1588.62,36.63,33.25,26.69,50.85,40.76,,TARGET_36,"36.63,33.25,26.69,50.85,40.76,TARGET_36"
2026-05-13T14:21:10,1589.91,36.63,33.25,26.75,46.14,40.72,,TARGET_36,"36.63,33.25,26.75,46.14,40.72,TARGET_36"
2026-05-13T14:21:11,1591.2,36.63,33.25,26.69,47.26,40.7,,TARGET_36,"36.63,33.25,26.69,47.26,40.70,TARGET_36"
2026-05-13T14:21:12,1592.48,36.63,33.25,26.69,57.3,40.68,,TARGET_36,"36.63,33.25,26.69,57.30,40.68,TARGET_36"
2026-05-13T14:21:13,1593.77,36.63,33.25,26.69,53.52,40.67,,TARGET_36,"36.63,33.25,26.69,53.52,40.67,TARGET_36"
2026-05-13T14:21:15,1595.05,36.63,33.25,26.69,52.01,40.66,,TARGET_36,"36.63,33.25,26.69,52.01,40.66,TARGET_36"
2026-05-13T14:21:16,1596.34,36.63,33.25,26.69,57.4,40.65,,TARGET_36,"36.63,33.25,26.69,57.40,40.65,TARGET_36"
2026-05-13T14:21:17,1597.63,36.63,33.25,26.69,56.56,40.64,,TARGET_36,"36.63,33.25,26.69,56.56,40.64,TARGET_36"
2026-05-13T14:21:19,1598.91,36.63,33.25,26.69,54.42,40.64,,TARGET_36,"36.63,33.25,26.69,54.42,40.64,TARGET_36"
2026-05-13T14:21:20,1600.2,36.69,33.25,26.69,58.97,41.03,,TARGET_36,"36.69,33.25,26.69,58.97,41.03,TARGET_36"
2026-05-13T14:21:21,1601.48,36.63,33.25,26.69,37.39,40.93,,TARGET_36,"36.63,33.25,26.69,37.39,40.93,TARGET_36"
2026-05-13T14:21:22,1602.77,36.63,33.25,26.69,43.16,40.85,,TARGET_36,"36.63,33.25,26.69,43.16,40.85,TARGET_36"
2026-05-13T14:21:24,1604.06,36.63,33.25,26.69,45.46,40.79,,TARGET_36,"36.63,33.25,26.69,45.46,40.79,TARGET_36"
2026-05-13T14:21:25,1605.34,36.69,33.25,26.69,48.18,41.14,,TARGET_36,"36.69,33.25,26.69,48.18,41.14,TARGET_36"
2026-05-13T14:21:26,1606.63,36.63,33.25,26.69,53.47,41.01,,TARGET_36,"36.63,33.25,26.69,53.47,41.01,TARGET_36"
2026-05-13T14:21:28,1607.91,36.63,33.25,26.69,50.79,40.92,,TARGET_36,"36.63,33.25,26.69,50.79,40.92,TARGET_36"
2026-05-13T14:21:29,1609.2,36.63,33.25,26.69,53.32,40.84,,TARGET_36,"36.63,33.25,26.69,53.32,40.84,TARGET_36"
2026-05-13T14:21:30,1610.49,36.69,33.25,26.69,62.13,41.18,,TARGET_36,"36.69,33.25,26.69,62.13,41.18,TARGET_36"
2026-05-13T14:21:31,1611.77,36.69,33.25,26.69,54.85,41.43,,TARGET_36,"36.69,33.25,26.69,54.85,41.43,TARGET_36"
2026-05-13T14:21:33,1613.06,36.63,33.25,26.69,58.54,41.23,,TARGET_36,"36.63,33.25,26.69,58.54,41.23,TARGET_36"
2026-05-13T14:21:34,1614.34,36.63,33.25,26.69,56.42,41.08,,TARGET_36,"36.63,33.25,26.69,56.42,41.08,TARGET_36"
2026-05-13T14:21:35,1615.63,36.63,33.19,26.69,55.57,40.97,,TARGET_36,"36.63,33.19,26.69,55.57,40.97,TARGET_36"
2026-05-13T14:21:37,1616.92,36.63,33.19,26.69,55.23,40.88,,TARGET_36,"36.63,33.19,26.69,55.23,40.88,TARGET_36"
2026-05-13T14:21:38,1618.2,36.63,33.25,26.69,59.29,40.82,,TARGET_36,"36.63,33.25,26.69,59.29,40.82,TARGET_36"
2026-05-13T14:21:39,1619.49,36.63,33.19,26.69,60.32,40.77,,TARGET_36,"36.63,33.19,26.69,60.32,40.77,TARGET_36"
2026-05-13T14:21:40,1620.77,36.63,33.19,26.69,52.93,40.73,,TARGET_36,"36.63,33.19,26.69,52.93,40.73,TARGET_36"
2026-05-13T14:21:42,1622.06,36.63,33.19,26.69,49.97,40.71,,TARGET_36,"36.63,33.19,26.69,49.97,40.71,TARGET_36"
2026-05-13T14:21:43,1623.35,36.63,33.19,26.69,55.99,40.69,,TARGET_36,"36.63,33.19,26.69,55.99,40.69,TARGET_36"
2026-05-13T14:21:44,1624.63,36.63,33.19,26.69,60.2,40.67,,TARGET_36,"36.63,33.19,26.69,60.20,40.67,TARGET_36"
2026-05-13T14:21:46,1625.92,36.63,33.19,26.69,56.48,40.66,,TARGET_36,"36.63,33.19,26.69,56.48,40.66,TARGET_36"
2026-05-13T14:21:47,1627.2,36.63,33.13,26.69,57.99,40.65,,TARGET_36,"36.63,33.13,26.69,57.99,40.65,TARGET_36"
2026-05-13T14:21:48,1628.49,36.63,33.19,26.69,57.4,40.64,,TARGET_36,"36.63,33.19,26.69,57.40,40.64,TARGET_36"
2026-05-13T14:21:49,1629.78,36.63,33.19,26.69,54.76,40.64,,TARGET_36,"36.63,33.19,26.69,54.76,40.64,TARGET_36"
2026-05-13T14:21:51,1631.06,36.63,33.19,26.69,59.1,40.64,,TARGET_36,"36.63,33.19,26.69,59.10,40.64,TARGET_36"
2026-05-13T14:21:52,1632.35,36.69,33.19,26.69,57.84,41.02,,TARGET_36,"36.69,33.19,26.69,57.84,41.02,TARGET_36"
2026-05-13T14:21:53,1633.63,36.63,33.13,26.69,55.54,40.92,,TARGET_36,"36.63,33.13,26.69,55.54,40.92,TARGET_36"
2026-05-13T14:21:55,1634.92,36.63,33.19,26.69,58.81,40.85,,TARGET_36,"36.63,33.19,26.69,58.81,40.85,TARGET_36"
2026-05-13T14:21:56,1636.21,36.69,33.19,26.69,54.73,41.18,,TARGET_36,"36.69,33.19,26.69,54.73,41.18,TARGET_36"
2026-05-13T14:21:57,1637.49,36.63,33.13,26.69,57.29,41.04,,TARGET_36,"36.63,33.13,26.69,57.29,41.04,TARGET_36"
2026-05-13T14:21:58,1638.78,36.63,33.13,26.69,57.72,40.94,,TARGET_36,"36.63,33.13,26.69,57.72,40.94,TARGET_36"
2026-05-13T14:22:00,1640.06,36.63,33.13,26.69,42.89,40.86,,TARGET_36,"36.63,33.13,26.69,42.89,40.86,TARGET_36"
2026-05-13T14:22:01,1641.35,36.63,33.13,26.69,36.35,40.8,,TARGET_36,"36.63,33.13,26.69,36.35,40.80,TARGET_36"
2026-05-13T14:22:02,1642.63,36.63,33.13,26.69,43.94,40.76,,TARGET_36,"36.63,33.13,26.69,43.94,40.76,TARGET_36"
2026-05-13T14:22:04,1643.92,36.69,33.13,26.69,46.98,41.12,,TARGET_36,"36.69,33.13,26.69,46.98,41.12,TARGET_36"
2026-05-13T14:22:05,1645.21,36.69,33.13,26.69,51.19,41.38,,TARGET_36,"36.69,33.13,26.69,51.19,41.38,TARGET_36"
2026-05-13T14:22:06,1646.49,36.69,33.13,26.69,53.48,41.58,,TARGET_36,"36.69,33.13,26.69,53.48,41.58,TARGET_36"
2026-05-13T14:22:07,1647.78,36.63,33.13,26.69,36.99,41.34,,TARGET_36,"36.63,33.13,26.69,36.99,41.34,TARGET_36"
2026-05-13T14:22:09,1649.06,36.63,33.13,26.69,44.2,41.16,,TARGET_36,"36.63,33.13,26.69,44.20,41.16,TARGET_36"
2026-05-13T14:22:10,1650.35,36.63,33.13,26.69,45.28,41.03,,TARGET_36,"36.63,33.13,26.69,45.28,41.03,TARGET_36"
2026-05-13T14:22:11,1651.64,36.63,33.13,26.69,39.11,40.93,,TARGET_36,"36.63,33.13,26.69,39.11,40.93,TARGET_36"
2026-05-13T14:22:13,1652.92,36.69,33.13,26.69,51.64,41.24,,TARGET_36,"36.69,33.13,26.69,51.64,41.24,TARGET_36"
2026-05-13T14:22:14,1654.21,36.69,33.13,26.69,56.66,41.48,,TARGET_36,"36.69,33.13,26.69,56.66,41.48,TARGET_36"
2026-05-13T14:22:15,1655.49,36.69,33.13,26.69,59.26,41.66,,TARGET_36,"36.69,33.13,26.69,59.26,41.66,TARGET_36"
2026-05-13T14:22:16,1656.78,36.69,33.13,26.69,59.11,41.79,,TARGET_36,"36.69,33.13,26.69,59.11,41.79,TARGET_36"
2026-05-13T14:22:18,1658.07,36.69,33.13,26.69,59.64,41.89,,TARGET_36,"36.69,33.13,26.69,59.64,41.89,TARGET_36"
2026-05-13T14:22:19,1659.35,36.63,33.13,26.69,57.46,41.57,,TARGET_36,"36.63,33.13,26.69,57.46,41.57,TARGET_36"
2026-05-13T14:22:20,1660.64,36.69,33.13,26.69,57.78,41.73,,TARGET_36,"36.69,33.13,26.69,57.78,41.73,TARGET_36"
2026-05-13T14:22:22,1661.92,36.63,33.13,26.69,53.71,41.45,,TARGET_36,"36.63,33.13,26.69,53.71,41.45,TARGET_36"
2026-05-13T14:22:23,1663.21,36.63,33.13,26.69,58.69,41.24,,TARGET_36,"36.63,33.13,26.69,58.69,41.24,TARGET_36"
2026-05-13T14:22:24,1664.5,36.69,33.13,26.69,48.67,41.48,,TARGET_36,"36.69,33.13,26.69,48.67,41.48,TARGET_36"
2026-05-13T14:22:25,1665.78,36.69,33.13,26.69,56.67,41.66,,TARGET_36,"36.69,33.13,26.69,56.67,41.66,TARGET_36"
2026-05-13T14:22:27,1667.07,36.69,33.13,26.69,49.07,41.79,,TARGET_36,"36.69,33.13,26.69,49.07,41.79,TARGET_36"
2026-05-13T14:22:28,1668.35,36.69,33.13,26.69,55.03,41.89,,TARGET_36,"36.69,33.13,26.69,55.03,41.89,TARGET_36"
2026-05-13T14:22:29,1669.64,36.69,33.13,26.69,60.41,41.96,,TARGET_36,"36.69,33.13,26.69,60.41,41.96,TARGET_36"
2026-05-13T14:22:31,1670.92,36.69,33.13,26.69,54.76,42.02,,TARGET_36,"36.69,33.13,26.69,54.76,42.02,TARGET_36"
2026-05-13T14:22:32,1672.21,36.63,33.13,26.69,57.91,41.67,,TARGET_36,"36.63,33.13,26.69,57.91,41.67,TARGET_36"
2026-05-13T14:22:33,1673.5,36.69,33.13,26.69,56.76,41.8,,TARGET_36,"36.69,33.13,26.69,56.76,41.80,TARGET_36"
2026-05-13T14:22:34,1674.78,36.63,33.13,26.69,57.5,41.51,,TARGET_36,"36.63,33.13,26.69,57.50,41.51,TARGET_36"
2026-05-13T14:22:36,1676.07,36.69,33.13,26.69,46.4,41.68,,TARGET_36,"36.69,33.13,26.69,46.40,41.68,TARGET_36"
2026-05-13T14:22:37,1677.35,36.69,33.13,26.69,41.96,41.8,,TARGET_36,"36.69,33.13,26.69,41.96,41.80,TARGET_36"
2026-05-13T14:22:38,1678.64,36.63,33.13,26.69,50.98,41.51,,TARGET_36,"36.63,33.13,26.69,50.98,41.51,TARGET_36"
2026-05-13T14:22:40,1679.93,36.63,33.13,26.69,50.99,41.29,,TARGET_36,"36.63,33.13,26.69,50.99,41.29,TARGET_36"
2026-05-13T14:22:41,1681.21,36.69,33.13,26.69,57.0,41.51,,TARGET_36,"36.69,33.13,26.69,57.00,41.51,TARGET_36"
2026-05-13T14:22:42,1682.5,36.69,33.13,26.69,60.0,41.68,,TARGET_36,"36.69,33.13,26.69,60.00,41.68,TARGET_36"
2026-05-13T14:22:43,1683.78,36.69,33.13,26.69,60.6,41.81,,TARGET_36,"36.69,33.13,26.69,60.60,41.81,TARGET_36"
2026-05-13T14:22:45,1685.07,36.69,33.06,26.69,48.84,41.9,,TARGET_36,"36.69,33.06,26.69,48.84,41.90,TARGET_36"
2026-05-13T14:22:46,1686.36,36.69,33.13,26.69,42.34,41.97,,TARGET_36,"36.69,33.13,26.69,42.34,41.97,TARGET_36"
2026-05-13T14:22:47,1687.64,36.63,33.13,26.69,52.33,41.64,,TARGET_36,"36.63,33.13,26.69,52.33,41.64,TARGET_36"
2026-05-13T14:22:49,1688.93,36.69,33.06,26.69,49.13,41.77,,TARGET_36,"36.69,33.06,26.69,49.13,41.77,TARGET_36"
2026-05-13T14:22:50,1690.22,36.69,33.13,26.69,48.45,41.88,,TARGET_36,"36.69,33.13,26.69,48.45,41.88,TARGET_36"
2026-05-13T14:22:51,1691.5,36.69,33.06,26.69,57.18,41.96,,TARGET_36,"36.69,33.06,26.69,57.18,41.96,TARGET_36"
2026-05-13T14:22:52,1692.79,36.69,33.13,26.69,51.67,42.01,,TARGET_36,"36.69,33.13,26.69,51.67,42.01,TARGET_36"
2026-05-13T14:22:54,1694.07,36.69,33.06,26.69,58.47,42.06,,TARGET_36,"36.69,33.06,26.69,58.47,42.06,TARGET_36"
2026-05-13T14:22:55,1695.36,36.69,33.06,26.69,47.99,42.09,,TARGET_36,"36.69,33.06,26.69,47.99,42.09,TARGET_36"
2026-05-13T14:22:56,1696.64,36.69,33.06,26.69,33.6,42.11,,TARGET_36,"36.69,33.06,26.69,33.60,42.11,TARGET_36"
2026-05-13T14:22:58,1697.93,36.63,33.06,26.69,48.24,41.74,,TARGET_36,"36.63,33.06,26.69,48.24,41.74,TARGET_36"
2026-05-13T14:22:59,1699.22,36.63,33.06,26.69,54.7,41.46,,TARGET_36,"36.63,33.06,26.69,54.70,41.46,TARGET_36"
2026-05-13T14:23:00,1700.5,36.69,33.06,26.69,51.28,41.64,,TARGET_36,"36.69,33.06,26.69,51.28,41.64,TARGET_36"
2026-05-13T14:23:01,1701.79,36.69,33.06,26.69,55.31,41.78,,TARGET_36,"36.69,33.06,26.69,55.31,41.78,TARGET_36"
2026-05-13T14:23:03,1703.07,36.69,33.06,26.69,57.52,41.88,,TARGET_36,"36.69,33.06,26.69,57.52,41.88,TARGET_36"
2026-05-13T14:23:04,1704.36,36.69,33.13,26.69,46.41,41.96,,TARGET_36,"36.69,33.13,26.69,46.41,41.96,TARGET_36"
2026-05-13T14:23:05,1705.65,36.69,33.06,26.69,55.16,42.02,,TARGET_36,"36.69,33.06,26.69,55.16,42.02,TARGET_36"
2026-05-13T14:23:07,1706.93,36.63,33.06,26.69,59.27,41.67,,TARGET_36,"36.63,33.06,26.69,59.27,41.67,TARGET_36"
2026-05-13T14:23:08,1708.22,36.69,33.06,26.69,53.11,41.8,,TARGET_36,"36.69,33.06,26.69,53.11,41.80,TARGET_36"
2026-05-13T14:23:09,1709.5,36.63,33.06,26.69,52.44,41.5,,TARGET_36,"36.63,33.06,26.69,52.44,41.50,TARGET_36"
2026-05-13T14:23:10,1710.79,36.69,33.06,26.69,54.58,41.68,,TARGET_36,"36.69,33.06,26.69,54.58,41.68,TARGET_36"
2026-05-13T14:23:12,1712.08,36.69,33.06,26.69,54.83,41.8,,TARGET_36,"36.69,33.06,26.69,54.83,41.80,TARGET_36"
2026-05-13T14:23:13,1713.36,36.63,33.06,26.69,45.93,41.51,,TARGET_36,"36.63,33.06,26.69,45.93,41.51,TARGET_36"
2026-05-13T14:23:14,1714.65,36.69,33.06,26.69,53.77,41.68,,TARGET_36,"36.69,33.06,26.69,53.77,41.68,TARGET_36"
2026-05-13T14:23:16,1715.93,36.63,33.06,26.69,48.51,41.42,,TARGET_36,"36.63,33.06,26.69,48.51,41.42,TARGET_36"
2026-05-13T14:23:17,1717.22,36.63,33.06,26.69,56.6,41.22,,TARGET_36,"36.63,33.06,26.69,56.60,41.22,TARGET_36"
2026-05-13T14:23:18,1718.51,36.69,33.06,26.69,38.24,41.46,,TARGET_36,"36.69,33.06,26.69,38.24,41.46,TARGET_36"
2026-05-13T14:23:19,1719.79,36.63,33.06,26.69,51.9,41.25,,TARGET_36,"36.63,33.06,26.69,51.90,41.25,TARGET_36"
2026-05-13T14:23:21,1721.08,36.63,33.06,26.69,49.56,41.09,,TARGET_36,"36.63,33.06,26.69,49.56,41.09,TARGET_36"
2026-05-13T14:23:22,1722.36,36.63,33.06,26.69,57.02,40.98,,TARGET_36,"36.63,33.06,26.69,57.02,40.98,TARGET_36"
2026-05-13T14:23:23,1723.65,36.63,33.06,26.69,49.21,40.89,,TARGET_36,"36.63,33.06,26.69,49.21,40.89,TARGET_36"
2026-05-13T14:23:25,1724.94,36.63,33.06,26.69,56.28,40.82,,TARGET_36,"36.63,33.06,26.69,56.28,40.82,TARGET_36"
2026-05-13T14:23:26,1726.22,36.63,33.06,26.69,53.71,40.77,,TARGET_36,"36.63,33.06,26.69,53.71,40.77,TARGET_36"
2026-05-13T14:23:27,1727.51,36.63,33.06,26.69,52.69,40.74,,TARGET_36,"36.63,33.06,26.69,52.69,40.74,TARGET_36"
2026-05-13T14:23:28,1728.79,36.63,33.06,26.69,45.07,40.71,,TARGET_36,"36.63,33.06,26.69,45.07,40.71,TARGET_36"
2026-05-13T14:23:30,1730.08,36.63,33.06,26.69,45.63,40.69,,TARGET_36,"36.63,33.06,26.69,45.63,40.69,TARGET_36"
2026-05-13T14:23:31,1731.37,36.63,33.06,26.69,41.65,40.67,,TARGET_36,"36.63,33.06,26.69,41.65,40.67,TARGET_36"
2026-05-13T14:23:32,1732.65,36.63,33.06,26.69,26.86,40.66,,TARGET_36,"36.63,33.06,26.69,26.86,40.66,TARGET_36"
2026-05-13T14:23:34,1733.94,36.63,33.06,26.69,40.14,40.65,,TARGET_36,"36.63,33.06,26.69,40.14,40.65,TARGET_36"
2026-05-13T14:23:35,1735.22,36.63,33.06,26.69,44.86,40.64,,TARGET_36,"36.63,33.06,26.69,44.86,40.64,TARGET_36"
2026-05-13T14:23:36,1736.51,36.63,33.06,26.69,53.94,40.64,,TARGET_36,"36.63,33.06,26.69,53.94,40.64,TARGET_36"
2026-05-13T14:23:37,1737.8,36.63,33.06,26.69,54.58,40.64,,TARGET_36,"36.63,33.06,26.69,54.58,40.64,TARGET_36"
2026-05-13T14:23:39,1739.08,36.63,33.06,26.69,53.03,40.63,,TARGET_36,"36.63,33.06,26.69,53.03,40.63,TARGET_36"
2026-05-13T14:23:40,1740.37,36.63,33.06,26.69,56.61,40.63,,TARGET_36,"36.63,33.06,26.69,56.61,40.63,TARGET_36"
2026-05-13T14:23:41,1741.65,36.63,33.06,26.69,53.84,40.63,,TARGET_36,"36.63,33.06,26.69,53.84,40.63,TARGET_36"
2026-05-13T14:23:43,1742.94,36.63,33.06,26.69,40.14,40.63,,TARGET_36,"36.63,33.06,26.69,40.14,40.63,TARGET_36"
2026-05-13T14:23:44,1744.23,36.63,33.06,26.69,38.26,40.63,,TARGET_36,"36.63,33.06,26.69,38.26,40.63,TARGET_36"
2026-05-13T14:23:45,1745.51,36.63,33.06,26.69,50.7,40.63,,TARGET_36,"36.63,33.06,26.69,50.70,40.63,TARGET_36"
2026-05-13T14:23:46,1746.8,36.63,33.06,26.69,56.28,40.63,,TARGET_36,"36.63,33.06,26.69,56.28,40.63,TARGET_36"
2026-05-13T14:23:48,1748.08,36.63,33.06,26.69,55.51,40.63,,TARGET_36,"36.63,33.06,26.69,55.51,40.63,TARGET_36"
2026-05-13T14:23:49,1749.37,36.69,33.0,26.69,57.0,41.02,,TARGET_36,"36.69,33.00,26.69,57.00,41.02,TARGET_36"
2026-05-13T14:23:50,1750.65,36.63,33.06,26.69,53.4,40.92,,TARGET_36,"36.63,33.06,26.69,53.40,40.92,TARGET_36"
2026-05-13T14:23:52,1751.94,36.63,33.06,26.69,50.76,40.85,,TARGET_36,"36.63,33.06,26.69,50.76,40.85,TARGET_36"
2026-05-13T14:23:53,1753.23,36.63,33.06,26.69,43.7,40.79,,TARGET_36,"36.63,33.06,26.69,43.70,40.79,TARGET_36"
2026-05-13T14:23:54,1754.51,36.63,33.0,26.69,48.68,40.75,,TARGET_36,"36.63,33.00,26.69,48.68,40.75,TARGET_36"
2026-05-13T14:23:55,1755.8,36.63,33.0,26.69,56.67,40.72,,TARGET_36,"36.63,33.00,26.69,56.67,40.72,TARGET_36"
2026-05-13T14:23:57,1757.08,36.63,33.06,26.69,43.67,40.69,,TARGET_36,"36.63,33.06,26.69,43.67,40.69,TARGET_36"
2026-05-13T14:23:58,1758.37,36.63,33.06,26.69,53.47,40.68,,TARGET_36,"36.63,33.06,26.69,53.47,40.68,TARGET_36"
2026-05-13T14:23:59,1759.66,36.63,33.0,26.69,55.59,40.66,,TARGET_36,"36.63,33.00,26.69,55.59,40.66,TARGET_36"
2026-05-13T14:24:01,1760.94,36.63,33.0,26.62,54.63,40.65,,TARGET_36,"36.63,33.00,26.62,54.63,40.65,TARGET_36"
2026-05-13T14:24:02,1762.23,36.63,33.0,26.69,57.85,40.65,,TARGET_36,"36.63,33.00,26.69,57.85,40.65,TARGET_36"
2026-05-13T14:24:03,1763.51,36.63,33.06,26.69,53.14,40.64,,TARGET_36,"36.63,33.06,26.69,53.14,40.64,TARGET_36"
2026-05-13T14:24:04,1764.8,36.63,33.0,26.69,57.86,40.64,,TARGET_36,"36.63,33.00,26.69,57.86,40.64,TARGET_36"
2026-05-13T14:24:06,1766.09,36.63,33.0,26.69,59.74,40.63,,TARGET_36,"36.63,33.00,26.69,59.74,40.63,TARGET_36"
2026-05-13T14:24:07,1767.37,36.63,33.06,26.69,43.7,40.63,,TARGET_36,"36.63,33.06,26.69,43.70,40.63,TARGET_36"
2026-05-13T14:24:08,1768.66,36.69,33.0,26.69,46.88,41.02,,TARGET_36,"36.69,33.00,26.69,46.88,41.02,TARGET_36"
2026-05-13T14:24:10,1769.94,36.69,33.06,26.69,45.15,41.31,,TARGET_36,"36.69,33.06,26.69,45.15,41.31,TARGET_36"
2026-05-13T14:24:11,1771.23,36.63,33.06,26.62,42.66,41.14,,TARGET_36,"36.63,33.06,26.62,42.66,41.14,TARGET_36"
2026-05-13T14:24:12,1772.52,36.69,33.0,26.62,47.66,41.4,,TARGET_36,"36.69,33.00,26.62,47.66,41.40,TARGET_36"
2026-05-13T14:24:13,1773.8,36.69,33.06,26.69,56.27,41.6,,TARGET_36,"36.69,33.06,26.69,56.27,41.60,TARGET_36"
2026-05-13T14:24:15,1775.09,36.69,33.0,26.62,49.51,41.75,,TARGET_36,"36.69,33.00,26.62,49.51,41.75,TARGET_36"
2026-05-13T14:24:16,1776.37,36.69,33.06,26.69,53.4,41.86,,TARGET_36,"36.69,33.06,26.69,53.40,41.86,TARGET_36"
2026-05-13T14:24:17,1777.66,36.69,33.0,26.69,46.56,41.94,,TARGET_36,"36.69,33.00,26.69,46.56,41.94,TARGET_36"
2026-05-13T14:24:19,1778.95,36.69,33.0,26.69,43.22,42.0,,TARGET_36,"36.69,33.00,26.69,43.22,42.00,TARGET_36"
2026-05-13T14:24:20,1780.23,36.69,33.0,26.62,53.89,42.05,,TARGET_36,"36.69,33.00,26.62,53.89,42.05,TARGET_36"
2026-05-13T14:24:21,1781.52,36.69,33.0,26.69,42.56,42.08,,TARGET_36,"36.69,33.00,26.69,42.56,42.08,TARGET_36"
2026-05-13T14:24:22,1782.8,36.69,33.0,26.62,53.02,42.11,,TARGET_36,"36.69,33.00,26.62,53.02,42.11,TARGET_36"
2026-05-13T14:24:24,1784.09,36.69,33.0,26.62,57.81,42.13,,TARGET_36,"36.69,33.00,26.62,57.81,42.13,TARGET_36"
2026-05-13T14:24:25,1785.38,36.69,33.0,26.62,59.72,42.14,,TARGET_36,"36.69,33.00,26.62,59.72,42.14,TARGET_36"
2026-05-13T14:24:26,1786.66,36.69,33.0,26.62,58.09,42.15,,TARGET_36,"36.69,33.00,26.62,58.09,42.15,TARGET_36"
2026-05-13T14:24:28,1787.95,36.69,33.06,26.69,53.24,42.16,,TARGET_36,"36.69,33.06,26.69,53.24,42.16,TARGET_36"
2026-05-13T14:24:29,1789.23,36.69,33.0,26.69,56.09,42.17,,TARGET_36,"36.69,33.00,26.69,56.09,42.17,TARGET_36"
2026-05-13T14:24:30,1790.52,36.69,33.0,26.69,53.04,42.17,,TARGET_36,"36.69,33.00,26.69,53.04,42.17,TARGET_36"
2026-05-13T14:24:31,1791.81,36.69,33.0,26.69,51.22,42.18,,TARGET_36,"36.69,33.00,26.69,51.22,42.18,TARGET_36"
2026-05-13T14:24:33,1793.09,36.69,33.0,26.69,57.09,42.18,,TARGET_36,"36.69,33.00,26.69,57.09,42.18,TARGET_36"
2026-05-13T14:24:34,1794.38,36.69,33.0,26.62,48.63,42.18,,TARGET_36,"36.69,33.00,26.62,48.63,42.18,TARGET_36"
2026-05-13T14:24:35,1795.66,36.69,33.0,26.62,57.85,42.18,,TARGET_36,"36.69,33.00,26.62,57.85,42.18,TARGET_36"
2026-05-13T14:24:37,1796.95,36.69,33.0,26.69,58.54,42.18,,TARGET_36,"36.69,33.00,26.69,58.54,42.18,TARGET_36"
2026-05-13T14:24:38,1798.24,36.69,33.0,26.69,58.82,42.19,,TARGET_36,"36.69,33.00,26.69,58.82,42.19,TARGET_36"
2026-05-13T14:24:39,1799.52,36.69,33.06,26.69,56.53,42.19,,TARGET_36,"36.69,33.06,26.69,56.53,42.19,TARGET_36"
2026-05-13T14:24:40,1800.81,36.69,33.0,26.69,57.41,42.19,,TARGET_36,"36.69,33.00,26.69,57.41,42.19,TARGET_36"
2026-05-13T14:24:42,1802.09,36.69,33.0,26.69,58.96,42.19,,TARGET_36,"36.69,33.00,26.69,58.96,42.19,TARGET_36"
2026-05-13T14:24:43,1803.38,36.69,33.06,26.69,57.79,42.19,,TARGET_36,"36.69,33.06,26.69,57.79,42.19,TARGET_36"
2026-05-13T14:24:44,1804.66,36.69,33.06,26.69,58.51,42.19,,TARGET_36,"36.69,33.06,26.69,58.51,42.19,TARGET_36"
2026-05-13T14:24:46,1805.95,36.69,33.06,26.69,57.61,42.19,,TARGET_36,"36.69,33.06,26.69,57.61,42.19,TARGET_36"
2026-05-13T14:24:47,1807.24,36.69,33.0,26.69,59.04,42.19,,TARGET_36,"36.69,33.00,26.69,59.04,42.19,TARGET_36"
2026-05-13T14:24:48,1808.52,36.69,33.0,26.69,57.22,42.19,,TARGET_36,"36.69,33.00,26.69,57.22,42.19,TARGET_36"
2026-05-13T14:24:49,1809.81,36.69,33.0,26.69,60.09,42.19,,TARGET_36,"36.69,33.00,26.69,60.09,42.19,TARGET_36"
2026-05-13T14:24:51,1811.09,36.69,33.0,26.69,51.63,42.19,,TARGET_36,"36.69,33.00,26.69,51.63,42.19,TARGET_36"
2026-05-13T14:24:52,1812.38,36.69,33.06,26.69,56.65,42.19,,TARGET_36,"36.69,33.06,26.69,56.65,42.19,TARGET_36"
2026-05-13T14:24:53,1813.67,36.69,33.0,26.69,41.26,42.19,,TARGET_36,"36.69,33.00,26.69,41.26,42.19,TARGET_36"
2026-05-13T14:24:55,1814.95,36.69,33.0,26.69,46.5,42.19,,TARGET_36,"36.69,33.00,26.69,46.50,42.19,TARGET_36"
2026-05-13T14:24:56,1816.24,36.69,33.06,26.69,49.2,42.19,,TARGET_36,"36.69,33.06,26.69,49.20,42.19,TARGET_36"
2026-05-13T14:24:57,1817.52,36.69,33.0,26.62,56.88,42.19,,TARGET_36,"36.69,33.00,26.62,56.88,42.19,TARGET_36"
2026-05-13T14:24:58,1818.81,36.69,33.0,26.69,45.55,42.19,,TARGET_36,"36.69,33.00,26.69,45.55,42.19,TARGET_36"
2026-05-13T14:25:00,1820.1,36.69,33.06,26.69,35.62,42.19,,TARGET_36,"36.69,33.06,26.69,35.62,42.19,TARGET_36"
2026-05-13T14:25:01,1821.38,36.69,33.0,26.69,45.45,42.19,,TARGET_36,"36.69,33.00,26.69,45.45,42.19,TARGET_36"
2026-05-13T14:25:02,1822.67,36.69,33.0,26.69,54.78,42.19,,TARGET_36,"36.69,33.00,26.69,54.78,42.19,TARGET_36"
2026-05-13T14:25:04,1823.95,36.69,33.0,26.62,60.31,42.19,,TARGET_36,"36.69,33.00,26.62,60.31,42.19,TARGET_36"
2026-05-13T14:25:05,1825.24,36.69,33.06,26.69,49.92,42.19,,TARGET_36,"36.69,33.06,26.69,49.92,42.19,TARGET_36"
2026-05-13T14:25:06,1826.53,36.69,33.0,26.69,53.57,42.19,,TARGET_36,"36.69,33.00,26.69,53.57,42.19,TARGET_36"
2026-05-13T14:25:07,1827.81,36.69,33.0,26.62,50.83,42.19,,TARGET_36,"36.69,33.00,26.62,50.83,42.19,TARGET_36"
2026-05-13T14:25:09,1829.1,36.69,33.0,26.62,53.93,42.19,,TARGET_36,"36.69,33.00,26.62,53.93,42.19,TARGET_36"
2026-05-13T14:25:10,1830.38,36.69,33.0,26.62,44.97,42.19,,TARGET_36,"36.69,33.00,26.62,44.97,42.19,TARGET_36"
2026-05-13T14:25:11,1831.67,36.69,33.0,26.62,53.99,42.19,,TARGET_36,"36.69,33.00,26.62,53.99,42.19,TARGET_36"
2026-05-13T14:25:13,1832.96,36.69,33.0,26.62,57.6,42.19,,TARGET_36,"36.69,33.00,26.62,57.60,42.19,TARGET_36"
2026-05-13T14:25:14,1834.24,36.69,33.06,26.62,53.64,42.19,,TARGET_36,"36.69,33.06,26.62,53.64,42.19,TARGET_36"
2026-05-13T14:25:15,1835.53,36.69,33.06,26.62,57.46,42.19,,TARGET_36,"36.69,33.06,26.62,57.46,42.19,TARGET_36"
2026-05-13T14:25:16,1836.81,36.69,33.0,26.62,56.58,42.19,,TARGET_36,"36.69,33.00,26.62,56.58,42.19,TARGET_36"
2026-05-13T14:25:18,1838.1,36.69,33.0,26.62,56.23,42.19,,TARGET_36,"36.69,33.00,26.62,56.23,42.19,TARGET_36"
2026-05-13T14:25:19,1839.38,36.69,33.0,26.62,42.89,42.19,,TARGET_36,"36.69,33.00,26.62,42.89,42.19,TARGET_36"
2026-05-13T14:25:20,1840.67,36.69,33.0,26.62,48.36,42.19,,TARGET_36,"36.69,33.00,26.62,48.36,42.19,TARGET_36"
2026-05-13T14:25:22,1841.96,36.69,33.0,26.62,54.74,42.19,,TARGET_36,"36.69,33.00,26.62,54.74,42.19,TARGET_36"
2026-05-13T14:25:23,1843.24,36.69,33.0,26.62,51.9,42.19,,TARGET_36,"36.69,33.00,26.62,51.90,42.19,TARGET_36"
2026-05-13T14:25:24,1844.53,36.69,33.06,26.62,48.96,42.19,,TARGET_36,"36.69,33.06,26.62,48.96,42.19,TARGET_36"
2026-05-13T14:25:25,1845.81,36.69,33.0,26.62,44.18,42.19,,TARGET_36,"36.69,33.00,26.62,44.18,42.19,TARGET_36"
2026-05-13T14:25:27,1847.1,36.69,33.06,26.62,50.67,42.19,,TARGET_36,"36.69,33.06,26.62,50.67,42.19,TARGET_36"
2026-05-13T14:25:28,1848.39,36.69,33.0,26.62,59.27,42.19,,TARGET_36,"36.69,33.00,26.62,59.27,42.19,TARGET_36"
2026-05-13T14:25:29,1849.67,36.69,33.0,26.62,45.91,42.19,,TARGET_36,"36.69,33.00,26.62,45.91,42.19,TARGET_36"
2026-05-13T14:25:31,1850.96,36.69,33.0,26.62,59.16,42.19,,TARGET_36,"36.69,33.00,26.62,59.16,42.19,TARGET_36"
2026-05-13T14:25:32,1852.24,36.69,33.0,26.62,60.27,42.19,,TARGET_36,"36.69,33.00,26.62,60.27,42.19,TARGET_36"
2026-05-13T14:25:33,1853.53,36.69,33.0,26.62,52.31,42.19,,TARGET_36,"36.69,33.00,26.62,52.31,42.19,TARGET_36"
2026-05-13T14:25:34,1854.82,36.69,33.0,26.62,53.92,42.19,,TARGET_36,"36.69,33.00,26.62,53.92,42.19,TARGET_36"
2026-05-13T14:25:36,1856.1,36.69,33.06,26.62,40.77,42.19,,TARGET_36,"36.69,33.06,26.62,40.77,42.19,TARGET_36"
2026-05-13T14:25:37,1857.39,36.69,33.0,26.62,49.91,42.19,,TARGET_36,"36.69,33.00,26.62,49.91,42.19,TARGET_36"
2026-05-13T14:25:38,1858.67,36.69,33.06,26.62,46.36,42.19,,TARGET_36,"36.69,33.06,26.62,46.36,42.19,TARGET_36"
2026-05-13T14:25:40,1859.96,36.69,33.0,26.62,54.55,42.19,,TARGET_36,"36.69,33.00,26.62,54.55,42.19,TARGET_36"
2026-05-13T14:25:41,1861.25,36.69,33.0,26.62,45.82,42.19,,TARGET_36,"36.69,33.00,26.62,45.82,42.19,TARGET_36"
2026-05-13T14:25:42,1862.53,36.69,33.0,26.62,53.73,42.19,,TARGET_36,"36.69,33.00,26.62,53.73,42.19,TARGET_36"
2026-05-13T14:25:43,1863.82,36.69,33.0,26.62,56.29,42.19,,TARGET_36,"36.69,33.00,26.62,56.29,42.19,TARGET_36"
2026-05-13T14:25:45,1865.1,36.69,33.06,26.62,60.32,42.19,,TARGET_36,"36.69,33.06,26.62,60.32,42.19,TARGET_36"
2026-05-13T14:25:46,1866.39,36.69,33.06,26.62,43.93,42.19,,TARGET_36,"36.69,33.06,26.62,43.93,42.19,TARGET_36"
2026-05-13T14:25:47,1867.68,36.69,33.06,26.62,51.17,42.19,,TARGET_36,"36.69,33.06,26.62,51.17,42.19,TARGET_36"
2026-05-13T14:25:49,1868.96,36.69,33.06,26.62,34.27,42.19,,TARGET_36,"36.69,33.06,26.62,34.27,42.19,TARGET_36"
2026-05-13T14:25:50,1870.25,36.69,33.06,26.56,46.71,42.19,,TARGET_36,"36.69,33.06,26.56,46.71,42.19,TARGET_36"
2026-05-13T14:25:51,1871.53,36.69,33.06,26.62,55.88,42.19,,TARGET_36,"36.69,33.06,26.62,55.88,42.19,TARGET_36"
2026-05-13T14:25:52,1872.82,36.69,33.06,26.62,49.95,42.19,,TARGET_36,"36.69,33.06,26.62,49.95,42.19,TARGET_36"
2026-05-13T14:25:54,1874.11,36.69,33.0,26.62,56.58,42.19,,TARGET_36,"36.69,33.00,26.62,56.58,42.19,TARGET_36"
2026-05-13T14:25:55,1875.39,36.69,33.06,26.62,53.83,42.19,,TARGET_36,"36.69,33.06,26.62,53.83,42.19,TARGET_36"
2026-05-13T14:25:56,1876.68,36.69,33.0,26.62,40.13,42.19,,TARGET_36,"36.69,33.00,26.62,40.13,42.19,TARGET_36"
2026-05-13T14:25:58,1877.96,36.69,33.0,26.62,37.65,42.19,,TARGET_36,"36.69,33.00,26.62,37.65,42.19,TARGET_36"
2026-05-13T14:25:59,1879.25,36.69,33.0,26.62,52.86,42.19,,TARGET_36,"36.69,33.00,26.62,52.86,42.19,TARGET_36"
2026-05-13T14:26:00,1880.53,36.69,33.0,26.62,58.34,42.19,,TARGET_36,"36.69,33.00,26.62,58.34,42.19,TARGET_36"
2026-05-13T14:26:01,1881.82,36.63,33.06,26.62,59.94,41.8,,TARGET_36,"36.63,33.06,26.62,59.94,41.80,TARGET_36"
2026-05-13T14:26:03,1883.11,36.69,33.06,26.62,59.98,41.89,,TARGET_36,"36.69,33.06,26.62,59.98,41.89,TARGET_36"
2026-05-13T14:26:04,1884.39,36.69,33.06,26.56,42.59,41.97,,TARGET_36,"36.69,33.06,26.56,42.59,41.97,TARGET_36"
2026-05-13T14:26:05,1885.68,36.69,33.0,26.56,52.44,42.02,,TARGET_36,"36.69,33.00,26.56,52.44,42.02,TARGET_36"
2026-05-13T14:26:07,1886.96,36.69,33.0,26.56,53.97,42.06,,TARGET_36,"36.69,33.00,26.56,53.97,42.06,TARGET_36"
2026-05-13T14:26:08,1888.25,36.69,33.0,26.56,52.79,42.09,,TARGET_36,"36.69,33.00,26.56,52.79,42.09,TARGET_36"
2026-05-13T14:26:09,1889.54,36.69,33.0,26.56,49.32,42.12,,TARGET_36,"36.69,33.00,26.56,49.32,42.12,TARGET_36"
2026-05-13T14:26:10,1890.82,36.63,33.0,26.56,55.13,41.74,,TARGET_36,"36.63,33.00,26.56,55.13,41.74,TARGET_36"
2026-05-13T14:26:12,1892.11,36.69,33.0,26.62,55.05,41.86,,TARGET_36,"36.69,33.00,26.62,55.05,41.86,TARGET_36"
2026-05-13T14:26:13,1893.39,36.69,33.0,26.56,50.82,41.94,,TARGET_36,"36.69,33.00,26.56,50.82,41.94,TARGET_36"
2026-05-13T14:26:14,1894.68,36.69,33.0,26.56,50.93,42.0,,TARGET_36,"36.69,33.00,26.56,50.93,42.00,TARGET_36"
2026-05-13T14:26:16,1895.97,36.69,33.0,26.56,37.17,42.05,,TARGET_36,"36.69,33.00,26.56,37.17,42.05,TARGET_36"
2026-05-13T14:26:17,1897.25,36.63,33.0,26.56,50.27,41.69,,TARGET_36,"36.63,33.00,26.56,50.27,41.69,TARGET_36"
2026-05-13T14:26:18,1898.54,36.63,33.0,26.56,49.51,41.43,,TARGET_36,"36.63,33.00,26.56,49.51,41.43,TARGET_36"
2026-05-13T14:26:19,1899.82,36.69,33.06,26.56,54.6,41.62,,TARGET_36,"36.69,33.06,26.56,54.60,41.62,TARGET_36"
2026-05-13T14:26:21,1901.11,36.69,33.0,26.56,54.24,41.76,,TARGET_36,"36.69,33.00,26.56,54.24,41.76,TARGET_36"
2026-05-13T14:26:22,1902.4,36.63,33.0,26.56,58.9,41.48,,TARGET_36,"36.63,33.00,26.56,58.90,41.48,TARGET_36"
2026-05-13T14:26:23,1903.68,36.63,33.0,26.56,55.36,41.26,,TARGET_36,"36.63,33.00,26.56,55.36,41.26,TARGET_36"
2026-05-13T14:26:25,1904.97,36.63,33.0,26.56,56.34,41.1,,TARGET_36,"36.63,33.00,26.56,56.34,41.10,TARGET_36"
2026-05-13T14:26:26,1906.25,36.69,33.0,26.56,55.54,41.37,,TARGET_36,"36.69,33.00,26.56,55.54,41.37,TARGET_36"
2026-05-13T14:26:27,1907.54,36.69,33.06,26.56,53.41,41.58,,TARGET_36,"36.69,33.06,26.56,53.41,41.58,TARGET_36"
2026-05-13T14:26:28,1908.82,36.63,33.0,26.56,57.37,41.34,,TARGET_36,"36.63,33.00,26.56,57.37,41.34,TARGET_36"
2026-05-13T14:26:30,1910.11,36.69,33.0,26.56,52.35,41.55,,TARGET_36,"36.69,33.00,26.56,52.35,41.55,TARGET_36"
2026-05-13T14:26:31,1911.4,36.63,33.06,26.56,55.14,41.32,,TARGET_36,"36.63,33.06,26.56,55.14,41.32,TARGET_36"
2026-05-13T14:26:32,1912.68,36.69,33.0,26.56,45.46,41.54,,TARGET_36,"36.69,33.00,26.56,45.46,41.54,TARGET_36"
2026-05-13T14:26:34,1913.97,36.69,33.0,26.56,47.58,41.7,,TARGET_36,"36.69,33.00,26.56,47.58,41.70,TARGET_36"
2026-05-13T14:26:35,1915.25,36.63,33.06,26.56,52.03,41.43,,TARGET_36,"36.63,33.06,26.56,52.03,41.43,TARGET_36"
2026-05-13T14:26:36,1916.54,36.69,33.0,26.56,55.01,41.62,,TARGET_36,"36.69,33.00,26.56,55.01,41.62,TARGET_36"
2026-05-13T14:26:37,1917.83,36.69,33.0,26.56,56.21,41.76,,TARGET_36,"36.69,33.00,26.56,56.21,41.76,TARGET_36"
2026-05-13T14:26:39,1919.11,36.69,33.0,26.56,59.08,41.87,,TARGET_36,"36.69,33.00,26.56,59.08,41.87,TARGET_36"
2026-05-13T14:26:40,1920.4,36.63,33.0,26.56,54.83,41.56,,TARGET_36,"36.63,33.00,26.56,54.83,41.56,TARGET_36"
2026-05-13T14:26:41,1921.68,36.63,33.0,26.56,53.73,41.32,,TARGET_36,"36.63,33.00,26.56,53.73,41.32,TARGET_36"
2026-05-13T14:26:43,1922.97,36.69,33.0,26.56,55.09,41.54,,TARGET_36,"36.69,33.00,26.56,55.09,41.54,TARGET_36"
2026-05-13T14:26:44,1924.26,36.63,33.0,26.56,58.04,41.31,,TARGET_36,"36.63,33.00,26.56,58.04,41.31,TARGET_36"
2026-05-13T14:26:45,1925.54,36.63,33.0,26.56,60.41,41.14,,TARGET_36,"36.63,33.00,26.56,60.41,41.14,TARGET_36"
2026-05-13T14:26:46,1926.83,36.69,33.0,26.56,46.37,41.4,,TARGET_36,"36.69,33.00,26.56,46.37,41.40,TARGET_36"
2026-05-13T14:26:48,1928.11,36.63,33.0,26.56,55.15,41.21,,TARGET_36,"36.63,33.00,26.56,55.15,41.21,TARGET_36"
2026-05-13T14:26:49,1929.4,36.69,33.0,26.56,45.46,41.45,,TARGET_36,"36.69,33.00,26.56,45.46,41.45,TARGET_36"
2026-05-13T14:26:50,1930.69,36.69,33.0,26.56,55.98,41.64,,TARGET_36,"36.69,33.00,26.56,55.98,41.64,TARGET_36"
2026-05-13T14:26:52,1931.97,36.69,33.0,26.56,36.79,41.77,,TARGET_36,"36.69,33.00,26.56,36.79,41.77,TARGET_36"
2026-05-13T14:26:53,1933.26,36.63,33.0,26.56,36.92,41.49,,TARGET_36,"36.63,33.00,26.56,36.92,41.49,TARGET_36"
2026-05-13T14:26:54,1934.54,36.63,33.0,26.5,52.57,41.27,,TARGET_36,"36.63,33.00,26.50,52.57,41.27,TARGET_36"
2026-05-13T14:26:55,1935.83,36.63,33.0,26.5,57.63,41.11,,TARGET_36,"36.63,33.00,26.50,57.63,41.11,TARGET_36"
2026-05-13T14:26:57,1937.12,36.63,33.0,26.5,59.65,40.99,,TARGET_36,"36.63,33.00,26.50,59.65,40.99,TARGET_36"
2026-05-13T14:26:58,1938.4,36.63,33.0,26.56,53.86,40.9,,TARGET_36,"36.63,33.00,26.56,53.86,40.90,TARGET_36"
2026-05-13T14:26:59,1939.69,36.63,33.0,26.5,45.54,40.83,,TARGET_36,"36.63,33.00,26.50,45.54,40.83,TARGET_36"
2026-05-13T14:27:01,1940.97,36.63,33.0,26.56,52.42,40.78,,TARGET_36,"36.63,33.00,26.56,52.42,40.78,TARGET_36"
2026-05-13T14:27:02,1942.26,36.69,33.0,26.5,50.97,41.13,,TARGET_36,"36.69,33.00,26.50,50.97,41.13,TARGET_36"
2026-05-13T14:27:03,1943.55,36.63,33.0,26.5,56.99,41.0,,TARGET_36,"36.63,33.00,26.50,56.99,41.00,TARGET_36"
2026-05-13T14:27:04,1944.83,36.69,33.0,26.56,49.79,41.3,,TARGET_36,"36.69,33.00,26.56,49.79,41.30,TARGET_36"
2026-05-13T14:27:06,1946.12,36.69,33.0,26.5,49.92,41.52,,TARGET_36,"36.69,33.00,26.50,49.92,41.52,TARGET_36"
2026-05-13T14:27:07,1947.4,36.69,33.0,26.5,37.37,41.69,,TARGET_36,"36.69,33.00,26.50,37.37,41.69,TARGET_36"
2026-05-13T14:27:08,1948.69,36.63,33.0,26.5,50.95,41.42,,TARGET_36,"36.63,33.00,26.50,50.95,41.42,TARGET_36"
2026-05-13T14:27:10,1949.98,36.69,33.0,26.5,52.78,41.61,,TARGET_36,"36.69,33.00,26.50,52.78,41.61,TARGET_36"
2026-05-13T14:27:11,1951.26,36.63,33.0,26.5,45.71,41.37,,TARGET_36,"36.63,33.00,26.50,45.71,41.37,TARGET_36"
2026-05-13T14:27:12,1952.55,36.63,33.0,26.5,51.88,41.18,,TARGET_36,"36.63,33.00,26.50,51.88,41.18,TARGET_36"
2026-05-13T14:27:13,1953.83,36.63,33.0,26.5,54.35,41.04,,TARGET_36,"36.63,33.00,26.50,54.35,41.04,TARGET_36"
2026-05-13T14:27:15,1955.12,36.63,33.0,26.5,53.54,40.94,,TARGET_36,"36.63,33.00,26.50,53.54,40.94,TARGET_36"
2026-05-13T14:27:16,1956.41,36.63,33.0,26.5,56.82,40.86,,TARGET_36,"36.63,33.00,26.50,56.82,40.86,TARGET_36"
2026-05-13T14:27:17,1957.69,36.69,33.0,26.5,58.73,41.19,,TARGET_36,"36.69,33.00,26.50,58.73,41.19,TARGET_36"
2026-05-13T14:27:19,1958.98,36.69,33.0,26.56,58.89,41.44,,TARGET_36,"36.69,33.00,26.56,58.89,41.44,TARGET_36"
2026-05-13T14:27:20,1960.26,36.63,33.0,26.5,51.16,41.24,,TARGET_36,"36.63,33.00,26.50,51.16,41.24,TARGET_36"
2026-05-13T14:27:21,1961.55,36.63,33.0,26.5,58.26,41.08,,TARGET_36,"36.63,33.00,26.50,58.26,41.08,TARGET_36"
2026-05-13T14:27:22,1962.84,36.63,33.0,26.5,60.51,40.97,,TARGET_36,"36.63,33.00,26.50,60.51,40.97,TARGET_36"
2026-05-13T14:27:24,1964.12,36.69,33.0,26.56,40.4,41.27,,TARGET_36,"36.69,33.00,26.56,40.40,41.27,TARGET_36"
2026-05-13T14:27:25,1965.41,36.63,32.94,26.56,48.56,41.11,,TARGET_36,"36.63,32.94,26.56,48.56,41.11,TARGET_36"
2026-05-13T14:27:26,1966.69,36.63,33.0,26.5,47.02,40.99,,TARGET_36,"36.63,33.00,26.50,47.02,40.99,TARGET_36"
2026-05-13T14:27:28,1967.98,36.69,32.94,26.5,52.41,41.29,,TARGET_36,"36.69,32.94,26.50,52.41,41.29,TARGET_36"
2026-05-13T14:27:29,1969.26,36.69,32.94,26.5,57.56,41.51,,TARGET_36,"36.69,32.94,26.50,57.56,41.51,TARGET_36"
2026-05-13T14:27:30,1970.55,36.63,32.94,26.56,54.23,41.29,,TARGET_36,"36.63,32.94,26.56,54.23,41.29,TARGET_36"
2026-05-13T14:27:31,1971.84,36.69,32.94,26.56,54.69,41.52,,TARGET_36,"36.69,32.94,26.56,54.69,41.52,TARGET_36"
2026-05-13T14:27:33,1973.12,36.69,32.94,26.5,58.48,41.68,,TARGET_36,"36.69,32.94,26.50,58.48,41.68,TARGET_36"
2026-05-13T14:27:34,1974.41,36.69,32.94,26.56,55.79,41.81,,TARGET_36,"36.69,32.94,26.56,55.79,41.81,TARGET_36"
2026-05-13T14:27:35,1975.69,36.63,32.94,26.56,58.92,41.51,,TARGET_36,"36.63,32.94,26.56,58.92,41.51,TARGET_36"
2026-05-13T14:27:37,1976.98,36.69,32.94,26.56,42.17,41.68,,TARGET_36,"36.69,32.94,26.56,42.17,41.68,TARGET_36"
2026-05-13T14:27:38,1978.27,36.69,32.94,26.56,46.27,41.81,,TARGET_36,"36.69,32.94,26.56,46.27,41.81,TARGET_36"
2026-05-13T14:27:39,1979.55,36.63,32.94,26.56,53.91,41.51,,TARGET_36,"36.63,32.94,26.56,53.91,41.51,TARGET_36"
2026-05-13T14:27:40,1980.84,36.69,32.94,26.56,50.36,41.68,,TARGET_36,"36.69,32.94,26.56,50.36,41.68,TARGET_36"
2026-05-13T14:27:42,1982.12,36.63,32.94,26.5,51.95,41.42,,TARGET_36,"36.63,32.94,26.50,51.95,41.42,TARGET_36"
2026-05-13T14:27:43,1983.41,36.63,32.94,26.56,48.98,41.22,,TARGET_36,"36.63,32.94,26.56,48.98,41.22,TARGET_36"
2026-05-13T14:27:44,1984.7,36.69,32.94,26.56,44.19,41.46,,TARGET_36,"36.69,32.94,26.56,44.19,41.46,TARGET_36"
2026-05-13T14:27:46,1985.98,36.69,32.94,26.56,51.88,41.64,,TARGET_36,"36.69,32.94,26.56,51.88,41.64,TARGET_36"
2026-05-13T14:27:47,1987.27,36.63,32.94,26.5,58.55,41.39,,TARGET_36,"36.63,32.94,26.50,58.55,41.39,TARGET_36"
2026-05-13T14:27:48,1988.55,36.69,32.94,26.56,57.02,41.59,,TARGET_36,"36.69,32.94,26.56,57.02,41.59,TARGET_36"
2026-05-13T14:27:49,1989.84,36.63,32.94,26.56,57.61,41.35,,TARGET_36,"36.63,32.94,26.56,57.61,41.35,TARGET_36"
2026-05-13T14:27:51,1991.13,36.63,32.94,26.5,58.44,41.17,,TARGET_36,"36.63,32.94,26.50,58.44,41.17,TARGET_36"
2026-05-13T14:27:52,1992.41,36.63,32.94,26.5,57.58,41.03,,TARGET_36,"36.63,32.94,26.50,57.58,41.03,TARGET_36"
2026-05-13T14:27:53,1993.7,36.63,32.94,26.5,54.83,40.93,,TARGET_36,"36.63,32.94,26.50,54.83,40.93,TARGET_36"
2026-05-13T14:27:55,1994.98,36.69,32.94,26.5,56.13,41.24,,TARGET_36,"36.69,32.94,26.50,56.13,41.24,TARGET_36"
2026-05-13T14:27:56,1996.27,36.63,32.94,26.5,56.65,41.09,,TARGET_36,"36.63,32.94,26.50,56.65,41.09,TARGET_36"
2026-05-13T14:27:57,1997.56,36.63,32.94,26.5,60.46,40.97,,TARGET_36,"36.63,32.94,26.50,60.46,40.97,TARGET_36"
2026-05-13T14:27:58,1998.84,36.63,32.94,26.56,61.98,40.89,,TARGET_36,"36.63,32.94,26.56,61.98,40.89,TARGET_36"
2026-05-13T14:28:00,2000.13,36.69,32.94,26.5,60.79,41.21,,TARGET_36,"36.69,32.94,26.50,60.79,41.21,TARGET_36"
2026-05-13T14:28:01,2001.41,36.63,32.94,26.5,60.32,41.06,,TARGET_36,"36.63,32.94,26.50,60.32,41.06,TARGET_36"
2026-05-13T14:28:02,2002.7,36.69,32.94,26.5,48.73,41.35,,TARGET_36,"36.69,32.94,26.50,48.73,41.35,TARGET_36"
2026-05-13T14:28:04,2003.99,36.63,32.94,26.5,56.69,41.17,,TARGET_36,"36.63,32.94,26.50,56.69,41.17,TARGET_36"
2026-05-13T14:28:05,2005.27,36.63,32.94,26.5,47.28,41.03,,TARGET_36,"36.63,32.94,26.50,47.28,41.03,TARGET_36"
2026-05-13T14:28:06,2006.56,36.69,32.94,26.5,49.51,41.32,,TARGET_36,"36.69,32.94,26.50,49.51,41.32,TARGET_36"
2026-05-13T14:28:07,2007.84,36.63,32.94,26.5,36.0,41.15,,TARGET_36,"36.63,32.94,26.50,36.00,41.15,TARGET_36"
2026-05-13T14:28:09,2009.13,36.63,32.94,26.5,48.0,41.02,,TARGET_36,"36.63,32.94,26.50,48.00,41.02,TARGET_36"
2026-05-13T14:28:10,2010.41,36.63,32.94,26.56,52.2,40.92,,TARGET_36,"36.63,32.94,26.56,52.20,40.92,TARGET_36"
2026-05-13T14:28:11,2011.7,36.63,32.94,26.5,35.28,40.84,,TARGET_36,"36.63,32.94,26.50,35.28,40.84,TARGET_36"
2026-05-13T14:28:13,2012.99,36.69,32.94,26.5,41.71,41.18,,TARGET_36,"36.69,32.94,26.50,41.71,41.18,TARGET_36"
2026-05-13T14:28:14,2014.27,36.69,32.94,26.5,37.68,41.43,,TARGET_36,"36.69,32.94,26.50,37.68,41.43,TARGET_36"
2026-05-13T14:28:15,2015.56,36.63,32.94,26.5,51.07,41.23,,TARGET_36,"36.63,32.94,26.50,51.07,41.23,TARGET_36"
2026-05-13T14:28:16,2016.85,36.63,32.94,26.5,55.83,41.08,,TARGET_36,"36.63,32.94,26.50,55.83,41.08,TARGET_36"
2026-05-13T14:28:18,2018.13,36.69,32.94,26.5,54.13,41.36,,TARGET_36,"36.69,32.94,26.50,54.13,41.36,TARGET_36"
2026-05-13T14:28:19,2019.42,36.69,32.94,26.5,58.25,41.56,,TARGET_36,"36.69,32.94,26.50,58.25,41.56,TARGET_36"
2026-05-13T14:28:20,2020.7,36.69,32.94,26.5,58.7,41.72,,TARGET_36,"36.69,32.94,26.50,58.70,41.72,TARGET_36"
2026-05-13T14:28:22,2021.99,36.63,32.94,26.5,56.48,41.45,,TARGET_36,"36.63,32.94,26.50,56.48,41.45,TARGET_36"
2026-05-13T14:28:23,2023.27,36.63,32.94,26.5,55.59,41.24,,TARGET_36,"36.63,32.94,26.50,55.59,41.24,TARGET_36"
2026-05-13T14:28:24,2024.56,36.69,32.88,26.5,52.84,41.48,,TARGET_36,"36.69,32.88,26.50,52.84,41.48,TARGET_36"
2026-05-13T14:28:25,2025.85,36.69,32.94,26.5,56.53,41.66,,TARGET_36,"36.69,32.94,26.50,56.53,41.66,TARGET_36"
2026-05-13T14:28:27,2027.13,36.69,32.94,26.5,53.21,41.79,,TARGET_36,"36.69,32.94,26.50,53.21,41.79,TARGET_36"
2026-05-13T14:28:28,2028.42,36.69,32.94,26.5,57.29,41.89,,TARGET_36,"36.69,32.94,26.50,57.29,41.89,TARGET_36"
2026-05-13T14:28:29,2029.7,36.63,32.94,26.5,55.31,41.57,,TARGET_36,"36.63,32.94,26.50,55.31,41.57,TARGET_36"
2026-05-13T14:28:31,2030.99,36.69,32.94,26.5,55.73,41.73,,TARGET_36,"36.69,32.94,26.50,55.73,41.73,TARGET_36"
2026-05-13T14:28:32,2032.28,36.69,32.94,26.5,49.89,41.84,,TARGET_36,"36.69,32.94,26.50,49.89,41.84,TARGET_36"
2026-05-13T14:28:33,2033.56,36.63,32.94,26.5,52.36,41.54,,TARGET_36,"36.63,32.94,26.50,52.36,41.54,TARGET_36"
2026-05-13T14:28:34,2034.85,36.63,32.94,26.5,49.14,41.31,,TARGET_36,"36.63,32.94,26.50,49.14,41.31,TARGET_36"
2026-05-13T14:28:36,2036.13,36.63,32.94,26.5,49.06,41.14,,TARGET_36,"36.63,32.94,26.50,49.06,41.14,TARGET_36"
2026-05-13T14:28:37,2037.42,36.69,32.88,26.5,48.42,41.4,,TARGET_36,"36.69,32.88,26.50,48.42,41.40,TARGET_36"
2026-05-13T14:28:38,2038.71,36.63,32.94,26.5,39.17,41.21,,TARGET_36,"36.63,32.94,26.50,39.17,41.21,TARGET_36"
2026-05-13T14:28:40,2039.99,36.69,32.94,26.5,51.67,41.45,,TARGET_36,"36.69,32.94,26.50,51.67,41.45,TARGET_36"
2026-05-13T14:28:41,2041.28,36.69,32.94,26.5,58.47,41.64,,TARGET_36,"36.69,32.94,26.50,58.47,41.64,TARGET_36"
2026-05-13T14:28:42,2042.56,36.69,32.88,26.5,56.39,41.77,,TARGET_36,"36.69,32.88,26.50,56.39,41.77,TARGET_36"
2026-05-13T14:28:43,2043.85,36.69,32.88,26.5,36.95,41.88,,TARGET_36,"36.69,32.88,26.50,36.95,41.88,TARGET_36"
2026-05-13T14:28:45,2045.14,36.69,32.94,26.5,51.98,41.95,,TARGET_36,"36.69,32.94,26.50,51.98,41.95,TARGET_36"
2026-05-13T14:28:46,2046.42,36.63,32.94,26.5,55.59,41.62,,TARGET_36,"36.63,32.94,26.50,55.59,41.62,TARGET_36"
2026-05-13T14:28:47,2047.71,36.63,32.94,26.5,55.84,41.37,,TARGET_36,"36.63,32.94,26.50,55.84,41.37,TARGET_36"
2026-05-13T14:28:49,2048.99,36.63,32.94,26.5,46.33,41.19,,TARGET_36,"36.63,32.94,26.50,46.33,41.19,TARGET_36"
2026-05-13T14:28:50,2050.28,36.69,32.88,26.5,45.53,41.44,,TARGET_36,"36.69,32.88,26.50,45.53,41.44,TARGET_36"
2026-05-13T14:28:51,2051.57,36.69,32.94,26.5,54.21,41.62,,TARGET_36,"36.69,32.94,26.50,54.21,41.62,TARGET_36"
2026-05-13T14:28:52,2052.85,36.69,32.94,26.5,58.29,41.76,,TARGET_36,"36.69,32.94,26.50,58.29,41.76,TARGET_36"
2026-05-13T14:28:54,2054.14,36.69,32.88,26.5,62.31,41.87,,TARGET_36,"36.69,32.88,26.50,62.31,41.87,TARGET_36"
2026-05-13T14:28:55,2055.42,36.63,32.88,26.5,55.53,41.56,,TARGET_36,"36.63,32.88,26.50,55.53,41.56,TARGET_36"
2026-05-13T14:28:56,2056.71,36.69,32.88,26.5,58.21,41.72,,TARGET_36,"36.69,32.88,26.50,58.21,41.72,TARGET_36"
2026-05-13T14:28:58,2058.0,36.69,32.94,26.5,61.08,41.83,,TARGET_36,"36.69,32.94,26.50,61.08,41.83,TARGET_36"
2026-05-13T14:28:59,2059.28,36.69,32.88,26.5,59.23,41.92,,TARGET_36,"36.69,32.88,26.50,59.23,41.92,TARGET_36"
2026-05-13T14:29:00,2060.57,36.63,32.88,26.5,54.89,41.6,,TARGET_36,"36.63,32.88,26.50,54.89,41.60,TARGET_36"
2026-05-13T14:29:02,2061.85,36.69,32.88,26.5,42.36,41.75,,TARGET_36,"36.69,32.88,26.50,42.36,41.75,TARGET_36"
2026-05-13T14:29:03,2063.14,36.69,32.88,26.5,52.94,41.86,,TARGET_36,"36.69,32.88,26.50,52.94,41.86,TARGET_36"
2026-05-13T14:29:04,2064.43,36.63,32.88,26.5,48.78,41.55,,TARGET_36,"36.63,32.88,26.50,48.78,41.55,TARGET_36"
2026-05-13T14:29:05,2065.71,36.69,32.88,26.5,48.91,41.71,,TARGET_36,"36.69,32.88,26.50,48.91,41.71,TARGET_36"
2026-05-13T14:29:07,2067.0,36.69,32.88,26.5,56.16,41.83,,TARGET_36,"36.69,32.88,26.50,56.16,41.83,TARGET_36"
2026-05-13T14:29:08,2068.28,36.69,32.94,26.5,56.67,41.92,,TARGET_36,"36.69,32.94,26.50,56.67,41.92,TARGET_36"
2026-05-13T14:29:09,2069.57,36.69,32.88,26.5,49.67,41.99,,TARGET_36,"36.69,32.88,26.50,49.67,41.99,TARGET_36"
2026-05-13T14:29:11,2070.85,36.69,32.88,26.5,56.47,42.04,,TARGET_36,"36.69,32.88,26.50,56.47,42.04,TARGET_36"
2026-05-13T14:29:12,2072.14,36.63,32.88,26.5,56.79,41.68,,TARGET_36,"36.63,32.88,26.50,56.79,41.68,TARGET_36"
2026-05-13T14:29:13,2073.43,36.63,32.88,26.5,57.51,41.42,,TARGET_36,"36.63,32.88,26.50,57.51,41.42,TARGET_36"
2026-05-13T14:29:14,2074.71,36.63,32.88,26.5,57.81,41.22,,TARGET_36,"36.63,32.88,26.50,57.81,41.22,TARGET_36"
2026-05-13T14:29:16,2076.0,36.63,32.88,26.5,54.92,41.07,,TARGET_36,"36.63,32.88,26.50,54.92,41.07,TARGET_36"
2026-05-13T14:29:17,2077.28,36.69,32.88,26.5,57.97,41.35,,TARGET_36,"36.69,32.88,26.50,57.97,41.35,TARGET_36"
2026-05-13T14:29:18,2078.57,36.69,32.88,26.5,59.79,41.56,,TARGET_36,"36.69,32.88,26.50,59.79,41.56,TARGET_36"
2026-05-13T14:29:20,2079.86,36.69,32.88,26.5,55.72,41.72,,TARGET_36,"36.69,32.88,26.50,55.72,41.72,TARGET_36"
2026-05-13T14:29:21,2081.14,36.63,32.88,26.5,57.09,41.44,,TARGET_36,"36.63,32.88,26.50,57.09,41.44,TARGET_36"
2026-05-13T14:29:22,2082.43,36.69,32.88,26.5,46.83,41.63,,TARGET_36,"36.69,32.88,26.50,46.83,41.63,TARGET_36"
2026-05-13T14:29:23,2083.71,36.69,32.88,26.5,54.13,41.77,,TARGET_36,"36.69,32.88,26.50,54.13,41.77,TARGET_36"
2026-05-13T14:29:25,2085.0,36.69,32.88,26.5,55.85,41.87,,TARGET_36,"36.69,32.88,26.50,55.85,41.87,TARGET_36"
2026-05-13T14:29:26,2086.29,36.69,32.88,26.5,56.54,41.95,,TARGET_36,"36.69,32.88,26.50,56.54,41.95,TARGET_36"
2026-05-13T14:29:27,2087.57,36.63,32.88,26.5,57.42,41.62,,TARGET_36,"36.63,32.88,26.50,57.42,41.62,TARGET_36"
2026-05-13T14:29:29,2088.86,36.63,32.88,26.5,54.77,41.37,,TARGET_36,"36.63,32.88,26.50,54.77,41.37,TARGET_36"
2026-05-13T14:29:30,2090.14,36.63,32.88,26.5,53.71,41.18,,TARGET_36,"36.63,32.88,26.50,53.71,41.18,TARGET_36"
2026-05-13T14:29:31,2091.43,36.69,32.88,26.5,58.08,41.44,,TARGET_36,"36.69,32.88,26.50,58.08,41.44,TARGET_36"
2026-05-13T14:29:32,2092.72,36.63,32.88,26.5,55.63,41.23,,TARGET_36,"36.63,32.88,26.50,55.63,41.23,TARGET_36"
2026-05-13T14:29:34,2094.0,36.63,32.88,26.5,55.85,41.08,,TARGET_36,"36.63,32.88,26.50,55.85,41.08,TARGET_36"
2026-05-13T14:29:35,2095.29,36.63,32.88,26.5,55.34,40.97,,TARGET_36,"36.63,32.88,26.50,55.34,40.97,TARGET_36"
2026-05-13T14:29:36,2096.57,36.69,32.88,26.5,48.54,41.27,,TARGET_36,"36.69,32.88,26.50,48.54,41.27,TARGET_36"
2026-05-13T14:29:38,2097.86,36.63,32.88,26.5,48.81,41.11,,TARGET_36,"36.63,32.88,26.50,48.81,41.11,TARGET_36"
2026-05-13T14:29:39,2099.15,36.63,32.88,26.5,58.53,40.99,,TARGET_36,"36.63,32.88,26.50,58.53,40.99,TARGET_36"
2026-05-13T14:29:40,2100.43,36.69,32.88,26.5,52.21,41.29,,TARGET_36,"36.69,32.88,26.50,52.21,41.29,TARGET_36"
2026-05-13T14:29:41,2101.72,36.63,32.88,26.44,58.68,41.12,,TARGET_36,"36.63,32.88,26.44,58.68,41.12,TARGET_36"
2026-05-13T14:29:43,2103.0,36.69,32.88,26.5,61.27,41.39,,TARGET_36,"36.69,32.88,26.50,61.27,41.39,TARGET_36"
2026-05-13T14:29:44,2104.29,36.63,32.88,26.5,61.71,41.2,,TARGET_36,"36.63,32.88,26.50,61.71,41.20,TARGET_36"
2026-05-13T14:29:45,2105.58,36.63,32.88,26.5,46.28,41.05,,TARGET_36,"36.63,32.88,26.50,46.28,41.05,TARGET_36"
2026-05-13T14:29:47,2106.86,36.63,32.88,26.5,38.31,40.95,,TARGET_36,"36.63,32.88,26.50,38.31,40.95,TARGET_36"
2026-05-13T14:29:48,2108.15,36.63,32.88,26.5,36.93,40.87,,TARGET_36,"36.63,32.88,26.50,36.93,40.87,TARGET_36"
2026-05-13T14:29:49,2109.43,36.69,32.88,26.5,48.97,41.2,,TARGET_36,"36.69,32.88,26.50,48.97,41.20,TARGET_36"
2026-05-13T14:29:50,2110.72,36.63,32.88,26.5,71.19,41.05,,TARGET_36,"36.63,32.88,26.50,71.19,41.05,TARGET_36"
2026-05-13T14:29:52,2112.01,36.63,32.88,26.5,62.68,40.95,,TARGET_36,"36.63,32.88,26.50,62.68,40.95,TARGET_36"
2026-05-13T14:29:53,2113.29,36.63,32.88,26.5,53.87,40.87,,TARGET_36,"36.63,32.88,26.50,53.87,40.87,TARGET_36"
2026-05-13T14:29:54,2114.58,36.69,32.88,26.5,58.75,41.2,,TARGET_36,"36.69,32.88,26.50,58.75,41.20,TARGET_36"
2026-05-13T14:29:56,2115.86,36.69,32.88,26.5,57.7,41.44,,TARGET_36,"36.69,32.88,26.50,57.70,41.44,TARGET_36"
2026-05-13T14:29:57,2117.15,36.69,32.88,26.5,54.88,41.63,,TARGET_36,"36.69,32.88,26.50,54.88,41.63,TARGET_36"
2026-05-13T14:29:58,2118.43,36.69,32.88,26.5,45.95,41.77,,TARGET_36,"36.69,32.88,26.50,45.95,41.77,TARGET_36"
2026-05-13T14:29:59,2119.72,36.69,32.88,26.5,47.78,41.87,,TARGET_36,"36.69,32.88,26.50,47.78,41.87,TARGET_36"
2026-05-13T14:30:01,2121.01,36.63,32.88,26.5,53.31,41.56,,TARGET_36,"36.63,32.88,26.50,53.31,41.56,TARGET_36"
2026-05-13T14:30:02,2122.29,36.63,32.88,26.5,58.52,41.33,,TARGET_36,"36.63,32.88,26.50,58.52,41.33,TARGET_36"
2026-05-13T14:30:03,2123.58,36.63,32.88,26.5,46.81,41.15,,TARGET_36,"36.63,32.88,26.50,46.81,41.15,TARGET_36"
2026-05-13T14:30:05,2124.86,36.69,32.88,26.5,46.32,41.41,,TARGET_36,"36.69,32.88,26.50,46.32,41.41,TARGET_36"
2026-05-13T14:30:06,2126.15,36.69,32.88,26.5,44.33,41.6,,TARGET_36,"36.69,32.88,26.50,44.33,41.60,TARGET_36"
2026-05-13T14:30:07,2127.44,36.63,32.88,26.5,48.33,41.36,,TARGET_36,"36.63,32.88,26.50,48.33,41.36,TARGET_36"
2026-05-13T14:30:08,2128.72,36.63,32.88,26.5,43.93,41.18,,TARGET_36,"36.63,32.88,26.50,43.93,41.18,TARGET_36"
2026-05-13T14:30:10,2130.01,36.69,32.88,26.5,54.17,41.43,,TARGET_36,"36.69,32.88,26.50,54.17,41.43,TARGET_36"
2026-05-13T14:30:11,2131.29,36.69,32.88,26.5,60.07,41.62,,TARGET_36,"36.69,32.88,26.50,60.07,41.62,TARGET_36"
2026-05-13T14:30:12,2132.58,36.69,32.88,26.5,54.63,41.76,,TARGET_36,"36.69,32.88,26.50,54.63,41.76,TARGET_36"
2026-05-13T14:30:14,2133.87,36.69,32.88,26.5,57.85,41.87,,TARGET_36,"36.69,32.88,26.50,57.85,41.87,TARGET_36"
2026-05-13T14:30:15,2135.15,36.69,32.88,26.5,54.34,41.95,,TARGET_36,"36.69,32.88,26.50,54.34,41.95,TARGET_36"
2026-05-13T14:30:16,2136.44,36.69,32.81,26.5,37.34,42.01,,TARGET_36,"36.69,32.81,26.50,37.34,42.01,TARGET_36"
2026-05-13T14:30:17,2137.72,36.69,32.81,26.5,38.33,42.05,,TARGET_36,"36.69,32.81,26.50,38.33,42.05,TARGET_36"
2026-05-13T14:30:19,2139.01,36.69,32.81,26.5,45.93,42.09,,TARGET_36,"36.69,32.81,26.50,45.93,42.09,TARGET_36"
2026-05-13T14:30:20,2140.3,36.69,32.88,26.5,32.77,42.11,,TARGET_36,"36.69,32.88,26.50,32.77,42.11,TARGET_36"
2026-05-13T14:30:21,2141.58,36.69,32.88,26.5,47.31,42.13,,TARGET_36,"36.69,32.88,26.50,47.31,42.13,TARGET_36"
2026-05-13T14:30:23,2142.87,36.69,32.88,26.5,52.52,42.14,,TARGET_36,"36.69,32.88,26.50,52.52,42.14,TARGET_36"
2026-05-13T14:30:24,2144.15,36.69,32.81,26.5,34.81,42.16,,TARGET_36,"36.69,32.81,26.50,34.81,42.16,TARGET_36"
2026-05-13T14:30:25,2145.44,36.75,32.88,26.5,24.12,42.55,,TARGET_36,"36.75,32.88,26.50,24.12,42.55,TARGET_36"
2026-05-13T14:30:26,2146.73,36.75,32.81,26.5,38.45,42.85,,TARGET_36,"36.75,32.81,26.50,38.45,42.85,TARGET_36"
2026-05-13T14:30:28,2148.01,36.81,32.81,26.5,51.98,43.47,,TARGET_36,"36.81,32.81,26.50,51.98,43.47,TARGET_36"
2026-05-13T14:30:29,2149.3,36.81,32.81,26.5,48.99,43.93,,TARGET_36,"36.81,32.81,26.50,48.99,43.93,TARGET_36"
2026-05-13T14:30:30,2150.58,36.81,32.81,26.5,47.8,44.27,,TARGET_36,"36.81,32.81,26.50,47.80,44.27,TARGET_36"
2026-05-13T14:30:32,2151.87,36.88,32.88,26.5,55.72,44.92,,TARGET_36,"36.88,32.88,26.50,55.72,44.92,TARGET_36"
2026-05-13T14:30:33,2153.16,36.94,32.81,26.5,62.49,45.8,,TARGET_36,"36.94,32.81,26.50,62.49,45.80,TARGET_36"
2026-05-13T14:30:34,2154.44,36.94,32.88,26.5,55.59,46.46,,TARGET_36,"36.94,32.88,26.50,55.59,46.46,TARGET_36"
2026-05-13T14:30:35,2155.73,36.94,32.88,26.5,54.64,46.96,,TARGET_36,"36.94,32.88,26.50,54.64,46.96,TARGET_36"
2026-05-13T14:30:37,2157.01,37.0,32.88,26.5,53.66,47.72,,TARGET_36,"37.00,32.88,26.50,53.66,47.72,TARGET_36"
2026-05-13T14:30:38,2158.3,37.0,32.81,26.44,58.06,48.29,,TARGET_36,"37.00,32.81,26.44,58.06,48.29,TARGET_36"
2026-05-13T14:30:39,2159.59,37.06,32.88,26.44,59.82,49.11,,TARGET_36,"37.06,32.88,26.44,59.82,49.11,TARGET_36"
2026-05-13T14:30:41,2160.87,37.19,32.88,26.44,52.13,50.5,,TARGET_36,"37.19,32.88,26.44,52.13,50.50,TARGET_36"
2026-05-13T14:30:42,2162.16,37.19,32.88,26.44,52.05,51.55,,TARGET_36,"37.19,32.88,26.44,52.05,51.55,TARGET_36"
2026-05-13T14:30:43,2163.44,37.25,32.88,26.44,52.02,52.72,,TARGET_36,"37.25,32.88,26.44,52.02,52.72,TARGET_36"
2026-05-13T14:30:44,2164.73,37.25,32.88,26.44,52.61,53.61,,TARGET_36,"37.25,32.88,26.44,52.61,53.61,TARGET_36"
2026-05-13T14:30:46,2166.02,37.31,32.88,26.44,72.64,54.66,,TARGET_36,"37.31,32.88,26.44,72.64,54.66,TARGET_36"
2026-05-13T14:30:47,2167.3,37.38,32.88,26.44,73.46,55.84,,TARGET_36,"37.38,32.88,26.44,73.46,55.84,TARGET_36"
2026-05-13T14:30:48,2168.59,37.38,32.88,26.44,64.78,56.72,,TARGET_36,"37.38,32.88,26.44,64.78,56.72,TARGET_36"
2026-05-13T14:30:50,2169.87,37.44,32.88,26.44,84.11,57.78,,TARGET_36,"37.44,32.88,26.44,84.11,57.78,TARGET_36"
2026-05-13T14:30:51,2171.16,37.5,32.88,26.44,88.85,58.96,,TARGET_36,"37.50,32.88,26.44,88.85,58.96,TARGET_36"
2026-05-13T14:30:52,2172.45,37.5,32.94,26.44,83.54,59.84,,TARGET_36,"37.50,32.94,26.44,83.54,59.84,TARGET_36"
2026-05-13T14:30:53,2173.73,37.63,32.94,26.44,85.62,61.29,,TARGET_36,"37.63,32.94,26.44,85.62,61.29,TARGET_36"
2026-05-13T14:30:55,2175.02,37.63,32.94,26.44,76.25,62.37,,TARGET_36,"37.63,32.94,26.44,76.25,62.37,TARGET_36"
2026-05-13T14:30:56,2176.3,37.69,32.94,26.44,89.9,63.58,,TARGET_36,"37.69,32.94,26.44,89.90,63.58,TARGET_36"
2026-05-13T14:30:57,2177.59,37.75,32.94,26.44,87.56,64.87,,TARGET_36,"37.75,32.94,26.44,87.56,64.87,TARGET_36"
2026-05-13T14:30:59,2178.87,37.75,32.94,26.37,93.22,65.84,,TARGET_36,"37.75,32.94,26.37,93.22,65.84,TARGET_36"
2026-05-13T14:31:00,2180.16,37.81,32.94,26.44,97.29,66.96,,TARGET_36,"37.81,32.94,26.44,97.29,66.96,TARGET_36"
2026-05-13T14:31:01,2181.45,37.88,33.0,26.44,98.92,68.19,,TARGET_36,"37.88,33.00,26.44,98.92,68.19,TARGET_36"
2026-05-13T14:31:02,2182.73,37.88,33.0,26.37,99.57,69.11,,TARGET_36,"37.88,33.00,26.37,99.57,69.11,TARGET_36"
2026-05-13T14:31:04,2184.02,38.0,33.0,26.37,99.83,70.58,,TARGET_36,"38.00,33.00,26.37,99.83,70.58,TARGET_36"
2026-05-13T14:31:05,2185.31,38.0,33.0,26.37,99.93,71.69,,TARGET_36,"38.00,33.00,26.37,99.93,71.69,TARGET_36"
2026-05-13T14:31:06,2186.59,38.06,33.0,26.37,99.97,72.91,,TARGET_36,"38.06,33.00,26.37,99.97,72.91,TARGET_36"
2026-05-13T14:31:08,2187.88,38.13,33.0,26.44,99.99,74.21,,TARGET_36,"38.13,33.00,26.44,99.99,74.21,TARGET_36"
2026-05-13T14:31:09,2189.16,38.19,33.0,26.37,100.0,75.58,,TARGET_36,"38.19,33.00,26.37,100.00,75.58,TARGET_36"
2026-05-13T14:31:10,2190.45,38.19,33.06,26.37,99.4,76.61,,TARGET_36,"38.19,33.06,26.37,99.40,76.61,TARGET_36"
2026-05-13T14:31:11,2191.73,38.25,33.06,26.37,99.76,77.77,,TARGET_36,"38.25,33.06,26.37,99.76,77.77,TARGET_36"
2026-05-13T14:31:13,2193.02,38.31,33.06,26.37,99.9,79.03,,TARGET_36,"38.31,33.06,26.37,99.90,79.03,TARGET_36"
2026-05-13T14:31:14,2194.31,38.31,33.06,26.44,99.96,79.97,,TARGET_36,"38.31,33.06,26.44,99.96,79.97,TARGET_36"
2026-05-13T14:31:15,2195.59,38.38,33.06,26.44,99.98,81.07,,TARGET_36,"38.38,33.06,26.44,99.98,81.07,TARGET_36"
2026-05-13T14:31:17,2196.88,38.38,33.06,26.37,99.99,81.9,,TARGET_36,"38.38,33.06,26.37,99.99,81.90,TARGET_36"
2026-05-13T14:31:18,2198.16,38.44,33.13,26.44,100.0,82.91,,TARGET_36,"38.44,33.13,26.44,100.00,82.91,TARGET_36"
2026-05-13T14:31:19,2199.45,38.5,33.13,26.44,100.0,84.06,,TARGET_36,"38.50,33.13,26.44,100.00,84.06,TARGET_36"
2026-05-13T14:31:20,2200.74,38.5,33.13,26.37,100.0,84.92,,TARGET_36,"38.50,33.13,26.37,100.00,84.92,TARGET_36"
2026-05-13T14:31:22,2202.02,38.56,33.13,26.44,100.0,85.95,,TARGET_36,"38.56,33.13,26.44,100.00,85.95,TARGET_36"
2026-05-13T14:31:23,2203.31,38.63,33.19,26.44,100.0,87.12,,TARGET_36,"38.63,33.19,26.44,100.00,87.12,TARGET_36"
2026-05-13T14:31:24,2204.6,38.63,33.19,26.44,100.0,88.0,,TARGET_36,"38.63,33.19,26.44,100.00,88.00,TARGET_36"
2026-05-13T14:31:26,2205.88,38.69,33.25,26.44,100.0,89.04,,TARGET_36,"38.69,33.25,26.44,100.00,89.04,TARGET_36"
2026-05-13T14:31:27,2207.17,38.69,33.25,26.44,100.0,89.83,,TARGET_36,"38.69,33.25,26.44,100.00,89.83,TARGET_36"
2026-05-13T14:31:28,2208.45,38.75,33.25,26.44,100.0,90.81,,TARGET_36,"38.75,33.25,26.44,100.00,90.81,TARGET_36"
2026-05-13T14:31:29,2209.74,38.75,33.25,26.37,100.0,91.55,,TARGET_36,"38.75,33.25,26.37,100.00,91.55,TARGET_36"
2026-05-13T14:31:31,2211.03,38.81,33.31,26.44,100.0,92.49,,TARGET_36,"38.81,33.31,26.44,100.00,92.49,TARGET_36"
2026-05-13T14:31:32,2212.31,38.81,33.25,26.37,100.0,93.19,,TARGET_36,"38.81,33.25,26.37,100.00,93.19,TARGET_36"
2026-05-13T14:31:33,2213.6,38.88,33.31,26.44,100.0,94.11,,TARGET_36,"38.88,33.31,26.44,100.00,94.11,TARGET_36"
2026-05-13T14:31:35,2214.88,38.88,33.31,26.37,100.0,94.8,,TARGET_36,"38.88,33.31,26.37,100.00,94.80,TARGET_36"
2026-05-13T14:31:36,2216.17,38.94,33.31,26.37,100.0,95.71,,TARGET_36,"38.94,33.31,26.37,100.00,95.71,TARGET_36"
2026-05-13T14:31:37,2217.46,38.94,33.31,26.44,100.0,96.39,,TARGET_36,"38.94,33.31,26.44,100.00,96.39,TARGET_36"
2026-05-13T14:31:38,2218.74,39.0,33.38,26.37,100.0,97.3,,TARGET_36,"39.00,33.38,26.37,100.00,97.30,TARGET_36"
2026-05-13T14:31:40,2220.03,39.0,33.38,26.37,100.0,97.97,,TARGET_36,"39.00,33.38,26.37,100.00,97.97,TARGET_36"
2026-05-13T14:31:41,2221.31,39.0,33.38,26.44,100.0,98.48,,TARGET_36,"39.00,33.38,26.44,100.00,98.48,TARGET_36"
2026-05-13T14:31:42,2222.6,39.06,33.38,26.37,100.0,98.86,,TARGET_36,"39.06,33.38,26.37,100.00,98.86,TARGET_36"
2026-05-13T14:31:44,2223.89,39.06,33.44,26.37,100.0,99.14,,TARGET_36,"39.06,33.44,26.37,100.00,99.14,TARGET_36"
2026-05-13T14:31:45,2225.17,39.13,33.44,26.37,100.0,99.36,,TARGET_36,"39.13,33.44,26.37,100.00,99.36,TARGET_36"
2026-05-13T14:31:46,2226.46,39.13,33.44,26.37,100.0,99.52,,TARGET_36,"39.13,33.44,26.37,100.00,99.52,TARGET_36"
2026-05-13T14:31:47,2227.74,39.13,33.44,26.37,100.0,99.64,,TARGET_36,"39.13,33.44,26.37,100.00,99.64,TARGET_36"
2026-05-13T14:31:49,2229.03,39.19,33.44,26.37,100.0,99.73,,TARGET_36,"39.19,33.44,26.37,100.00,99.73,TARGET_36"
2026-05-13T14:31:50,2230.32,39.19,33.44,26.37,100.0,99.8,,TARGET_36,"39.19,33.44,26.37,100.00,99.80,TARGET_36"
2026-05-13T14:31:51,2231.6,39.25,33.5,26.37,100.0,99.85,,TARGET_36,"39.25,33.50,26.37,100.00,99.85,TARGET_36"
2026-05-13T14:31:53,2232.89,39.25,33.5,26.37,100.0,99.89,,TARGET_36,"39.25,33.50,26.37,100.00,99.89,TARGET_36"
2026-05-13T14:31:54,2234.17,39.25,33.5,26.37,100.0,99.91,,TARGET_36,"39.25,33.50,26.37,100.00,99.91,TARGET_36"
2026-05-13T14:31:55,2235.46,39.25,33.5,26.37,100.0,99.94,,TARGET_36,"39.25,33.50,26.37,100.00,99.94,TARGET_36"
2026-05-13T14:31:56,2236.75,39.31,33.5,26.37,100.0,99.95,,TARGET_36,"39.31,33.50,26.37,100.00,99.95,TARGET_36"
2026-05-13T14:31:58,2238.03,39.38,33.5,26.37,100.0,99.96,,TARGET_36,"39.38,33.50,26.37,100.00,99.96,TARGET_36"
2026-05-13T14:31:59,2239.32,39.38,33.56,26.37,100.0,99.97,,TARGET_36,"39.38,33.56,26.37,100.00,99.97,TARGET_36"
2026-05-13T14:32:00,2240.6,39.38,33.56,26.37,100.0,99.98,,TARGET_36,"39.38,33.56,26.37,100.00,99.98,TARGET_36"
2026-05-13T14:32:02,2241.89,39.38,33.56,26.37,100.0,99.98,,TARGET_36,"39.38,33.56,26.37,100.00,99.98,TARGET_36"
2026-05-13T14:32:03,2243.18,39.44,33.56,26.37,100.0,99.99,,TARGET_36,"39.44,33.56,26.37,100.00,99.99,TARGET_36"
2026-05-13T14:32:04,2244.46,39.44,33.56,26.37,100.0,99.99,,TARGET_36,"39.44,33.56,26.37,100.00,99.99,TARGET_36"
2026-05-13T14:32:05,2245.75,39.44,33.56,26.37,100.0,99.99,,TARGET_36,"39.44,33.56,26.37,100.00,99.99,TARGET_36"
2026-05-13T14:32:07,2247.03,39.5,33.63,26.37,100.0,100.0,,TARGET_36,"39.50,33.63,26.37,100.00,100.00,TARGET_36"
2026-05-13T14:32:08,2248.32,39.5,33.56,26.37,100.0,100.0,,TARGET_36,"39.50,33.56,26.37,100.00,100.00,TARGET_36"
2026-05-13T14:32:09,2249.61,39.5,33.63,26.37,100.0,100.0,,TARGET_36,"39.50,33.63,26.37,100.00,100.00,TARGET_36"
2026-05-13T14:32:11,2250.89,39.56,33.63,26.31,100.0,100.0,,TARGET_36,"39.56,33.63,26.31,100.00,100.00,TARGET_36"
2026-05-13T14:32:12,2252.18,39.56,33.63,26.37,100.0,100.0,,TARGET_36,"39.56,33.63,26.37,100.00,100.00,TARGET_36"
2026-05-13T14:32:13,2253.46,39.56,33.63,26.37,100.0,100.0,,TARGET_36,"39.56,33.63,26.37,100.00,100.00,TARGET_36"
2026-05-13T14:32:14,2254.75,39.63,33.63,26.37,100.0,100.0,,TARGET_36,"39.63,33.63,26.37,100.00,100.00,TARGET_36"
2026-05-13T14:32:16,2256.04,39.63,33.63,26.37,100.0,100.0,,TARGET_36,"39.63,33.63,26.37,100.00,100.00,TARGET_36"
2026-05-13T14:32:17,2257.32,39.63,33.69,26.37,100.0,100.0,,TARGET_36,"39.63,33.69,26.37,100.00,100.00,TARGET_36"
2026-05-13T14:32:18,2258.61,39.63,33.69,26.31,100.0,100.0,,TARGET_36,"39.63,33.69,26.31,100.00,100.00,TARGET_36"
2026-05-13T14:32:20,2259.89,39.69,33.69,26.31,100.0,100.0,,TARGET_36,"39.69,33.69,26.31,100.00,100.00,TARGET_36"
2026-05-13T14:32:21,2261.18,39.69,33.75,26.37,100.0,100.0,,TARGET_36,"39.69,33.75,26.37,100.00,100.00,TARGET_36"
2026-05-13T14:32:22,2262.47,39.69,33.75,26.37,100.0,100.0,,TARGET_36,"39.69,33.75,26.37,100.00,100.00,TARGET_36"
2026-05-13T14:32:23,2263.75,39.75,33.69,26.37,100.0,100.0,,TARGET_36,"39.75,33.69,26.37,100.00,100.00,TARGET_36"
2026-05-13T14:32:25,2265.04,39.75,33.75,26.37,100.0,100.0,,TARGET_36,"39.75,33.75,26.37,100.00,100.00,TARGET_36"
2026-05-13T14:32:26,2266.33,39.75,33.75,26.37,100.0,100.0,,TARGET_36,"39.75,33.75,26.37,100.00,100.00,TARGET_36"
2026-05-13T14:32:27,2267.61,39.75,33.75,26.31,100.0,100.0,,TARGET_36,"39.75,33.75,26.31,100.00,100.00,TARGET_36"
2026-05-13T14:32:29,2268.9,39.81,33.75,26.31,100.0,100.0,,TARGET_36,"39.81,33.75,26.31,100.00,100.00,TARGET_36"
2026-05-13T14:32:30,2270.18,39.81,33.75,26.37,100.0,100.0,,TARGET_36,"39.81,33.75,26.37,100.00,100.00,TARGET_36"
2026-05-13T14:32:31,2271.47,39.81,33.75,26.37,100.0,100.0,,TARGET_36,"39.81,33.75,26.37,100.00,100.00,TARGET_36"
2026-05-13T14:32:32,2272.76,39.81,33.81,26.31,100.0,100.0,,TARGET_36,"39.81,33.81,26.31,100.00,100.00,TARGET_36"
2026-05-13T14:32:34,2274.04,39.81,33.81,26.37,100.0,100.0,,TARGET_36,"39.81,33.81,26.37,100.00,100.00,TARGET_36"
2026-05-13T14:32:35,2275.33,39.88,33.81,26.37,100.0,100.0,,TARGET_36,"39.88,33.81,26.37,100.00,100.00,TARGET_36"
2026-05-13T14:32:36,2276.61,39.88,33.81,26.31,100.0,100.0,,TARGET_36,"39.88,33.81,26.31,100.00,100.00,TARGET_36"
2026-05-13T14:32:38,2277.9,39.88,33.81,26.31,100.0,100.0,,TARGET_36,"39.88,33.81,26.31,100.00,100.00,TARGET_36"
2026-05-13T14:32:39,2279.19,39.88,33.81,26.37,100.0,100.0,,TARGET_36,"39.88,33.81,26.37,100.00,100.00,TARGET_36"
2026-05-13T14:32:40,2280.47,39.94,33.81,26.37,100.0,100.0,,TARGET_36,"39.94,33.81,26.37,100.00,100.00,TARGET_36"
2026-05-13T14:32:41,2281.76,39.94,33.81,26.37,100.0,100.0,,TARGET_36,"39.94,33.81,26.37,100.00,100.00,TARGET_36"
2026-05-13T14:32:43,2283.04,39.94,33.88,26.37,100.0,100.0,,TARGET_36,"39.94,33.88,26.37,100.00,100.00,TARGET_36"
2026-05-13T14:32:44,2284.33,39.94,33.88,26.37,100.0,100.0,,TARGET_36,"39.94,33.88,26.37,100.00,100.00,TARGET_36"
2026-05-13T14:32:45,2285.62,40.0,33.88,26.37,100.0,100.0,,TARGET_36,"40.00,33.88,26.37,100.00,100.00,TARGET_36"
2026-05-13T14:32:47,2286.9,40.0,33.88,26.37,100.0,100.0,,TARGET_36,"40.00,33.88,26.37,100.00,100.00,TARGET_36"
2026-05-13T14:32:48,2288.19,40.0,33.88,26.31,100.0,100.0,,TARGET_36,"40.00,33.88,26.31,100.00,100.00,TARGET_36"
2026-05-13T14:32:49,2289.47,40.0,33.88,26.37,100.0,100.0,,TARGET_36,"40.00,33.88,26.37,100.00,100.00,TARGET_36"
2026-05-13T14:32:50,2290.76,40.0,33.88,26.37,100.0,100.0,,TARGET_36,"40.00,33.88,26.37,100.00,100.00,TARGET_36"
2026-05-13T14:32:52,2292.05,40.06,33.88,26.37,100.0,100.0,,TARGET_36,"40.06,33.88,26.37,100.00,100.00,TARGET_36"
2026-05-13T14:32:53,2293.33,40.06,33.88,26.37,100.0,100.0,,TARGET_36,"40.06,33.88,26.37,100.00,100.00,TARGET_36"
2026-05-13T14:32:54,2294.62,40.06,33.94,26.37,100.0,100.0,,TARGET_36,"40.06,33.94,26.37,100.00,100.00,TARGET_36"
2026-05-13T14:32:56,2295.9,40.13,33.94,26.37,100.0,100.0,,TARGET_36,"40.13,33.94,26.37,100.00,100.00,TARGET_36"
2026-05-13T14:32:57,2297.19,40.13,33.94,26.37,100.0,100.0,,TARGET_36,"40.13,33.94,26.37,100.00,100.00,TARGET_36"
2026-05-13T14:32:58,2298.48,40.13,33.94,26.37,100.0,100.0,,TARGET_36,"40.13,33.94,26.37,100.00,100.00,TARGET_36"
2026-05-13T14:32:59,2299.76,40.13,33.94,26.37,100.0,100.0,,TARGET_36,"40.13,33.94,26.37,100.00,100.00,TARGET_36"
2026-05-13T14:33:01,2301.05,40.19,33.94,26.37,100.0,100.0,,TARGET_36,"40.19,33.94,26.37,100.00,100.00,TARGET_36"
2026-05-13T14:33:02,2302.34,40.19,33.94,26.37,100.0,100.0,,TARGET_36,"40.19,33.94,26.37,100.00,100.00,TARGET_36"
2026-05-13T14:33:03,2303.62,40.19,33.94,26.37,100.0,100.0,,TARGET_36,"40.19,33.94,26.37,100.00,100.00,TARGET_36"
2026-05-13T14:33:05,2304.91,40.19,33.94,26.37,100.0,100.0,,TARGET_36,"40.19,33.94,26.37,100.00,100.00,TARGET_36"
2026-05-13T14:33:06,2306.19,40.19,34.0,26.37,100.0,100.0,,TARGET_36,"40.19,34.00,26.37,100.00,100.00,TARGET_36"
2026-05-13T14:33:07,2307.48,40.19,34.0,26.37,100.0,100.0,,TARGET_36,"40.19,34.00,26.37,100.00,100.00,TARGET_36"
2026-05-13T14:33:08,2308.77,40.25,34.0,26.37,100.0,100.0,,TARGET_36,"40.25,34.00,26.37,100.00,100.00,TARGET_36"
2026-05-13T14:33:10,2310.05,40.25,34.0,26.37,100.0,100.0,,TARGET_36,"40.25,34.00,26.37,100.00,100.00,TARGET_36"
2026-05-13T14:33:11,2311.34,40.25,34.0,26.37,100.0,100.0,,TARGET_36,"40.25,34.00,26.37,100.00,100.00,TARGET_36"
2026-05-13T14:33:12,2312.62,40.25,34.0,26.37,100.0,100.0,,TARGET_36,"40.25,34.00,26.37,100.00,100.00,TARGET_36"
2026-05-13T14:33:14,2313.91,40.25,34.0,26.37,100.0,100.0,,TARGET_36,"40.25,34.00,26.37,100.00,100.00,TARGET_36"
2026-05-13T14:33:15,2315.2,40.31,34.0,26.37,100.0,100.0,,TARGET_36,"40.31,34.00,26.37,100.00,100.00,TARGET_36"
2026-05-13T14:33:16,2316.48,40.31,34.06,26.31,100.0,100.0,,TARGET_36,"40.31,34.06,26.31,100.00,100.00,TARGET_36"
2026-05-13T14:33:17,2317.77,40.31,34.0,26.37,100.0,100.0,,TARGET_36,"40.31,34.00,26.37,100.00,100.00,TARGET_36"
2026-05-13T14:33:19,2319.05,40.31,34.0,26.37,100.0,100.0,,TARGET_36,"40.31,34.00,26.37,100.00,100.00,TARGET_36"
2026-05-13T14:33:20,2320.34,40.31,34.0,26.37,100.0,100.0,,TARGET_36,"40.31,34.00,26.37,100.00,100.00,TARGET_36"
2026-05-13T14:33:21,2321.63,40.31,34.06,26.37,100.0,100.0,,TARGET_36,"40.31,34.06,26.37,100.00,100.00,TARGET_36"
2026-05-13T14:33:23,2322.91,40.38,34.06,26.37,100.0,100.0,,TARGET_36,"40.38,34.06,26.37,100.00,100.00,TARGET_36"
2026-05-13T14:33:24,2324.2,40.38,34.06,26.37,100.0,100.0,,TARGET_36,"40.38,34.06,26.37,100.00,100.00,TARGET_36"
2026-05-13T14:33:25,2325.49,40.38,34.06,26.37,100.0,100.0,,TARGET_36,"40.38,34.06,26.37,100.00,100.00,TARGET_36"
2026-05-13T14:33:26,2326.77,40.38,34.06,26.37,100.0,100.0,,TARGET_36,"40.38,34.06,26.37,100.00,100.00,TARGET_36"
2026-05-13T14:33:28,2328.06,40.38,34.06,26.37,100.0,100.0,,TARGET_36,"40.38,34.06,26.37,100.00,100.00,TARGET_36"
2026-05-13T14:33:29,2329.34,40.38,34.06,26.37,100.0,100.0,,TARGET_36,"40.38,34.06,26.37,100.00,100.00,TARGET_36"
2026-05-13T14:33:30,2330.63,40.44,34.06,26.37,100.0,100.0,,TARGET_36,"40.44,34.06,26.37,100.00,100.00,TARGET_36"
2026-05-13T14:33:32,2331.92,40.44,34.13,26.37,100.0,100.0,,TARGET_36,"40.44,34.13,26.37,100.00,100.00,TARGET_36"
2026-05-13T14:33:33,2333.2,40.44,34.13,26.37,100.0,100.0,,TARGET_36,"40.44,34.13,26.37,100.00,100.00,TARGET_36"
2026-05-13T14:33:34,2334.49,40.44,34.13,26.37,100.0,100.0,,TARGET_36,"40.44,34.13,26.37,100.00,100.00,TARGET_36"
2026-05-13T14:33:35,2335.77,40.44,34.13,26.37,100.0,100.0,,TARGET_36,"40.44,34.13,26.37,100.00,100.00,TARGET_36"
2026-05-13T14:33:37,2337.06,40.44,34.13,26.37,100.0,100.0,,TARGET_36,"40.44,34.13,26.37,100.00,100.00,TARGET_36"
2026-05-13T14:33:38,2338.35,40.44,34.13,26.37,100.0,100.0,,TARGET_36,"40.44,34.13,26.37,100.00,100.00,TARGET_36"
2026-05-13T14:33:39,2339.63,40.5,34.13,26.37,100.0,100.0,,TARGET_36,"40.50,34.13,26.37,100.00,100.00,TARGET_36"
2026-05-13T14:33:41,2340.92,40.5,34.13,26.37,100.0,100.0,,TARGET_36,"40.50,34.13,26.37,100.00,100.00,TARGET_36"
2026-05-13T14:33:42,2342.2,40.5,34.13,26.37,100.0,100.0,,TARGET_36,"40.50,34.13,26.37,100.00,100.00,TARGET_36"
2026-05-13T14:33:43,2343.49,40.5,34.13,26.37,100.0,100.0,,TARGET_36,"40.50,34.13,26.37,100.00,100.00,TARGET_36"
2026-05-13T14:33:44,2344.78,40.5,34.13,26.37,100.0,100.0,,TARGET_36,"40.50,34.13,26.37,100.00,100.00,TARGET_36"
2026-05-13T14:33:46,2346.06,40.5,34.13,26.37,100.0,100.0,,TARGET_36,"40.50,34.13,26.37,100.00,100.00,TARGET_36"
2026-05-13T14:33:47,2347.35,40.5,34.19,26.31,100.0,100.0,,TARGET_36,"40.50,34.19,26.31,100.00,100.00,TARGET_36"
2026-05-13T14:33:48,2348.63,40.56,34.19,26.37,100.0,100.0,,TARGET_36,"40.56,34.19,26.37,100.00,100.00,TARGET_36"
2026-05-13T14:33:50,2349.92,40.5,34.19,26.37,100.0,100.0,,TARGET_36,"40.50,34.19,26.37,100.00,100.00,TARGET_36"
2026-05-13T14:33:51,2351.21,40.56,34.19,26.37,100.0,100.0,,TARGET_36,"40.56,34.19,26.37,100.00,100.00,TARGET_36"
2026-05-13T14:33:52,2352.49,40.56,34.19,26.37,100.0,100.0,,TARGET_36,"40.56,34.19,26.37,100.00,100.00,TARGET_36"
2026-05-13T14:33:53,2353.78,40.56,34.19,26.37,100.0,100.0,,TARGET_36,"40.56,34.19,26.37,100.00,100.00,TARGET_36"
2026-05-13T14:33:55,2355.06,40.56,34.19,26.37,100.0,100.0,,TARGET_36,"40.56,34.19,26.37,100.00,100.00,TARGET_36"
2026-05-13T14:33:56,2356.35,40.63,34.25,26.37,100.0,100.0,,TARGET_36,"40.63,34.25,26.37,100.00,100.00,TARGET_36"
2026-05-13T14:33:57,2357.64,40.63,34.25,26.37,100.0,100.0,,TARGET_36,"40.63,34.25,26.37,100.00,100.00,TARGET_36"
2026-05-13T14:33:59,2358.92,40.63,34.25,26.37,100.0,100.0,,TARGET_36,"40.63,34.25,26.37,100.00,100.00,TARGET_36"
2026-05-13T14:34:00,2360.21,40.63,34.25,26.37,100.0,100.0,,TARGET_36,"40.63,34.25,26.37,100.00,100.00,TARGET_36"
2026-05-13T14:34:01,2361.49,40.63,34.25,26.37,100.0,100.0,,TARGET_36,"40.63,34.25,26.37,100.00,100.00,TARGET_36"
2026-05-13T14:34:02,2362.78,40.63,34.25,26.37,100.0,100.0,,TARGET_36,"40.63,34.25,26.37,100.00,100.00,TARGET_36"
2026-05-13T14:34:04,2364.07,40.63,34.25,26.37,100.0,100.0,,TARGET_36,"40.63,34.25,26.37,100.00,100.00,TARGET_36"
2026-05-13T14:34:05,2365.35,40.63,34.25,26.37,100.0,100.0,,TARGET_36,"40.63,34.25,26.37,100.00,100.00,TARGET_36"
2026-05-13T14:34:06,2366.64,40.63,34.25,26.37,100.0,100.0,,TARGET_36,"40.63,34.25,26.37,100.00,100.00,TARGET_36"
2026-05-13T14:34:08,2367.93,40.69,34.25,26.37,100.0,100.0,,TARGET_36,"40.69,34.25,26.37,100.00,100.00,TARGET_36"
2026-05-13T14:34:09,2369.21,40.69,34.25,26.37,100.0,100.0,,TARGET_36,"40.69,34.25,26.37,100.00,100.00,TARGET_36"
2026-05-13T14:34:10,2370.5,40.69,34.31,26.37,100.0,100.0,,TARGET_36,"40.69,34.31,26.37,100.00,100.00,TARGET_36"
2026-05-13T14:34:11,2371.78,40.69,34.25,26.37,100.0,100.0,,TARGET_36,"40.69,34.25,26.37,100.00,100.00,TARGET_36"
2026-05-13T14:34:13,2373.07,40.69,34.31,26.37,100.0,100.0,,TARGET_36,"40.69,34.31,26.37,100.00,100.00,TARGET_36"
2026-05-13T14:34:14,2374.36,40.69,34.25,26.37,100.0,100.0,,TARGET_36,"40.69,34.25,26.37,100.00,100.00,TARGET_36"
2026-05-13T14:34:15,2375.64,40.69,34.31,26.37,100.0,100.0,,TARGET_36,"40.69,34.31,26.37,100.00,100.00,TARGET_36"
2026-05-13T14:34:17,2376.93,40.69,34.31,26.37,100.0,100.0,,TARGET_36,"40.69,34.31,26.37,100.00,100.00,TARGET_36"
2026-05-13T14:34:18,2378.22,40.69,34.31,26.37,100.0,100.0,,TARGET_36,"40.69,34.31,26.37,100.00,100.00,TARGET_36"
2026-05-13T14:34:19,2379.5,40.69,34.31,26.37,100.0,100.0,,TARGET_36,"40.69,34.31,26.37,100.00,100.00,TARGET_36"
2026-05-13T14:34:20,2380.79,40.75,34.31,26.37,100.0,100.0,,TARGET_36,"40.75,34.31,26.37,100.00,100.00,TARGET_36"
2026-05-13T14:34:22,2382.07,40.75,34.31,26.37,100.0,100.0,,TARGET_36,"40.75,34.31,26.37,100.00,100.00,TARGET_36"
2026-05-13T14:34:23,2383.36,40.75,34.31,26.37,100.0,100.0,,TARGET_36,"40.75,34.31,26.37,100.00,100.00,TARGET_36"
2026-05-13T14:34:24,2384.64,40.75,34.31,26.37,100.0,100.0,,TARGET_36,"40.75,34.31,26.37,100.00,100.00,TARGET_36"
2026-05-13T14:34:26,2385.93,40.75,34.31,26.37,100.0,100.0,,TARGET_36,"40.75,34.31,26.37,100.00,100.00,TARGET_36"
2026-05-13T14:34:27,2387.22,40.75,34.31,26.37,100.0,100.0,,TARGET_36,"40.75,34.31,26.37,100.00,100.00,TARGET_36"
2026-05-13T14:34:28,2388.5,40.75,34.31,26.37,100.0,100.0,,TARGET_36,"40.75,34.31,26.37,100.00,100.00,TARGET_36"
2026-05-13T14:34:29,2389.79,40.75,34.31,26.37,100.0,100.0,,TARGET_36,"40.75,34.31,26.37,100.00,100.00,TARGET_36"
2026-05-13T14:34:31,2391.08,40.81,34.31,26.37,100.0,100.0,,TARGET_36,"40.81,34.31,26.37,100.00,100.00,TARGET_36"
2026-05-13T14:34:32,2392.36,40.81,34.31,26.37,100.0,100.0,,TARGET_36,"40.81,34.31,26.37,100.00,100.00,TARGET_36"
2026-05-13T14:34:33,2393.65,40.81,34.38,26.37,100.0,100.0,,TARGET_36,"40.81,34.38,26.37,100.00,100.00,TARGET_36"
2026-05-13T14:34:35,2394.93,40.81,34.38,26.37,100.0,100.0,,TARGET_36,"40.81,34.38,26.37,100.00,100.00,TARGET_36"
2026-05-13T14:34:36,2396.22,40.81,34.38,26.37,100.0,100.0,,TARGET_36,"40.81,34.38,26.37,100.00,100.00,TARGET_36"
2026-05-13T14:34:37,2397.51,40.81,34.38,26.37,100.0,100.0,,TARGET_36,"40.81,34.38,26.37,100.00,100.00,TARGET_36"
2026-05-13T14:34:38,2398.79,40.81,34.38,26.37,100.0,100.0,,TARGET_36,"40.81,34.38,26.37,100.00,100.00,TARGET_36"
2026-05-13T14:34:40,2400.08,40.81,34.38,26.37,100.0,100.0,,TARGET_36,"40.81,34.38,26.37,100.00,100.00,TARGET_36"
2026-05-13T14:34:41,2401.36,40.81,34.38,26.37,100.0,100.0,,TARGET_36,"40.81,34.38,26.37,100.00,100.00,TARGET_36"
2026-05-13T14:34:42,2402.65,40.81,34.38,26.37,100.0,100.0,,TARGET_36,"40.81,34.38,26.37,100.00,100.00,TARGET_36"
2026-05-13T14:34:44,2403.94,40.81,34.38,26.37,100.0,100.0,,TARGET_36,"40.81,34.38,26.37,100.00,100.00,TARGET_36"
2026-05-13T14:34:45,2405.22,40.88,34.38,26.37,100.0,100.0,,TARGET_36,"40.88,34.38,26.37,100.00,100.00,TARGET_36"
2026-05-13T14:34:46,2406.51,40.88,34.38,26.37,100.0,100.0,,TARGET_36,"40.88,34.38,26.37,100.00,100.00,TARGET_36"
2026-05-13T14:34:47,2407.79,40.88,34.38,26.37,100.0,100.0,,TARGET_36,"40.88,34.38,26.37,100.00,100.00,TARGET_36"
2026-05-13T14:34:49,2409.08,40.88,34.38,26.37,100.0,100.0,,TARGET_36,"40.88,34.38,26.37,100.00,100.00,TARGET_36"
2026-05-13T14:34:50,2410.37,40.88,34.38,26.37,100.0,100.0,,TARGET_36,"40.88,34.38,26.37,100.00,100.00,TARGET_36"
2026-05-13T14:34:51,2411.65,40.88,34.38,26.37,100.0,100.0,,TARGET_36,"40.88,34.38,26.37,100.00,100.00,TARGET_36"
2026-05-13T14:34:53,2412.94,40.88,34.38,26.37,100.0,100.0,,TARGET_36,"40.88,34.38,26.37,100.00,100.00,TARGET_36"
2026-05-13T14:34:54,2414.23,40.88,34.38,26.37,100.0,100.0,,TARGET_36,"40.88,34.38,26.37,100.00,100.00,TARGET_36"
2026-05-13T14:34:55,2415.51,40.88,34.44,26.37,100.0,100.0,,TARGET_36,"40.88,34.44,26.37,100.00,100.00,TARGET_36"
2026-05-13T14:34:56,2416.8,40.88,34.38,26.44,100.0,100.0,,TARGET_36,"40.88,34.38,26.44,100.00,100.00,TARGET_36"
2026-05-13T14:34:58,2418.08,40.88,34.44,26.37,100.0,100.0,,TARGET_36,"40.88,34.44,26.37,100.00,100.00,TARGET_36"
2026-05-13T14:34:59,2419.37,40.88,34.44,26.37,100.0,100.0,,TARGET_36,"40.88,34.44,26.37,100.00,100.00,TARGET_36"
2026-05-13T14:35:00,2420.66,40.94,34.44,26.37,100.0,100.0,,TARGET_36,"40.94,34.44,26.37,100.00,100.00,TARGET_36"
2026-05-13T14:35:02,2421.94,40.94,34.44,26.37,100.0,100.0,,TARGET_36,"40.94,34.44,26.37,100.00,100.00,TARGET_36"
2026-05-13T14:35:03,2423.23,40.88,34.44,26.44,100.0,100.0,,TARGET_36,"40.88,34.44,26.44,100.00,100.00,TARGET_36"
2026-05-13T14:35:04,2424.51,40.88,34.44,26.37,100.0,100.0,,TARGET_36,"40.88,34.44,26.37,100.00,100.00,TARGET_36"
2026-05-13T14:35:05,2425.8,40.94,34.44,26.37,100.0,100.0,,TARGET_36,"40.94,34.44,26.37,100.00,100.00,TARGET_36"
2026-05-13T14:35:07,2427.09,40.94,34.44,26.44,100.0,100.0,,TARGET_36,"40.94,34.44,26.44,100.00,100.00,TARGET_36"
2026-05-13T14:35:08,2428.37,40.94,34.5,26.44,100.0,100.0,,TARGET_36,"40.94,34.50,26.44,100.00,100.00,TARGET_36"
2026-05-13T14:35:09,2429.66,40.94,34.44,26.44,100.0,100.0,,TARGET_36,"40.94,34.44,26.44,100.00,100.00,TARGET_36"
2026-05-13T14:35:11,2430.95,40.94,34.44,26.44,100.0,100.0,,TARGET_36,"40.94,34.44,26.44,100.00,100.00,TARGET_36"
2026-05-13T14:35:12,2432.23,40.94,34.44,26.44,100.0,100.0,,TARGET_36,"40.94,34.44,26.44,100.00,100.00,TARGET_36"
2026-05-13T14:35:13,2433.52,40.94,34.5,26.37,100.0,100.0,,TARGET_36,"40.94,34.50,26.37,100.00,100.00,TARGET_36"
2026-05-13T14:35:14,2434.8,40.94,34.5,26.37,100.0,100.0,,TARGET_36,"40.94,34.50,26.37,100.00,100.00,TARGET_36"
2026-05-13T14:35:16,2436.09,40.94,34.5,26.44,100.0,100.0,,TARGET_36,"40.94,34.50,26.44,100.00,100.00,TARGET_36"
2026-05-13T14:35:17,2437.38,40.94,34.5,26.44,100.0,100.0,,TARGET_36,"40.94,34.50,26.44,100.00,100.00,TARGET_36"
2026-05-13T14:35:18,2438.66,40.94,34.5,26.44,100.0,100.0,,TARGET_36,"40.94,34.50,26.44,100.00,100.00,TARGET_36"
2026-05-13T14:35:20,2439.95,40.94,34.5,26.37,100.0,100.0,,TARGET_36,"40.94,34.50,26.37,100.00,100.00,TARGET_36"
2026-05-13T14:35:21,2441.23,40.94,34.5,26.44,100.0,100.0,,TARGET_36,"40.94,34.50,26.44,100.00,100.00,TARGET_36"
2026-05-13T14:35:22,2442.52,40.94,34.5,26.44,100.0,100.0,,TARGET_36,"40.94,34.50,26.44,100.00,100.00,TARGET_36"
2026-05-13T14:35:23,2443.81,41.0,34.5,26.44,100.0,100.0,,TARGET_36,"41.00,34.50,26.44,100.00,100.00,TARGET_36"
2026-05-13T14:35:25,2445.09,41.0,34.5,26.44,100.0,100.0,,TARGET_36,"41.00,34.50,26.44,100.00,100.00,TARGET_36"
2026-05-13T14:35:26,2446.38,41.0,34.5,26.44,100.0,100.0,,TARGET_36,"41.00,34.50,26.44,100.00,100.00,TARGET_36"
2026-05-13T14:35:27,2447.66,41.0,34.5,26.44,100.0,100.0,,TARGET_36,"41.00,34.50,26.44,100.00,100.00,TARGET_36"
2026-05-13T14:35:29,2448.95,41.0,34.5,26.44,100.0,100.0,,TARGET_36,"41.00,34.50,26.44,100.00,100.00,TARGET_36"
2026-05-13T14:35:30,2450.24,41.0,34.5,26.44,100.0,100.0,,TARGET_36,"41.00,34.50,26.44,100.00,100.00,TARGET_36"
2026-05-13T14:35:31,2451.52,41.0,34.5,26.44,100.0,100.0,,TARGET_36,"41.00,34.50,26.44,100.00,100.00,TARGET_36"
2026-05-13T14:35:32,2452.81,41.0,34.5,26.37,100.0,100.0,,TARGET_36,"41.00,34.50,26.37,100.00,100.00,TARGET_36"
2026-05-13T14:35:34,2454.09,41.0,34.56,26.44,100.0,100.0,,TARGET_36,"41.00,34.56,26.44,100.00,100.00,TARGET_36"
2026-05-13T14:35:35,2455.38,41.0,34.5,26.44,100.0,100.0,,TARGET_36,"41.00,34.50,26.44,100.00,100.00,TARGET_36"
2026-05-13T14:35:36,2456.67,41.0,34.5,26.44,100.0,100.0,,TARGET_36,"41.00,34.50,26.44,100.00,100.00,TARGET_36"
2026-05-13T14:35:38,2457.95,41.0,34.5,26.44,100.0,100.0,,TARGET_36,"41.00,34.50,26.44,100.00,100.00,TARGET_36"
2026-05-13T14:35:39,2459.24,41.0,34.56,26.44,100.0,100.0,,TARGET_36,"41.00,34.56,26.44,100.00,100.00,TARGET_36"
2026-05-13T14:35:40,2460.52,41.0,34.56,26.44,100.0,100.0,,TARGET_36,"41.00,34.56,26.44,100.00,100.00,TARGET_36"
2026-05-13T14:35:41,2461.81,41.0,34.56,26.44,100.0,100.0,,TARGET_36,"41.00,34.56,26.44,100.00,100.00,TARGET_36"
2026-05-13T14:35:43,2463.1,41.0,34.56,26.44,100.0,100.0,,TARGET_36,"41.00,34.56,26.44,100.00,100.00,TARGET_36"
2026-05-13T14:35:44,2464.38,41.0,34.56,26.44,100.0,100.0,,TARGET_36,"41.00,34.56,26.44,100.00,100.00,TARGET_36"
2026-05-13T14:35:45,2465.67,41.0,34.56,26.44,100.0,100.0,,TARGET_36,"41.00,34.56,26.44,100.00,100.00,TARGET_36"
2026-05-13T14:35:47,2466.96,41.0,34.56,26.44,100.0,100.0,,TARGET_36,"41.00,34.56,26.44,100.00,100.00,TARGET_36"
2026-05-13T14:35:48,2468.24,41.0,34.56,26.44,100.0,100.0,,TARGET_36,"41.00,34.56,26.44,100.00,100.00,TARGET_36"
2026-05-13T14:35:49,2469.53,41.0,34.56,26.44,100.0,100.0,,TARGET_36,"41.00,34.56,26.44,100.00,100.00,TARGET_36"
2026-05-13T14:35:50,2470.81,41.0,34.56,26.44,100.0,100.0,,TARGET_36,"41.00,34.56,26.44,100.00,100.00,TARGET_36"
2026-05-13T14:35:52,2472.1,41.06,34.56,26.44,100.0,100.0,,TARGET_36,"41.06,34.56,26.44,100.00,100.00,TARGET_36"
2026-05-13T14:35:53,2473.39,41.06,34.56,26.44,100.0,100.0,,TARGET_36,"41.06,34.56,26.44,100.00,100.00,TARGET_36"
2026-05-13T14:35:54,2474.67,41.06,34.56,26.44,100.0,100.0,,TARGET_36,"41.06,34.56,26.44,100.00,100.00,TARGET_36"
2026-05-13T14:35:56,2475.96,41.06,34.56,26.44,100.0,100.0,,TARGET_36,"41.06,34.56,26.44,100.00,100.00,TARGET_36"
2026-05-13T14:35:57,2477.24,41.06,34.56,26.44,100.0,100.0,,TARGET_36,"41.06,34.56,26.44,100.00,100.00,TARGET_36"
2026-05-13T14:35:58,2478.53,41.06,34.56,26.44,100.0,100.0,,TARGET_36,"41.06,34.56,26.44,100.00,100.00,TARGET_36"
2026-05-13T14:35:59,2479.82,41.06,34.56,26.44,100.0,100.0,,TARGET_36,"41.06,34.56,26.44,100.00,100.00,TARGET_36"
2026-05-13T14:36:01,2481.1,41.06,34.56,26.44,100.0,100.0,,TARGET_36,"41.06,34.56,26.44,100.00,100.00,TARGET_36"
2026-05-13T14:36:02,2482.39,41.06,34.63,26.44,100.0,100.0,,TARGET_36,"41.06,34.63,26.44,100.00,100.00,TARGET_36"
2026-05-13T14:36:03,2483.67,41.06,34.56,26.44,100.0,100.0,,TARGET_36,"41.06,34.56,26.44,100.00,100.00,TARGET_36"
2026-05-13T14:36:05,2484.96,41.06,34.56,26.44,100.0,100.0,,TARGET_36,"41.06,34.56,26.44,100.00,100.00,TARGET_36"
2026-05-13T14:36:06,2486.25,41.06,34.56,26.44,100.0,100.0,,TARGET_36,"41.06,34.56,26.44,100.00,100.00,TARGET_36"
2026-05-13T14:36:07,2487.53,41.06,34.56,26.44,100.0,100.0,,TARGET_36,"41.06,34.56,26.44,100.00,100.00,TARGET_36"
2026-05-13T14:36:08,2488.82,41.06,34.56,26.44,100.0,100.0,,TARGET_36,"41.06,34.56,26.44,100.00,100.00,TARGET_36"
2026-05-13T14:36:10,2490.1,41.13,34.56,26.44,100.0,100.0,,TARGET_36,"41.13,34.56,26.44,100.00,100.00,TARGET_36"
2026-05-13T14:36:11,2491.39,41.13,34.63,26.44,100.0,100.0,,TARGET_36,"41.13,34.63,26.44,100.00,100.00,TARGET_36"
2026-05-13T14:36:12,2492.68,41.06,34.63,26.44,100.0,100.0,,TARGET_36,"41.06,34.63,26.44,100.00,100.00,TARGET_36"
2026-05-13T14:36:14,2493.96,41.06,34.56,26.44,100.0,100.0,,TARGET_36,"41.06,34.56,26.44,100.00,100.00,TARGET_36"
2026-05-13T14:36:15,2495.25,41.13,34.63,26.44,100.0,100.0,,TARGET_36,"41.13,34.63,26.44,100.00,100.00,TARGET_36"
2026-05-13T14:36:16,2496.54,41.13,34.63,26.44,100.0,100.0,,TARGET_36,"41.13,34.63,26.44,100.00,100.00,TARGET_36"
2026-05-13T14:36:17,2497.82,41.13,34.63,26.44,100.0,100.0,,TARGET_36,"41.13,34.63,26.44,100.00,100.00,TARGET_36"
2026-05-13T14:36:19,2499.11,41.13,34.63,26.44,100.0,100.0,,TARGET_36,"41.13,34.63,26.44,100.00,100.00,TARGET_36"
2026-05-13T14:36:20,2500.39,41.13,34.63,26.44,100.0,100.0,,TARGET_36,"41.13,34.63,26.44,100.00,100.00,TARGET_36"
2026-05-13T14:36:21,2501.68,41.13,34.63,26.44,100.0,100.0,,TARGET_36,"41.13,34.63,26.44,100.00,100.00,TARGET_36"
2026-05-13T14:36:23,2502.97,41.13,34.63,26.44,100.0,100.0,,TARGET_36,"41.13,34.63,26.44,100.00,100.00,TARGET_36"
2026-05-13T14:36:24,2504.25,41.13,34.63,26.44,100.0,100.0,,TARGET_36,"41.13,34.63,26.44,100.00,100.00,TARGET_36"
2026-05-13T14:36:25,2505.54,41.13,34.63,26.44,100.0,100.0,,TARGET_36,"41.13,34.63,26.44,100.00,100.00,TARGET_36"
2026-05-13T14:36:26,2506.82,41.13,34.63,26.44,100.0,100.0,,TARGET_36,"41.13,34.63,26.44,100.00,100.00,TARGET_36"
2026-05-13T14:36:28,2508.11,41.13,34.63,26.44,100.0,100.0,,TARGET_36,"41.13,34.63,26.44,100.00,100.00,TARGET_36"
2026-05-13T14:36:29,2509.4,41.13,34.63,26.44,100.0,100.0,,TARGET_36,"41.13,34.63,26.44,100.00,100.00,TARGET_36"
2026-05-13T14:36:30,2510.68,41.13,34.63,26.44,100.0,100.0,,TARGET_36,"41.13,34.63,26.44,100.00,100.00,TARGET_36"
2026-05-13T14:36:32,2511.97,41.13,34.63,26.44,100.0,100.0,,TARGET_36,"41.13,34.63,26.44,100.00,100.00,TARGET_36"
2026-05-13T14:36:33,2513.26,41.13,34.63,26.44,100.0,100.0,,TARGET_36,"41.13,34.63,26.44,100.00,100.00,TARGET_36"
2026-05-13T14:36:34,2514.54,41.13,34.63,26.44,100.0,100.0,,TARGET_36,"41.13,34.63,26.44,100.00,100.00,TARGET_36"
2026-05-13T14:36:35,2515.83,41.13,34.63,26.44,100.0,100.0,,TARGET_36,"41.13,34.63,26.44,100.00,100.00,TARGET_36"
2026-05-13T14:36:37,2517.11,41.13,34.63,26.44,100.0,100.0,,TARGET_36,"41.13,34.63,26.44,100.00,100.00,TARGET_36"
2026-05-13T14:36:38,2518.4,41.13,34.63,26.44,100.0,100.0,,TARGET_36,"41.13,34.63,26.44,100.00,100.00,TARGET_36"
2026-05-13T14:36:39,2519.69,41.13,34.63,26.44,100.0,100.0,,TARGET_36,"41.13,34.63,26.44,100.00,100.00,TARGET_36"
2026-05-13T14:36:41,2520.97,41.13,34.63,26.44,100.0,100.0,,TARGET_36,"41.13,34.63,26.44,100.00,100.00,TARGET_36"
2026-05-13T14:36:42,2522.26,41.13,34.63,26.44,100.0,100.0,,TARGET_36,"41.13,34.63,26.44,100.00,100.00,TARGET_36"
2026-05-13T14:36:43,2523.54,41.13,34.69,26.44,100.0,100.0,,TARGET_36,"41.13,34.69,26.44,100.00,100.00,TARGET_36"
2026-05-13T14:36:44,2524.83,41.13,34.69,26.44,100.0,100.0,,TARGET_36,"41.13,34.69,26.44,100.00,100.00,TARGET_36"
2026-05-13T14:36:46,2526.12,41.13,34.63,26.44,100.0,100.0,,TARGET_36,"41.13,34.63,26.44,100.00,100.00,TARGET_36"
2026-05-13T14:36:47,2527.4,41.13,34.69,26.44,100.0,100.0,,TARGET_36,"41.13,34.69,26.44,100.00,100.00,TARGET_36"
2026-05-13T14:36:48,2528.69,41.13,34.69,26.44,100.0,100.0,,TARGET_36,"41.13,34.69,26.44,100.00,100.00,TARGET_36"
2026-05-13T14:36:50,2529.97,41.13,34.69,26.44,100.0,100.0,,TARGET_36,"41.13,34.69,26.44,100.00,100.00,TARGET_36"
2026-05-13T14:36:51,2531.26,41.13,34.69,26.44,100.0,100.0,,TARGET_36,"41.13,34.69,26.44,100.00,100.00,TARGET_36"
2026-05-13T14:36:52,2532.55,41.19,34.69,26.5,100.0,100.0,,TARGET_36,"41.19,34.69,26.50,100.00,100.00,TARGET_36"
2026-05-13T14:36:53,2533.83,41.19,34.69,26.44,100.0,100.0,,TARGET_36,"41.19,34.69,26.44,100.00,100.00,TARGET_36"
2026-05-13T14:36:55,2535.12,41.19,34.69,26.44,100.0,100.0,,TARGET_36,"41.19,34.69,26.44,100.00,100.00,TARGET_36"
2026-05-13T14:36:56,2536.4,41.19,34.69,26.5,100.0,100.0,,TARGET_36,"41.19,34.69,26.50,100.00,100.00,TARGET_36"
2026-05-13T14:36:57,2537.69,41.19,34.75,26.44,100.0,100.0,,TARGET_36,"41.19,34.75,26.44,100.00,100.00,TARGET_36"
2026-05-13T14:36:59,2538.98,41.13,34.69,26.44,100.0,100.0,,TARGET_36,"41.13,34.69,26.44,100.00,100.00,TARGET_36"
2026-05-13T14:37:00,2540.26,41.19,34.69,26.5,100.0,100.0,,TARGET_36,"41.19,34.69,26.50,100.00,100.00,TARGET_36"
2026-05-13T14:37:01,2541.55,41.19,34.75,26.5,100.0,100.0,,TARGET_36,"41.19,34.75,26.50,100.00,100.00,TARGET_36"
2026-05-13T14:37:02,2542.84,41.19,34.75,26.5,100.0,100.0,,TARGET_36,"41.19,34.75,26.50,100.00,100.00,TARGET_36"
2026-05-13T14:37:04,2544.12,41.19,34.69,26.5,100.0,100.0,,TARGET_36,"41.19,34.69,26.50,100.00,100.00,TARGET_36"
2026-05-13T14:37:05,2545.41,41.19,34.75,26.44,100.0,100.0,,TARGET_36,"41.19,34.75,26.44,100.00,100.00,TARGET_36"
2026-05-13T14:37:06,2546.69,41.19,34.69,26.5,100.0,100.0,,TARGET_36,"41.19,34.69,26.50,100.00,100.00,TARGET_36"
2026-05-13T14:37:08,2547.98,41.19,34.75,26.5,100.0,100.0,,TARGET_36,"41.19,34.75,26.50,100.00,100.00,TARGET_36"
2026-05-13T14:37:09,2549.27,41.19,34.75,26.44,100.0,100.0,,TARGET_36,"41.19,34.75,26.44,100.00,100.00,TARGET_36"
2026-05-13T14:37:10,2550.55,41.19,34.75,26.5,100.0,100.0,,TARGET_36,"41.19,34.75,26.50,100.00,100.00,TARGET_36"
2026-05-13T14:37:11,2551.84,41.19,34.75,26.44,100.0,100.0,,TARGET_36,"41.19,34.75,26.44,100.00,100.00,TARGET_36"
2026-05-13T14:37:13,2553.12,41.19,34.75,26.44,100.0,100.0,,TARGET_36,"41.19,34.75,26.44,100.00,100.00,TARGET_36"
2026-05-13T14:37:14,2554.41,41.19,34.69,26.5,100.0,100.0,,TARGET_36,"41.19,34.69,26.50,100.00,100.00,TARGET_36"
2026-05-13T14:37:15,2555.7,41.19,34.75,26.5,100.0,100.0,,TARGET_36,"41.19,34.75,26.50,100.00,100.00,TARGET_36"
2026-05-13T14:37:17,2556.98,41.19,34.69,26.5,100.0,100.0,,TARGET_36,"41.19,34.69,26.50,100.00,100.00,TARGET_36"
2026-05-13T14:37:18,2558.27,41.19,34.69,26.5,100.0,100.0,,TARGET_36,"41.19,34.69,26.50,100.00,100.00,TARGET_36"
2026-05-13T14:37:19,2559.55,41.19,34.69,26.5,100.0,100.0,,TARGET_36,"41.19,34.69,26.50,100.00,100.00,TARGET_36"
2026-05-13T14:37:20,2560.84,41.19,34.75,26.5,100.0,100.0,,TARGET_36,"41.19,34.75,26.50,100.00,100.00,TARGET_36"
2026-05-13T14:37:22,2562.13,41.19,34.69,26.5,100.0,100.0,,TARGET_36,"41.19,34.69,26.50,100.00,100.00,TARGET_36"
2026-05-13T14:37:23,2563.41,41.19,34.69,26.5,100.0,100.0,,TARGET_36,"41.19,34.69,26.50,100.00,100.00,TARGET_36"
2026-05-13T14:37:24,2564.7,41.19,34.75,26.5,100.0,100.0,,TARGET_36,"41.19,34.75,26.50,100.00,100.00,TARGET_36"
2026-05-13T14:37:26,2565.98,41.19,34.69,26.5,100.0,100.0,,TARGET_36,"41.19,34.69,26.50,100.00,100.00,TARGET_36"
2026-05-13T14:37:27,2567.27,41.19,34.69,26.5,100.0,100.0,,TARGET_36,"41.19,34.69,26.50,100.00,100.00,TARGET_36"
2026-05-13T14:37:28,2568.56,41.19,34.69,26.5,100.0,100.0,,TARGET_36,"41.19,34.69,26.50,100.00,100.00,TARGET_36"
2026-05-13T14:37:29,2569.84,41.19,34.75,26.5,100.0,100.0,,TARGET_36,"41.19,34.75,26.50,100.00,100.00,TARGET_36"
2026-05-13T14:37:31,2571.13,41.19,34.75,26.5,100.0,100.0,,TARGET_36,"41.19,34.75,26.50,100.00,100.00,TARGET_36"
2026-05-13T14:37:32,2572.42,41.19,34.75,26.5,100.0,100.0,,TARGET_36,"41.19,34.75,26.50,100.00,100.00,TARGET_36"
2026-05-13T14:37:33,2573.7,41.19,34.75,26.5,100.0,100.0,,TARGET_36,"41.19,34.75,26.50,100.00,100.00,TARGET_36"
2026-05-13T14:37:35,2574.99,41.19,34.75,26.5,100.0,100.0,,TARGET_36,"41.19,34.75,26.50,100.00,100.00,TARGET_36"
2026-05-13T14:37:36,2576.27,41.19,34.75,26.5,100.0,100.0,,TARGET_36,"41.19,34.75,26.50,100.00,100.00,TARGET_36"
2026-05-13T14:37:37,2577.56,41.19,34.75,26.5,100.0,100.0,,TARGET_36,"41.19,34.75,26.50,100.00,100.00,TARGET_36"
2026-05-13T14:37:38,2578.85,41.25,34.75,26.5,100.0,100.0,,TARGET_36,"41.25,34.75,26.50,100.00,100.00,TARGET_36"
2026-05-13T14:37:40,2580.13,41.19,34.75,26.5,100.0,100.0,,TARGET_36,"41.19,34.75,26.50,100.00,100.00,TARGET_36"
2026-05-13T14:37:41,2581.42,41.19,34.75,26.5,100.0,100.0,,TARGET_36,"41.19,34.75,26.50,100.00,100.00,TARGET_36"
2026-05-13T14:37:42,2582.7,41.25,34.75,26.5,100.0,100.0,,TARGET_36,"41.25,34.75,26.50,100.00,100.00,TARGET_36"
2026-05-13T14:37:44,2583.99,41.25,34.75,26.5,100.0,100.0,,TARGET_36,"41.25,34.75,26.50,100.00,100.00,TARGET_36"
2026-05-13T14:37:45,2585.28,41.19,34.75,26.5,100.0,100.0,,TARGET_36,"41.19,34.75,26.50,100.00,100.00,TARGET_36"
2026-05-13T14:37:46,2586.56,41.25,34.75,26.5,100.0,100.0,,TARGET_36,"41.25,34.75,26.50,100.00,100.00,TARGET_36"
2026-05-13T14:37:47,2587.85,41.25,34.75,26.5,100.0,100.0,,TARGET_36,"41.25,34.75,26.50,100.00,100.00,TARGET_36"
2026-05-13T14:37:49,2589.13,41.25,34.75,26.5,100.0,100.0,,TARGET_36,"41.25,34.75,26.50,100.00,100.00,TARGET_36"
2026-05-13T14:37:50,2590.42,41.25,34.75,26.5,100.0,100.0,,TARGET_36,"41.25,34.75,26.50,100.00,100.00,TARGET_36"
2026-05-13T14:37:51,2591.71,41.25,34.75,26.5,100.0,100.0,,TARGET_36,"41.25,34.75,26.50,100.00,100.00,TARGET_36"
2026-05-13T14:37:53,2592.99,41.25,34.75,26.5,100.0,100.0,,TARGET_36,"41.25,34.75,26.50,100.00,100.00,TARGET_36"
2026-05-13T14:37:54,2594.28,41.25,34.75,26.5,100.0,100.0,,TARGET_36,"41.25,34.75,26.50,100.00,100.00,TARGET_36"
2026-05-13T14:37:55,2595.56,41.25,34.75,26.56,100.0,100.0,,TARGET_36,"41.25,34.75,26.56,100.00,100.00,TARGET_36"
2026-05-13T14:37:56,2596.85,41.25,34.75,26.5,100.0,100.0,,TARGET_36,"41.25,34.75,26.50,100.00,100.00,TARGET_36"
2026-05-13T14:37:58,2598.14,41.25,34.75,26.5,100.0,100.0,,TARGET_36,"41.25,34.75,26.50,100.00,100.00,TARGET_36"
2026-05-13T14:37:59,2599.42,41.25,34.75,26.5,100.0,100.0,,TARGET_36,"41.25,34.75,26.50,100.00,100.00,TARGET_36"
2026-05-13T14:38:00,2600.71,41.25,34.75,26.56,100.0,100.0,,TARGET_36,"41.25,34.75,26.56,100.00,100.00,TARGET_36"
2026-05-13T14:38:02,2602.0,41.25,34.75,26.5,100.0,100.0,,TARGET_36,"41.25,34.75,26.50,100.00,100.00,TARGET_36"
2026-05-13T14:38:03,2603.28,41.25,34.75,26.5,100.0,100.0,,TARGET_36,"41.25,34.75,26.50,100.00,100.00,TARGET_36"
2026-05-13T14:38:04,2604.57,41.25,34.75,26.5,100.0,100.0,,TARGET_36,"41.25,34.75,26.50,100.00,100.00,TARGET_36"
2026-05-13T14:38:06,2605.85,41.25,34.81,26.56,100.0,100.0,,TARGET_36,"41.25,34.81,26.56,100.00,100.00,TARGET_36"
2026-05-13T14:38:07,2607.14,41.25,34.75,26.5,100.0,100.0,,TARGET_36,"41.25,34.75,26.50,100.00,100.00,TARGET_36"
2026-05-13T14:38:08,2608.43,41.25,34.81,26.5,100.0,100.0,,TARGET_36,"41.25,34.81,26.50,100.00,100.00,TARGET_36"
2026-05-13T14:38:09,2609.71,41.25,34.81,26.5,100.0,100.0,,TARGET_36,"41.25,34.81,26.50,100.00,100.00,TARGET_36"
2026-05-13T14:38:11,2611.0,41.25,34.75,26.5,100.0,100.0,,TARGET_36,"41.25,34.75,26.50,100.00,100.00,TARGET_36"
2026-05-13T14:38:12,2612.28,41.31,34.75,26.5,100.0,100.0,,TARGET_36,"41.31,34.75,26.50,100.00,100.00,TARGET_36"
2026-05-13T14:38:13,2613.57,41.25,34.81,26.5,100.0,100.0,,TARGET_36,"41.25,34.81,26.50,100.00,100.00,TARGET_36"
2026-05-13T14:38:15,2614.86,41.25,34.81,26.5,100.0,100.0,,TARGET_36,"41.25,34.81,26.50,100.00,100.00,TARGET_36"
2026-05-13T14:38:16,2616.14,41.31,34.75,26.56,100.0,100.0,,TARGET_36,"41.31,34.75,26.56,100.00,100.00,TARGET_36"
2026-05-13T14:38:17,2617.43,41.25,34.81,26.5,100.0,100.0,,TARGET_36,"41.25,34.81,26.50,100.00,100.00,TARGET_36"
2026-05-13T14:38:18,2618.71,41.25,34.81,26.5,100.0,100.0,,TARGET_36,"41.25,34.81,26.50,100.00,100.00,TARGET_36"
2026-05-13T14:38:20,2620.0,41.31,34.81,26.5,100.0,100.0,,TARGET_36,"41.31,34.81,26.50,100.00,100.00,TARGET_36"
2026-05-13T14:38:21,2621.29,41.25,34.81,26.56,100.0,100.0,,TARGET_36,"41.25,34.81,26.56,100.00,100.00,TARGET_36"
2026-05-13T14:38:22,2622.57,41.31,34.81,26.56,100.0,100.0,,TARGET_36,"41.31,34.81,26.56,100.00,100.00,TARGET_36"
2026-05-13T14:38:24,2623.86,41.31,34.75,26.5,100.0,100.0,,TARGET_36,"41.31,34.75,26.50,100.00,100.00,TARGET_36"
2026-05-13T14:38:25,2625.14,41.31,34.81,26.5,100.0,100.0,,TARGET_36,"41.31,34.81,26.50,100.00,100.00,TARGET_36"
2026-05-13T14:38:26,2626.43,41.25,34.81,26.56,100.0,100.0,,TARGET_36,"41.25,34.81,26.56,100.00,100.00,TARGET_36"
2026-05-13T14:38:27,2627.72,41.31,34.81,26.56,100.0,100.0,,TARGET_36,"41.31,34.81,26.56,100.00,100.00,TARGET_36"
2026-05-13T14:38:29,2629.0,41.31,34.81,26.56,100.0,100.0,,TARGET_36,"41.31,34.81,26.56,100.00,100.00,TARGET_36"
2026-05-13T14:38:30,2630.29,41.31,34.75,26.5,100.0,100.0,,TARGET_36,"41.31,34.75,26.50,100.00,100.00,TARGET_36"
2026-05-13T14:38:31,2631.58,41.31,34.81,26.5,100.0,100.0,,TARGET_36,"41.31,34.81,26.50,100.00,100.00,TARGET_36"
2026-05-13T14:38:33,2632.86,41.31,34.81,26.5,100.0,100.0,,TARGET_36,"41.31,34.81,26.50,100.00,100.00,TARGET_36"
2026-05-13T14:38:34,2634.15,41.31,34.81,26.56,100.0,100.0,,TARGET_36,"41.31,34.81,26.56,100.00,100.00,TARGET_36"
2026-05-13T14:38:35,2635.43,41.31,34.81,26.56,100.0,100.0,,TARGET_36,"41.31,34.81,26.56,100.00,100.00,TARGET_36"
2026-05-13T14:38:36,2636.72,41.31,34.81,26.56,100.0,100.0,,TARGET_36,"41.31,34.81,26.56,100.00,100.00,TARGET_36"
2026-05-13T14:38:38,2638.01,41.31,34.81,26.56,100.0,100.0,,TARGET_36,"41.31,34.81,26.56,100.00,100.00,TARGET_36"
2026-05-13T14:38:39,2639.29,41.31,34.81,26.56,100.0,100.0,,TARGET_36,"41.31,34.81,26.56,100.00,100.00,TARGET_36"
2026-05-13T14:38:40,2640.58,41.31,34.81,26.56,100.0,100.0,,TARGET_36,"41.31,34.81,26.56,100.00,100.00,TARGET_36"
2026-05-13T14:38:42,2641.86,41.31,34.81,26.56,100.0,100.0,,TARGET_36,"41.31,34.81,26.56,100.00,100.00,TARGET_36"
2026-05-13T14:38:43,2643.15,41.31,34.81,26.56,100.0,100.0,,TARGET_36,"41.31,34.81,26.56,100.00,100.00,TARGET_36"
2026-05-13T14:38:44,2644.44,41.31,34.81,26.56,100.0,100.0,,TARGET_36,"41.31,34.81,26.56,100.00,100.00,TARGET_36"
2026-05-13T14:38:45,2645.72,41.31,34.81,26.56,100.0,100.0,,TARGET_36,"41.31,34.81,26.56,100.00,100.00,TARGET_36"
2026-05-13T14:38:47,2647.01,41.31,34.81,26.56,100.0,100.0,,TARGET_36,"41.31,34.81,26.56,100.00,100.00,TARGET_36"
2026-05-13T14:38:48,2648.29,41.31,34.88,26.56,100.0,100.0,,TARGET_36,"41.31,34.88,26.56,100.00,100.00,TARGET_36"
2026-05-13T14:38:49,2649.58,41.31,34.81,26.56,100.0,100.0,,TARGET_36,"41.31,34.81,26.56,100.00,100.00,TARGET_36"
2026-05-13T14:38:51,2650.87,41.31,34.81,26.56,100.0,100.0,,TARGET_36,"41.31,34.81,26.56,100.00,100.00,TARGET_36"
2026-05-13T14:38:52,2652.15,41.31,34.81,26.56,100.0,100.0,,TARGET_36,"41.31,34.81,26.56,100.00,100.00,TARGET_36"
2026-05-13T14:38:53,2653.44,41.31,34.81,26.56,100.0,100.0,,TARGET_36,"41.31,34.81,26.56,100.00,100.00,TARGET_36"
2026-05-13T14:38:54,2654.72,41.31,34.88,26.56,100.0,100.0,,TARGET_36,"41.31,34.88,26.56,100.00,100.00,TARGET_36"
2026-05-13T14:38:56,2656.01,41.31,34.81,26.56,100.0,100.0,,TARGET_36,"41.31,34.81,26.56,100.00,100.00,TARGET_36"
2026-05-13T14:38:57,2657.3,41.31,34.88,26.56,100.0,100.0,,TARGET_36,"41.31,34.88,26.56,100.00,100.00,TARGET_36"
2026-05-13T14:38:58,2658.58,41.31,34.81,26.56,100.0,100.0,,TARGET_36,"41.31,34.81,26.56,100.00,100.00,TARGET_36"
2026-05-13T14:39:00,2659.87,41.31,34.88,26.56,100.0,100.0,,TARGET_36,"41.31,34.88,26.56,100.00,100.00,TARGET_36"
2026-05-13T14:39:01,2661.15,41.31,34.88,26.56,100.0,100.0,,TARGET_36,"41.31,34.88,26.56,100.00,100.00,TARGET_36"
2026-05-13T14:39:02,2662.44,41.31,34.88,26.56,100.0,100.0,,TARGET_36,"41.31,34.88,26.56,100.00,100.00,TARGET_36"
2026-05-13T14:39:03,2663.73,41.31,34.88,26.56,100.0,100.0,,TARGET_36,"41.31,34.88,26.56,100.00,100.00,TARGET_36"
2026-05-13T14:39:05,2665.01,41.31,34.88,26.56,100.0,100.0,,TARGET_36,"41.31,34.88,26.56,100.00,100.00,TARGET_36"
2026-05-13T14:39:06,2666.3,41.38,34.88,26.56,100.0,100.0,,TARGET_36,"41.38,34.88,26.56,100.00,100.00,TARGET_36"
2026-05-13T14:39:07,2667.59,41.31,34.88,26.56,100.0,100.0,,TARGET_36,"41.31,34.88,26.56,100.00,100.00,TARGET_36"
2026-05-13T14:39:09,2668.87,41.31,34.88,26.56,100.0,100.0,,TARGET_36,"41.31,34.88,26.56,100.00,100.00,TARGET_36"
2026-05-13T14:39:10,2670.16,41.31,34.88,26.5,100.0,100.0,,TARGET_36,"41.31,34.88,26.50,100.00,100.00,TARGET_36"
2026-05-13T14:39:11,2671.44,41.31,34.88,26.56,100.0,100.0,,TARGET_36,"41.31,34.88,26.56,100.00,100.00,TARGET_36"
2026-05-13T14:39:12,2672.73,41.31,34.88,26.56,100.0,100.0,,TARGET_36,"41.31,34.88,26.56,100.00,100.00,TARGET_36"
2026-05-13T14:39:14,2674.02,41.31,34.88,26.56,100.0,100.0,,TARGET_36,"41.31,34.88,26.56,100.00,100.00,TARGET_36"
2026-05-13T14:39:15,2675.3,41.31,34.88,26.56,100.0,100.0,,TARGET_36,"41.31,34.88,26.56,100.00,100.00,TARGET_36"
2026-05-13T14:39:16,2676.59,41.31,34.88,26.56,100.0,100.0,,TARGET_36,"41.31,34.88,26.56,100.00,100.00,TARGET_36"
2026-05-13T14:39:18,2677.87,41.38,34.88,26.56,100.0,100.0,,TARGET_36,"41.38,34.88,26.56,100.00,100.00,TARGET_36"
2026-05-13T14:39:19,2679.16,41.38,34.88,26.5,100.0,100.0,,TARGET_36,"41.38,34.88,26.50,100.00,100.00,TARGET_36"
2026-05-13T14:39:20,2680.45,41.38,34.88,26.5,100.0,100.0,,TARGET_36,"41.38,34.88,26.50,100.00,100.00,TARGET_36"
2026-05-13T14:39:21,2681.73,41.31,34.88,26.56,100.0,100.0,,TARGET_36,"41.31,34.88,26.56,100.00,100.00,TARGET_36"
2026-05-13T14:39:23,2683.02,41.38,34.88,26.5,100.0,100.0,,TARGET_36,"41.38,34.88,26.50,100.00,100.00,TARGET_36"
2026-05-13T14:39:24,2684.3,41.38,34.88,26.5,100.0,100.0,,TARGET_36,"41.38,34.88,26.50,100.00,100.00,TARGET_36"
2026-05-13T14:39:25,2685.59,41.31,34.88,26.5,100.0,100.0,,TARGET_36,"41.31,34.88,26.50,100.00,100.00,TARGET_36"
2026-05-13T14:39:27,2686.88,41.31,34.88,26.5,100.0,100.0,,TARGET_36,"41.31,34.88,26.50,100.00,100.00,TARGET_36"
2026-05-13T14:39:28,2688.16,41.38,34.88,26.5,100.0,100.0,,TARGET_36,"41.38,34.88,26.50,100.00,100.00,TARGET_36"
2026-05-13T14:39:29,2689.45,41.31,34.88,26.5,100.0,100.0,,TARGET_36,"41.31,34.88,26.50,100.00,100.00,TARGET_36"
2026-05-13T14:39:30,2690.74,41.38,34.88,26.5,100.0,100.0,,TARGET_36,"41.38,34.88,26.50,100.00,100.00,TARGET_36"
2026-05-13T14:39:32,2692.02,41.38,34.94,26.5,100.0,100.0,,TARGET_36,"41.38,34.94,26.50,100.00,100.00,TARGET_36"
2026-05-13T14:39:33,2693.31,41.38,34.88,26.5,100.0,100.0,,TARGET_36,"41.38,34.88,26.50,100.00,100.00,TARGET_36"
2026-05-13T14:39:34,2694.59,41.38,34.88,26.56,100.0,100.0,,TARGET_36,"41.38,34.88,26.56,100.00,100.00,TARGET_36"
2026-05-13T14:39:36,2695.88,41.38,34.88,26.5,100.0,100.0,,TARGET_36,"41.38,34.88,26.50,100.00,100.00,TARGET_36"
2026-05-13T14:39:37,2697.17,41.38,34.94,26.56,100.0,100.0,,TARGET_36,"41.38,34.94,26.56,100.00,100.00,TARGET_36"
2026-05-13T14:39:38,2698.45,41.38,34.88,26.56,100.0,100.0,,TARGET_36,"41.38,34.88,26.56,100.00,100.00,TARGET_36"
2026-05-13T14:39:39,2699.74,41.38,34.94,26.5,100.0,100.0,,TARGET_36,"41.38,34.94,26.50,100.00,100.00,TARGET_36"
2026-05-13T14:39:41,2701.02,41.38,34.88,26.56,100.0,100.0,,TARGET_36,"41.38,34.88,26.56,100.00,100.00,TARGET_36"
2026-05-13T14:39:42,2702.31,41.38,34.88,26.5,100.0,100.0,,TARGET_36,"41.38,34.88,26.50,100.00,100.00,TARGET_36"
2026-05-13T14:39:43,2703.6,41.31,34.88,26.56,100.0,100.0,,TARGET_36,"41.31,34.88,26.56,100.00,100.00,TARGET_36"
2026-05-13T14:39:45,2704.88,41.38,34.94,26.56,100.0,100.0,,TARGET_36,"41.38,34.94,26.56,100.00,100.00,TARGET_36"
2026-05-13T14:39:46,2706.17,41.38,34.88,26.56,100.0,100.0,,TARGET_36,"41.38,34.88,26.56,100.00,100.00,TARGET_36"
2026-05-13T14:39:47,2707.45,41.38,34.88,26.5,100.0,100.0,,TARGET_36,"41.38,34.88,26.50,100.00,100.00,TARGET_36"
2026-05-13T14:39:48,2708.74,41.38,34.94,26.56,100.0,100.0,,TARGET_36,"41.38,34.94,26.56,100.00,100.00,TARGET_36"
2026-05-13T14:39:50,2710.03,41.38,34.94,26.56,100.0,100.0,,TARGET_36,"41.38,34.94,26.56,100.00,100.00,TARGET_36"
2026-05-13T14:39:51,2711.31,41.38,34.94,26.56,100.0,100.0,,TARGET_36,"41.38,34.94,26.56,100.00,100.00,TARGET_36"
2026-05-13T14:39:52,2712.6,41.38,34.94,26.56,100.0,100.0,,TARGET_36,"41.38,34.94,26.56,100.00,100.00,TARGET_36"
2026-05-13T14:39:54,2713.89,41.38,34.94,26.56,100.0,100.0,,TARGET_36,"41.38,34.94,26.56,100.00,100.00,TARGET_36"
2026-05-13T14:39:55,2715.17,41.38,34.94,26.56,100.0,100.0,,TARGET_36,"41.38,34.94,26.56,100.00,100.00,TARGET_36"
2026-05-13T14:39:56,2716.46,41.38,34.94,26.5,100.0,100.0,,TARGET_36,"41.38,34.94,26.50,100.00,100.00,TARGET_36"
2026-05-13T14:39:57,2717.74,41.38,34.94,26.56,100.0,100.0,,TARGET_36,"41.38,34.94,26.56,100.00,100.00,TARGET_36"
2026-05-13T14:39:59,2719.03,41.38,34.94,26.56,100.0,100.0,,TARGET_36,"41.38,34.94,26.56,100.00,100.00,TARGET_36"
2026-05-13T14:40:00,2720.32,41.38,34.94,26.56,100.0,100.0,,TARGET_36,"41.38,34.94,26.56,100.00,100.00,TARGET_36"
2026-05-13T14:40:01,2721.6,41.38,34.94,26.56,100.0,100.0,,TARGET_36,"41.38,34.94,26.56,100.00,100.00,TARGET_36"
2026-05-13T14:40:03,2722.89,41.38,34.94,26.56,100.0,100.0,,TARGET_36,"41.38,34.94,26.56,100.00,100.00,TARGET_36"
2026-05-13T14:40:04,2724.17,41.38,34.94,26.56,100.0,100.0,,TARGET_36,"41.38,34.94,26.56,100.00,100.00,TARGET_36"
2026-05-13T14:40:05,2725.46,41.38,34.94,26.56,100.0,100.0,,TARGET_36,"41.38,34.94,26.56,100.00,100.00,TARGET_36"
2026-05-13T14:40:06,2726.75,41.38,34.94,26.56,100.0,100.0,,TARGET_36,"41.38,34.94,26.56,100.00,100.00,TARGET_36"
2026-05-13T14:40:08,2728.03,41.38,34.94,26.56,100.0,100.0,,TARGET_36,"41.38,34.94,26.56,100.00,100.00,TARGET_36"
2026-05-13T14:40:09,2729.32,41.38,34.94,26.56,100.0,100.0,,TARGET_36,"41.38,34.94,26.56,100.00,100.00,TARGET_36"
2026-05-13T14:40:10,2730.6,41.38,34.94,26.56,100.0,100.0,,TARGET_36,"41.38,34.94,26.56,100.00,100.00,TARGET_36"
2026-05-13T14:40:12,2731.89,41.38,34.94,26.56,100.0,100.0,,TARGET_36,"41.38,34.94,26.56,100.00,100.00,TARGET_36"
2026-05-13T14:40:13,2733.18,41.38,34.94,26.56,100.0,100.0,,TARGET_36,"41.38,34.94,26.56,100.00,100.00,TARGET_36"
2026-05-13T14:40:14,2734.46,41.38,34.94,26.56,100.0,100.0,,TARGET_36,"41.38,34.94,26.56,100.00,100.00,TARGET_36"
2026-05-13T14:40:15,2735.75,41.38,34.94,26.5,100.0,100.0,,TARGET_36,"41.38,34.94,26.50,100.00,100.00,TARGET_36"
2026-05-13T14:40:17,2737.04,41.38,34.94,26.56,100.0,100.0,,TARGET_36,"41.38,34.94,26.56,100.00,100.00,TARGET_36"
2026-05-13T14:40:18,2738.32,41.38,34.94,26.56,100.0,100.0,,TARGET_36,"41.38,34.94,26.56,100.00,100.00,TARGET_36"
2026-05-13T14:40:19,2739.61,41.38,34.94,26.5,100.0,100.0,,TARGET_36,"41.38,34.94,26.50,100.00,100.00,TARGET_36"
2026-05-13T14:40:21,2740.89,41.38,34.94,26.56,100.0,100.0,,TARGET_36,"41.38,34.94,26.56,100.00,100.00,TARGET_36"
2026-05-13T14:40:22,2742.18,41.38,34.94,26.56,100.0,100.0,,TARGET_36,"41.38,34.94,26.56,100.00,100.00,TARGET_36"
2026-05-13T14:40:23,2743.47,41.38,34.94,26.56,100.0,100.0,,TARGET_36,"41.38,34.94,26.56,100.00,100.00,TARGET_36"
2026-05-13T14:40:24,2744.75,41.38,34.94,26.56,100.0,100.0,,TARGET_36,"41.38,34.94,26.56,100.00,100.00,TARGET_36"
2026-05-13T14:40:26,2746.04,41.38,34.94,26.56,100.0,100.0,,TARGET_36,"41.38,34.94,26.56,100.00,100.00,TARGET_36"
2026-05-13T14:40:27,2747.32,41.38,34.94,26.56,100.0,100.0,,TARGET_36,"41.38,34.94,26.56,100.00,100.00,TARGET_36"
2026-05-13T14:40:28,2748.61,41.38,35.0,26.56,100.0,100.0,,TARGET_36,"41.38,35.00,26.56,100.00,100.00,TARGET_36"
2026-05-13T14:40:30,2749.9,41.38,34.94,26.5,100.0,100.0,,TARGET_36,"41.38,34.94,26.50,100.00,100.00,TARGET_36"
2026-05-13T14:40:31,2751.18,41.44,34.94,26.56,100.0,100.0,,TARGET_36,"41.44,34.94,26.56,100.00,100.00,TARGET_36"
2026-05-13T14:40:32,2752.47,41.38,34.94,26.56,100.0,100.0,,TARGET_36,"41.38,34.94,26.56,100.00,100.00,TARGET_36"
2026-05-13T14:40:33,2753.75,41.38,34.94,26.56,100.0,100.0,,TARGET_36,"41.38,34.94,26.56,100.00,100.00,TARGET_36"
2026-05-13T14:40:35,2755.04,41.38,34.94,26.56,100.0,100.0,,TARGET_36,"41.38,34.94,26.56,100.00,100.00,TARGET_36"
2026-05-13T14:40:36,2756.33,41.38,34.94,26.56,100.0,100.0,,TARGET_36,"41.38,34.94,26.56,100.00,100.00,TARGET_36"
2026-05-13T14:40:37,2757.61,41.38,34.94,26.56,100.0,100.0,,TARGET_36,"41.38,34.94,26.56,100.00,100.00,TARGET_36"
2026-05-13T14:40:39,2758.9,41.38,34.94,26.56,100.0,100.0,,TARGET_36,"41.38,34.94,26.56,100.00,100.00,TARGET_36"
2026-05-13T14:40:40,2760.18,41.38,34.94,26.56,100.0,100.0,,TARGET_36,"41.38,34.94,26.56,100.00,100.00,TARGET_36"
2026-05-13T14:40:41,2761.47,41.38,34.94,26.56,100.0,100.0,,TARGET_36,"41.38,34.94,26.56,100.00,100.00,TARGET_36"
2026-05-13T14:40:42,2762.76,41.38,35.0,26.56,100.0,100.0,,TARGET_36,"41.38,35.00,26.56,100.00,100.00,TARGET_36"
2026-05-13T14:40:44,2764.04,41.38,35.0,26.56,100.0,100.0,,TARGET_36,"41.38,35.00,26.56,100.00,100.00,TARGET_36"
2026-05-13T14:40:45,2765.33,41.44,35.0,26.56,100.0,100.0,,TARGET_36,"41.44,35.00,26.56,100.00,100.00,TARGET_36"
2026-05-13T14:40:46,2766.61,41.38,35.0,26.56,100.0,100.0,,TARGET_36,"41.38,35.00,26.56,100.00,100.00,TARGET_36"
2026-05-13T14:40:48,2767.9,41.38,35.0,26.56,100.0,100.0,,TARGET_36,"41.38,35.00,26.56,100.00,100.00,TARGET_36"
2026-05-13T14:40:49,2769.19,41.38,34.94,26.56,100.0,100.0,,TARGET_36,"41.38,34.94,26.56,100.00,100.00,TARGET_36"
2026-05-13T14:40:50,2770.47,41.38,34.94,26.56,100.0,100.0,,TARGET_36,"41.38,34.94,26.56,100.00,100.00,TARGET_36"
2026-05-13T14:40:51,2771.76,41.38,34.94,26.56,100.0,100.0,,TARGET_36,"41.38,34.94,26.56,100.00,100.00,TARGET_36"
2026-05-13T14:40:53,2773.04,41.44,35.0,26.56,100.0,100.0,,TARGET_36,"41.44,35.00,26.56,100.00,100.00,TARGET_36"
2026-05-13T14:40:54,2774.33,41.44,35.0,26.56,100.0,100.0,,TARGET_36,"41.44,35.00,26.56,100.00,100.00,TARGET_36"
2026-05-13T14:40:55,2775.62,41.44,34.94,26.56,100.0,100.0,,TARGET_36,"41.44,34.94,26.56,100.00,100.00,TARGET_36"
2026-05-13T14:40:57,2776.9,41.44,34.94,26.56,100.0,100.0,,TARGET_36,"41.44,34.94,26.56,100.00,100.00,TARGET_36"
2026-05-13T14:40:58,2778.19,41.44,34.94,26.56,100.0,100.0,,TARGET_36,"41.44,34.94,26.56,100.00,100.00,TARGET_36"
2026-05-13T14:40:59,2779.48,41.38,34.94,26.56,100.0,100.0,,TARGET_36,"41.38,34.94,26.56,100.00,100.00,TARGET_36"
2026-05-13T14:41:00,2780.76,41.44,34.94,26.56,100.0,100.0,,TARGET_36,"41.44,34.94,26.56,100.00,100.00,TARGET_36"
2026-05-13T14:41:02,2782.05,41.44,34.94,26.5,100.0,100.0,,TARGET_36,"41.44,34.94,26.50,100.00,100.00,TARGET_36"
2026-05-13T14:41:03,2783.33,41.44,34.94,26.5,100.0,100.0,,TARGET_36,"41.44,34.94,26.50,100.00,100.00,TARGET_36"
2026-05-13T14:41:04,2784.62,41.44,35.0,26.56,100.0,100.0,,TARGET_36,"41.44,35.00,26.56,100.00,100.00,TARGET_36"
2026-05-13T14:41:06,2785.91,41.44,34.94,26.56,100.0,100.0,,TARGET_36,"41.44,34.94,26.56,100.00,100.00,TARGET_36"
2026-05-13T14:41:07,2787.19,41.38,35.0,26.56,100.0,100.0,,TARGET_36,"41.38,35.00,26.56,100.00,100.00,TARGET_36"
2026-05-13T14:41:08,2788.48,41.44,34.94,26.56,100.0,100.0,,TARGET_36,"41.44,34.94,26.56,100.00,100.00,TARGET_36"
2026-05-13T14:41:09,2789.76,41.44,34.94,26.56,100.0,100.0,,TARGET_36,"41.44,34.94,26.56,100.00,100.00,TARGET_36"
2026-05-13T14:41:11,2791.05,41.44,35.0,26.56,100.0,100.0,,TARGET_36,"41.44,35.00,26.56,100.00,100.00,TARGET_36"
2026-05-13T14:41:12,2792.34,41.44,35.0,26.56,100.0,100.0,,TARGET_36,"41.44,35.00,26.56,100.00,100.00,TARGET_36"
2026-05-13T14:41:13,2793.62,41.44,35.0,26.56,100.0,100.0,,TARGET_36,"41.44,35.00,26.56,100.00,100.00,TARGET_36"
2026-05-13T14:41:15,2794.91,41.44,35.0,26.56,100.0,100.0,,TARGET_36,"41.44,35.00,26.56,100.00,100.00,TARGET_36"
2026-05-13T14:41:16,2796.19,41.44,34.94,26.56,100.0,100.0,,TARGET_36,"41.44,34.94,26.56,100.00,100.00,TARGET_36"
2026-05-13T14:41:17,2797.48,41.44,34.94,26.56,100.0,100.0,,TARGET_36,"41.44,34.94,26.56,100.00,100.00,TARGET_36"
2026-05-13T14:41:18,2798.77,41.44,34.94,26.56,100.0,100.0,,TARGET_36,"41.44,34.94,26.56,100.00,100.00,TARGET_36"
2026-05-13T14:41:20,2800.05,41.44,34.94,26.56,100.0,100.0,,TARGET_36,"41.44,34.94,26.56,100.00,100.00,TARGET_36"
2026-05-13T14:41:21,2801.34,41.44,34.94,26.56,100.0,100.0,,TARGET_36,"41.44,34.94,26.56,100.00,100.00,TARGET_36"
2026-05-13T14:41:22,2802.62,41.38,34.94,26.56,100.0,100.0,,TARGET_36,"41.38,34.94,26.56,100.00,100.00,TARGET_36"
2026-05-13T14:41:24,2803.91,41.44,34.94,26.56,100.0,100.0,,TARGET_36,"41.44,34.94,26.56,100.00,100.00,TARGET_36"
2026-05-13T14:41:25,2805.2,41.44,35.0,26.56,100.0,100.0,,TARGET_36,"41.44,35.00,26.56,100.00,100.00,TARGET_36"
2026-05-13T14:41:26,2806.48,41.44,35.0,26.56,100.0,100.0,,TARGET_36,"41.44,35.00,26.56,100.00,100.00,TARGET_36"
2026-05-13T14:41:27,2807.77,41.44,35.0,26.56,100.0,100.0,,TARGET_36,"41.44,35.00,26.56,100.00,100.00,TARGET_36"
2026-05-13T14:41:29,2809.06,41.44,34.94,26.56,100.0,100.0,,TARGET_36,"41.44,34.94,26.56,100.00,100.00,TARGET_36"
2026-05-13T14:41:30,2810.34,41.44,35.0,26.56,100.0,100.0,,TARGET_36,"41.44,35.00,26.56,100.00,100.00,TARGET_36"
2026-05-13T14:41:31,2811.63,41.44,34.94,26.56,100.0,100.0,,TARGET_36,"41.44,34.94,26.56,100.00,100.00,TARGET_36"
2026-05-13T14:41:33,2812.91,41.44,35.0,26.62,100.0,100.0,,TARGET_36,"41.44,35.00,26.62,100.00,100.00,TARGET_36"
2026-05-13T14:41:34,2814.2,41.44,34.94,26.56,100.0,100.0,,TARGET_36,"41.44,34.94,26.56,100.00,100.00,TARGET_36"
2026-05-13T14:41:35,2815.49,41.44,34.94,26.56,100.0,100.0,,TARGET_36,"41.44,34.94,26.56,100.00,100.00,TARGET_36"
2026-05-13T14:41:36,2816.77,41.44,34.94,26.56,100.0,100.0,,TARGET_36,"41.44,34.94,26.56,100.00,100.00,TARGET_36"
2026-05-13T14:41:38,2818.06,41.44,34.94,26.56,100.0,100.0,,TARGET_36,"41.44,34.94,26.56,100.00,100.00,TARGET_36"
2026-05-13T14:41:39,2819.34,41.44,34.94,26.56,100.0,100.0,,TARGET_36,"41.44,34.94,26.56,100.00,100.00,TARGET_36"
2026-05-13T14:41:40,2820.63,41.44,35.0,26.62,100.0,100.0,,TARGET_36,"41.44,35.00,26.62,100.00,100.00,TARGET_36"
2026-05-13T14:41:42,2821.92,41.44,35.0,26.56,100.0,100.0,,TARGET_36,"41.44,35.00,26.56,100.00,100.00,TARGET_36"
2026-05-13T14:41:43,2823.2,41.44,35.0,26.56,100.0,100.0,,TARGET_36,"41.44,35.00,26.56,100.00,100.00,TARGET_36"
2026-05-13T14:41:44,2824.49,41.44,35.0,26.56,100.0,100.0,,TARGET_36,"41.44,35.00,26.56,100.00,100.00,TARGET_36"
2026-05-13T14:41:45,2825.77,41.44,35.0,26.56,100.0,100.0,,TARGET_36,"41.44,35.00,26.56,100.00,100.00,TARGET_36"
2026-05-13T14:41:47,2827.06,41.44,35.0,26.56,100.0,100.0,,TARGET_36,"41.44,35.00,26.56,100.00,100.00,TARGET_36"
2026-05-13T14:41:48,2828.35,41.44,35.0,26.56,100.0,100.0,,TARGET_36,"41.44,35.00,26.56,100.00,100.00,TARGET_36"
2026-05-13T14:41:49,2829.63,41.44,35.0,26.56,100.0,100.0,,TARGET_36,"41.44,35.00,26.56,100.00,100.00,TARGET_36"
2026-05-13T14:41:51,2830.92,41.44,35.0,26.56,100.0,100.0,,TARGET_36,"41.44,35.00,26.56,100.00,100.00,TARGET_36"
2026-05-13T14:41:52,2832.21,41.44,35.0,26.56,100.0,100.0,,TARGET_36,"41.44,35.00,26.56,100.00,100.00,TARGET_36"
2026-05-13T14:41:53,2833.49,41.44,34.94,26.56,100.0,100.0,,TARGET_36,"41.44,34.94,26.56,100.00,100.00,TARGET_36"
2026-05-13T14:41:54,2834.78,41.44,35.0,26.56,100.0,100.0,,TARGET_36,"41.44,35.00,26.56,100.00,100.00,TARGET_36"
2026-05-13T14:41:56,2836.06,41.44,35.0,26.56,100.0,100.0,,TARGET_36,"41.44,35.00,26.56,100.00,100.00,TARGET_36"
2026-05-13T14:41:57,2837.35,41.44,35.0,26.56,100.0,100.0,,TARGET_36,"41.44,35.00,26.56,100.00,100.00,TARGET_36"
2026-05-13T14:41:58,2838.63,41.44,35.0,26.56,100.0,100.0,,TARGET_36,"41.44,35.00,26.56,100.00,100.00,TARGET_36"
2026-05-13T14:42:00,2839.92,41.44,35.0,26.56,100.0,100.0,,TARGET_36,"41.44,35.00,26.56,100.00,100.00,TARGET_36"
2026-05-13T14:42:01,2841.21,41.44,35.0,26.56,100.0,100.0,,TARGET_36,"41.44,35.00,26.56,100.00,100.00,TARGET_36"
2026-05-13T14:42:02,2842.49,41.44,35.0,26.62,100.0,100.0,,TARGET_36,"41.44,35.00,26.62,100.00,100.00,TARGET_36"
2026-05-13T14:42:03,2843.78,41.44,35.0,26.56,100.0,100.0,,TARGET_36,"41.44,35.00,26.56,100.00,100.00,TARGET_36"
2026-05-13T14:42:05,2845.07,41.44,35.0,26.56,100.0,100.0,,TARGET_36,"41.44,35.00,26.56,100.00,100.00,TARGET_36"
2026-05-13T14:42:06,2846.35,41.44,35.0,26.56,100.0,100.0,,TARGET_36,"41.44,35.00,26.56,100.00,100.00,TARGET_36"
2026-05-13T14:42:07,2847.64,41.44,35.0,26.62,100.0,100.0,,TARGET_36,"41.44,35.00,26.62,100.00,100.00,TARGET_36"
2026-05-13T14:42:09,2848.92,41.44,35.0,26.62,100.0,100.0,,TARGET_36,"41.44,35.00,26.62,100.00,100.00,TARGET_36"
2026-05-13T14:42:10,2850.21,41.44,35.0,26.56,100.0,100.0,,TARGET_36,"41.44,35.00,26.56,100.00,100.00,TARGET_36"
2026-05-13T14:42:11,2851.5,41.44,35.0,26.56,100.0,100.0,,TARGET_36,"41.44,35.00,26.56,100.00,100.00,TARGET_36"
2026-05-13T14:42:12,2852.78,41.44,35.0,26.62,100.0,100.0,,TARGET_36,"41.44,35.00,26.62,100.00,100.00,TARGET_36"
2026-05-13T14:42:14,2854.07,41.44,35.0,26.56,100.0,100.0,,TARGET_36,"41.44,35.00,26.56,100.00,100.00,TARGET_36"
2026-05-13T14:42:15,2855.35,41.44,35.0,26.56,100.0,100.0,,TARGET_36,"41.44,35.00,26.56,100.00,100.00,TARGET_36"
2026-05-13T14:42:16,2856.64,41.44,35.0,26.56,100.0,100.0,,TARGET_36,"41.44,35.00,26.56,100.00,100.00,TARGET_36"
2026-05-13T14:42:18,2857.93,41.44,35.0,26.56,100.0,100.0,,TARGET_36,"41.44,35.00,26.56,100.00,100.00,TARGET_36"
2026-05-13T14:42:19,2859.21,41.44,35.0,26.62,100.0,100.0,,TARGET_36,"41.44,35.00,26.62,100.00,100.00,TARGET_36"
2026-05-13T14:42:20,2860.5,41.44,35.0,26.56,100.0,100.0,,TARGET_36,"41.44,35.00,26.56,100.00,100.00,TARGET_36"
2026-05-13T14:42:21,2861.78,41.44,35.0,26.56,100.0,100.0,,TARGET_36,"41.44,35.00,26.56,100.00,100.00,TARGET_36"
2026-05-13T14:42:23,2863.07,41.44,35.0,26.56,100.0,100.0,,TARGET_36,"41.44,35.00,26.56,100.00,100.00,TARGET_36"
2026-05-13T14:42:24,2864.36,41.44,35.0,26.56,100.0,100.0,,TARGET_36,"41.44,35.00,26.56,100.00,100.00,TARGET_36"
2026-05-13T14:42:25,2865.64,41.44,35.0,26.56,100.0,100.0,,TARGET_36,"41.44,35.00,26.56,100.00,100.00,TARGET_36"
2026-05-13T14:42:27,2866.93,41.44,35.0,26.56,100.0,100.0,,TARGET_36,"41.44,35.00,26.56,100.00,100.00,TARGET_36"
2026-05-13T14:42:28,2868.22,41.44,35.0,26.62,100.0,100.0,,TARGET_36,"41.44,35.00,26.62,100.00,100.00,TARGET_36"
2026-05-13T14:42:29,2869.5,41.44,35.0,26.56,100.0,100.0,,TARGET_36,"41.44,35.00,26.56,100.00,100.00,TARGET_36"
2026-05-13T14:42:30,2870.79,41.44,35.0,26.56,100.0,100.0,,TARGET_36,"41.44,35.00,26.56,100.00,100.00,TARGET_36"
2026-05-13T14:42:32,2872.07,41.44,35.0,26.56,100.0,100.0,,TARGET_36,"41.44,35.00,26.56,100.00,100.00,TARGET_36"
2026-05-13T14:42:33,2873.36,41.44,35.0,26.56,100.0,100.0,,TARGET_36,"41.44,35.00,26.56,100.00,100.00,TARGET_36"
2026-05-13T14:42:34,2874.65,41.44,35.0,26.56,100.0,100.0,,TARGET_36,"41.44,35.00,26.56,100.00,100.00,TARGET_36"
2026-05-13T14:42:36,2875.93,41.44,35.0,26.56,100.0,100.0,,TARGET_36,"41.44,35.00,26.56,100.00,100.00,TARGET_36"
2026-05-13T14:42:37,2877.22,41.44,35.0,26.62,100.0,100.0,,TARGET_36,"41.44,35.00,26.62,100.00,100.00,TARGET_36"
2026-05-13T14:42:38,2878.5,41.44,35.0,26.62,100.0,100.0,,TARGET_36,"41.44,35.00,26.62,100.00,100.00,TARGET_36"
2026-05-13T14:42:39,2879.79,41.44,35.0,26.56,100.0,100.0,,TARGET_36,"41.44,35.00,26.56,100.00,100.00,TARGET_36"
2026-05-13T14:42:41,2881.08,41.44,35.0,26.56,100.0,100.0,,TARGET_36,"41.44,35.00,26.56,100.00,100.00,TARGET_36"
2026-05-13T14:42:42,2882.36,41.44,35.0,26.56,100.0,100.0,,TARGET_36,"41.44,35.00,26.56,100.00,100.00,TARGET_36"
2026-05-13T14:42:43,2883.65,41.44,35.0,26.56,100.0,100.0,,TARGET_36,"41.44,35.00,26.56,100.00,100.00,TARGET_36"
2026-05-13T14:42:45,2884.93,41.44,35.0,26.56,100.0,100.0,,TARGET_36,"41.44,35.00,26.56,100.00,100.00,TARGET_36"
2026-05-13T14:42:46,2886.22,41.44,35.0,26.56,100.0,100.0,,TARGET_36,"41.44,35.00,26.56,100.00,100.00,TARGET_36"
2026-05-13T14:42:47,2887.51,41.44,35.0,26.62,100.0,100.0,,TARGET_36,"41.44,35.00,26.62,100.00,100.00,TARGET_36"
2026-05-13T14:42:48,2888.79,41.44,35.0,26.56,100.0,100.0,,TARGET_36,"41.44,35.00,26.56,100.00,100.00,TARGET_36"
2026-05-13T14:42:50,2890.08,41.44,35.0,26.56,100.0,100.0,,TARGET_36,"41.44,35.00,26.56,100.00,100.00,TARGET_36"
2026-05-13T14:42:51,2891.36,41.44,35.0,26.62,100.0,100.0,,TARGET_36,"41.44,35.00,26.62,100.00,100.00,TARGET_36"
2026-05-13T14:42:52,2892.65,41.44,35.0,26.62,100.0,100.0,,TARGET_36,"41.44,35.00,26.62,100.00,100.00,TARGET_36"
2026-05-13T14:42:54,2893.94,41.44,35.0,26.56,100.0,100.0,,TARGET_36,"41.44,35.00,26.56,100.00,100.00,TARGET_36"
2026-05-13T14:42:55,2895.22,41.44,35.0,26.56,100.0,100.0,,TARGET_36,"41.44,35.00,26.56,100.00,100.00,TARGET_36"
2026-05-13T14:42:56,2896.51,41.44,35.0,26.62,100.0,100.0,,TARGET_36,"41.44,35.00,26.62,100.00,100.00,TARGET_36"
2026-05-13T14:42:57,2897.8,41.44,35.0,26.56,100.0,100.0,,TARGET_36,"41.44,35.00,26.56,100.00,100.00,TARGET_36"
2026-05-13T14:42:59,2899.08,41.44,35.0,26.62,100.0,100.0,,TARGET_36,"41.44,35.00,26.62,100.00,100.00,TARGET_36"
2026-05-13T14:43:00,2900.37,41.44,35.0,26.56,100.0,100.0,,TARGET_36,"41.44,35.00,26.56,100.00,100.00,TARGET_36"
2026-05-13T14:43:01,2901.65,41.44,35.0,26.62,100.0,100.0,,TARGET_36,"41.44,35.00,26.62,100.00,100.00,TARGET_36"
2026-05-13T14:43:03,2902.94,41.44,35.0,26.62,100.0,100.0,,TARGET_36,"41.44,35.00,26.62,100.00,100.00,TARGET_36"
2026-05-13T14:43:04,2904.22,41.44,35.0,26.62,100.0,100.0,,TARGET_36,"41.44,35.00,26.62,100.00,100.00,TARGET_36"
2026-05-13T14:43:05,2905.51,41.44,35.0,26.62,100.0,100.0,,TARGET_36,"41.44,35.00,26.62,100.00,100.00,TARGET_36"
2026-05-13T14:43:06,2906.8,41.44,35.0,26.62,100.0,100.0,,TARGET_36,"41.44,35.00,26.62,100.00,100.00,TARGET_36"
2026-05-13T14:43:08,2908.08,41.44,35.0,26.62,100.0,100.0,,TARGET_36,"41.44,35.00,26.62,100.00,100.00,TARGET_36"
2026-05-13T14:43:09,2909.37,41.44,35.0,26.62,100.0,100.0,,TARGET_36,"41.44,35.00,26.62,100.00,100.00,TARGET_36"
2026-05-13T14:43:10,2910.66,41.44,35.0,26.56,100.0,100.0,,TARGET_36,"41.44,35.00,26.56,100.00,100.00,TARGET_36"
2026-05-13T14:43:12,2911.94,41.44,35.0,26.62,100.0,100.0,,TARGET_36,"41.44,35.00,26.62,100.00,100.00,TARGET_36"
2026-05-13T14:43:13,2913.23,41.44,35.0,26.62,100.0,100.0,,TARGET_36,"41.44,35.00,26.62,100.00,100.00,TARGET_36"
2026-05-13T14:43:14,2914.51,41.44,35.0,26.62,100.0,100.0,,TARGET_36,"41.44,35.00,26.62,100.00,100.00,TARGET_36"
2026-05-13T14:43:15,2915.8,41.44,35.0,26.62,100.0,100.0,,TARGET_36,"41.44,35.00,26.62,100.00,100.00,TARGET_36"
2026-05-13T14:43:17,2917.09,41.44,35.0,26.62,100.0,100.0,,TARGET_36,"41.44,35.00,26.62,100.00,100.00,TARGET_36"
2026-05-13T14:43:18,2918.37,41.44,35.0,26.62,100.0,100.0,,TARGET_36,"41.44,35.00,26.62,100.00,100.00,TARGET_36"
2026-05-13T14:43:19,2919.66,41.44,35.0,26.56,100.0,100.0,,TARGET_36,"41.44,35.00,26.56,100.00,100.00,TARGET_36"
2026-05-13T14:43:21,2920.94,41.44,35.0,26.56,100.0,100.0,,TARGET_36,"41.44,35.00,26.56,100.00,100.00,TARGET_36"
2026-05-13T14:43:22,2922.23,41.44,35.0,26.62,100.0,100.0,,TARGET_36,"41.44,35.00,26.62,100.00,100.00,TARGET_36"
2026-05-13T14:43:23,2923.52,41.44,35.0,26.62,100.0,100.0,,TARGET_36,"41.44,35.00,26.62,100.00,100.00,TARGET_36"
2026-05-13T14:43:24,2924.8,41.44,35.0,26.62,100.0,100.0,,TARGET_36,"41.44,35.00,26.62,100.00,100.00,TARGET_36"
2026-05-13T14:43:26,2926.09,41.44,35.06,26.62,100.0,100.0,,TARGET_36,"41.44,35.06,26.62,100.00,100.00,TARGET_36"
2026-05-13T14:43:27,2927.37,41.44,35.06,26.62,100.0,100.0,,TARGET_36,"41.44,35.06,26.62,100.00,100.00,TARGET_36"
2026-05-13T14:43:28,2928.66,41.44,35.0,26.62,100.0,100.0,,TARGET_36,"41.44,35.00,26.62,100.00,100.00,TARGET_36"
2026-05-13T14:43:30,2929.95,41.44,35.0,26.62,100.0,100.0,,TARGET_36,"41.44,35.00,26.62,100.00,100.00,TARGET_36"
2026-05-13T14:43:31,2931.23,41.44,35.0,26.56,100.0,100.0,,TARGET_36,"41.44,35.00,26.56,100.00,100.00,TARGET_36"
2026-05-13T14:43:32,2932.52,41.44,35.0,26.62,100.0,100.0,,TARGET_36,"41.44,35.00,26.62,100.00,100.00,TARGET_36"
2026-05-13T14:43:33,2933.8,41.44,35.06,26.62,100.0,100.0,,TARGET_36,"41.44,35.06,26.62,100.00,100.00,TARGET_36"
2026-05-13T14:43:35,2935.09,41.44,35.06,26.62,100.0,100.0,,TARGET_36,"41.44,35.06,26.62,100.00,100.00,TARGET_36"
2026-05-13T14:43:36,2936.38,41.44,35.06,26.56,100.0,100.0,,TARGET_36,"41.44,35.06,26.56,100.00,100.00,TARGET_36"
2026-05-13T14:43:37,2937.66,41.44,35.06,26.62,100.0,100.0,,TARGET_36,"41.44,35.06,26.62,100.00,100.00,TARGET_36"
2026-05-13T14:43:39,2938.95,41.44,35.06,26.62,100.0,100.0,,TARGET_36,"41.44,35.06,26.62,100.00,100.00,TARGET_36"
2026-05-13T14:43:40,2940.24,41.44,35.06,26.62,100.0,100.0,,TARGET_36,"41.44,35.06,26.62,100.00,100.00,TARGET_36"
2026-05-13T14:43:41,2941.52,41.44,35.06,26.62,100.0,100.0,,TARGET_36,"41.44,35.06,26.62,100.00,100.00,TARGET_36"
2026-05-13T14:43:42,2942.81,41.44,35.0,26.62,100.0,100.0,,TARGET_36,"41.44,35.00,26.62,100.00,100.00,TARGET_36"
2026-05-13T14:43:44,2944.09,41.44,35.0,26.56,100.0,100.0,,TARGET_36,"41.44,35.00,26.56,100.00,100.00,TARGET_36"
2026-05-13T14:43:45,2945.38,41.44,35.06,26.62,100.0,100.0,,TARGET_36,"41.44,35.06,26.62,100.00,100.00,TARGET_36"
2026-05-13T14:43:46,2946.67,41.44,35.06,26.62,100.0,100.0,,TARGET_36,"41.44,35.06,26.62,100.00,100.00,TARGET_36"
2026-05-13T14:43:48,2947.95,41.44,35.06,26.62,100.0,100.0,,TARGET_36,"41.44,35.06,26.62,100.00,100.00,TARGET_36"
2026-05-13T14:43:49,2949.24,41.44,35.06,26.62,100.0,100.0,,TARGET_36,"41.44,35.06,26.62,100.00,100.00,TARGET_36"
2026-05-13T14:43:50,2950.52,41.44,35.06,26.62,100.0,100.0,,TARGET_36,"41.44,35.06,26.62,100.00,100.00,TARGET_36"
2026-05-13T14:43:51,2951.81,41.44,35.06,26.62,100.0,100.0,,TARGET_36,"41.44,35.06,26.62,100.00,100.00,TARGET_36"
2026-05-13T14:43:53,2953.1,41.44,35.06,26.62,100.0,100.0,,TARGET_36,"41.44,35.06,26.62,100.00,100.00,TARGET_36"
2026-05-13T14:43:54,2954.38,41.44,35.06,26.62,100.0,100.0,,TARGET_36,"41.44,35.06,26.62,100.00,100.00,TARGET_36"
2026-05-13T14:43:55,2955.67,41.44,35.06,26.62,100.0,100.0,,TARGET_36,"41.44,35.06,26.62,100.00,100.00,TARGET_36"
2026-05-13T14:43:57,2956.95,41.44,35.06,26.62,100.0,100.0,,TARGET_36,"41.44,35.06,26.62,100.00,100.00,TARGET_36"
2026-05-13T14:43:58,2958.24,41.44,35.06,26.62,100.0,100.0,,TARGET_36,"41.44,35.06,26.62,100.00,100.00,TARGET_36"
2026-05-13T14:43:59,2959.53,41.44,35.06,26.62,100.0,100.0,,TARGET_36,"41.44,35.06,26.62,100.00,100.00,TARGET_36"
2026-05-13T14:44:00,2960.81,41.44,35.06,26.62,100.0,100.0,,TARGET_36,"41.44,35.06,26.62,100.00,100.00,TARGET_36"
2026-05-13T14:44:02,2962.1,41.44,35.06,26.62,100.0,100.0,,TARGET_36,"41.44,35.06,26.62,100.00,100.00,TARGET_36"
2026-05-13T14:44:03,2963.38,41.44,35.06,26.62,100.0,100.0,,TARGET_36,"41.44,35.06,26.62,100.00,100.00,TARGET_36"
2026-05-13T14:44:04,2964.67,41.44,35.06,26.62,100.0,100.0,,TARGET_36,"41.44,35.06,26.62,100.00,100.00,TARGET_36"
2026-05-13T14:44:06,2965.96,41.44,35.06,26.62,100.0,100.0,,TARGET_36,"41.44,35.06,26.62,100.00,100.00,TARGET_36"
2026-05-13T14:44:07,2967.24,41.44,35.06,26.62,100.0,100.0,,TARGET_36,"41.44,35.06,26.62,100.00,100.00,TARGET_36"
2026-05-13T14:44:08,2968.53,41.44,35.06,26.62,100.0,100.0,,TARGET_36,"41.44,35.06,26.62,100.00,100.00,TARGET_36"
2026-05-13T14:44:09,2969.82,41.44,35.06,26.62,100.0,100.0,,TARGET_36,"41.44,35.06,26.62,100.00,100.00,TARGET_36"
2026-05-13T14:44:11,2971.1,41.44,35.06,26.62,100.0,100.0,,TARGET_36,"41.44,35.06,26.62,100.00,100.00,TARGET_36"
2026-05-13T14:44:12,2972.39,41.44,35.06,26.62,100.0,100.0,,TARGET_36,"41.44,35.06,26.62,100.00,100.00,TARGET_36"
2026-05-13T14:44:13,2973.67,41.38,35.06,26.62,100.0,100.0,,TARGET_36,"41.38,35.06,26.62,100.00,100.00,TARGET_36"
2026-05-13T14:44:15,2974.96,41.44,35.06,26.62,100.0,100.0,,TARGET_36,"41.44,35.06,26.62,100.00,100.00,TARGET_36"
2026-05-13T14:44:16,2976.25,41.44,35.06,26.62,100.0,100.0,,TARGET_36,"41.44,35.06,26.62,100.00,100.00,TARGET_36"
2026-05-13T14:44:17,2977.53,41.44,35.06,26.62,100.0,100.0,,TARGET_36,"41.44,35.06,26.62,100.00,100.00,TARGET_36"
2026-05-13T14:44:18,2978.82,41.44,35.06,26.62,100.0,100.0,,TARGET_36,"41.44,35.06,26.62,100.00,100.00,TARGET_36"
2026-05-13T14:44:20,2980.1,41.44,35.06,26.62,100.0,100.0,,TARGET_36,"41.44,35.06,26.62,100.00,100.00,TARGET_36"
2026-05-13T14:44:21,2981.39,41.44,35.06,26.62,100.0,100.0,,TARGET_36,"41.44,35.06,26.62,100.00,100.00,TARGET_36"
2026-05-13T14:44:22,2982.68,41.44,35.06,26.62,100.0,100.0,,TARGET_36,"41.44,35.06,26.62,100.00,100.00,TARGET_36"
2026-05-13T14:44:24,2983.96,41.44,35.06,26.62,100.0,100.0,,TARGET_36,"41.44,35.06,26.62,100.00,100.00,TARGET_36"
2026-05-13T14:44:25,2985.25,41.44,35.06,26.62,100.0,100.0,,TARGET_36,"41.44,35.06,26.62,100.00,100.00,TARGET_36"
2026-05-13T14:44:26,2986.53,41.44,35.06,26.62,100.0,100.0,,TARGET_36,"41.44,35.06,26.62,100.00,100.00,TARGET_36"
2026-05-13T14:44:27,2987.82,41.44,35.06,26.62,100.0,100.0,,TARGET_36,"41.44,35.06,26.62,100.00,100.00,TARGET_36"
2026-05-13T14:44:29,2989.11,41.44,35.06,26.62,100.0,100.0,,TARGET_36,"41.44,35.06,26.62,100.00,100.00,TARGET_36"
2026-05-13T14:44:30,2990.39,41.44,35.06,26.62,100.0,100.0,,TARGET_36,"41.44,35.06,26.62,100.00,100.00,TARGET_36"
2026-05-13T14:44:31,2991.68,41.44,35.06,26.62,100.0,100.0,,TARGET_36,"41.44,35.06,26.62,100.00,100.00,TARGET_36"
2026-05-13T14:44:33,2992.97,41.44,35.06,26.62,100.0,100.0,,TARGET_36,"41.44,35.06,26.62,100.00,100.00,TARGET_36"
2026-05-13T14:44:34,2994.25,41.44,35.06,26.62,100.0,100.0,,TARGET_36,"41.44,35.06,26.62,100.00,100.00,TARGET_36"
2026-05-13T14:44:35,2995.54,41.44,35.06,26.62,100.0,100.0,,TARGET_36,"41.44,35.06,26.62,100.00,100.00,TARGET_36"
2026-05-13T14:44:36,2996.82,41.44,35.06,26.62,100.0,100.0,,TARGET_36,"41.44,35.06,26.62,100.00,100.00,TARGET_36"
2026-05-13T14:44:38,2998.11,41.44,35.06,26.62,100.0,100.0,,TARGET_36,"41.44,35.06,26.62,100.00,100.00,TARGET_36"
2026-05-13T14:44:39,2999.4,41.44,35.06,26.62,100.0,100.0,,TARGET_36,"41.44,35.06,26.62,100.00,100.00,TARGET_36"
2026-05-13T14:44:40,3000.68,41.44,35.06,26.62,100.0,100.0,,TARGET_36,"41.44,35.06,26.62,100.00,100.00,TARGET_36"
2026-05-13T14:44:42,3001.97,41.44,35.06,26.62,100.0,100.0,,TARGET_36,"41.44,35.06,26.62,100.00,100.00,TARGET_36"
2026-05-13T14:44:43,3003.25,41.44,35.06,26.62,100.0,100.0,,TARGET_36,"41.44,35.06,26.62,100.00,100.00,TARGET_36"
2026-05-13T14:44:44,3004.54,41.44,35.06,26.62,100.0,100.0,,TARGET_36,"41.44,35.06,26.62,100.00,100.00,TARGET_36"
2026-05-13T14:44:45,3005.83,41.44,35.06,26.62,100.0,100.0,,TARGET_36,"41.44,35.06,26.62,100.00,100.00,TARGET_36"
2026-05-13T14:44:47,3007.11,41.44,35.06,26.62,100.0,100.0,,TARGET_36,"41.44,35.06,26.62,100.00,100.00,TARGET_36"
2026-05-13T14:44:48,3008.4,41.44,35.06,26.62,100.0,100.0,,TARGET_36,"41.44,35.06,26.62,100.00,100.00,TARGET_36"
2026-05-13T14:44:49,3009.68,41.44,35.06,26.62,100.0,100.0,,TARGET_36,"41.44,35.06,26.62,100.00,100.00,TARGET_36"
2026-05-13T14:44:51,3010.97,41.44,35.06,26.62,100.0,100.0,,TARGET_36,"41.44,35.06,26.62,100.00,100.00,TARGET_36"
2026-05-13T14:44:52,3012.26,41.44,35.06,26.62,100.0,100.0,,TARGET_36,"41.44,35.06,26.62,100.00,100.00,TARGET_36"
2026-05-13T14:44:53,3013.54,41.44,35.06,26.62,100.0,100.0,,TARGET_36,"41.44,35.06,26.62,100.00,100.00,TARGET_36"
2026-05-13T14:44:54,3014.83,41.44,35.06,26.62,100.0,100.0,,TARGET_36,"41.44,35.06,26.62,100.00,100.00,TARGET_36"
2026-05-13T14:44:56,3016.12,41.44,35.06,26.62,100.0,100.0,,TARGET_36,"41.44,35.06,26.62,100.00,100.00,TARGET_36"
2026-05-13T14:44:57,3017.4,41.44,35.06,26.62,100.0,100.0,,TARGET_36,"41.44,35.06,26.62,100.00,100.00,TARGET_36"
2026-05-13T14:44:58,3018.69,41.44,35.06,26.62,100.0,100.0,,TARGET_36,"41.44,35.06,26.62,100.00,100.00,TARGET_36"
2026-05-13T14:45:00,3019.97,41.44,35.06,26.62,100.0,100.0,,TARGET_36,"41.44,35.06,26.62,100.00,100.00,TARGET_36"
2026-05-13T14:45:01,3021.26,41.44,35.06,26.62,100.0,100.0,,TARGET_36,"41.44,35.06,26.62,100.00,100.00,TARGET_36"
2026-05-13T14:45:02,3022.54,41.44,35.06,26.62,100.0,100.0,,TARGET_36,"41.44,35.06,26.62,100.00,100.00,TARGET_36"
2026-05-13T14:45:03,3023.83,41.44,35.06,26.62,100.0,100.0,,TARGET_36,"41.44,35.06,26.62,100.00,100.00,TARGET_36"
2026-05-13T14:45:05,3025.12,41.44,35.06,26.62,100.0,100.0,,TARGET_36,"41.44,35.06,26.62,100.00,100.00,TARGET_36"
2026-05-13T14:45:06,3026.4,41.44,35.06,26.62,100.0,100.0,,TARGET_36,"41.44,35.06,26.62,100.00,100.00,TARGET_36"
2026-05-13T14:45:07,3027.69,41.44,35.06,26.62,100.0,100.0,,TARGET_36,"41.44,35.06,26.62,100.00,100.00,TARGET_36"
2026-05-13T14:45:09,3028.98,41.44,35.06,26.62,100.0,100.0,,TARGET_36,"41.44,35.06,26.62,100.00,100.00,TARGET_36"
2026-05-13T14:45:10,3030.26,41.44,35.06,26.62,100.0,100.0,,TARGET_36,"41.44,35.06,26.62,100.00,100.00,TARGET_36"
2026-05-13T14:45:11,3031.55,41.44,35.06,26.62,100.0,100.0,,TARGET_36,"41.44,35.06,26.62,100.00,100.00,TARGET_36"
2026-05-13T14:45:12,3032.83,41.44,35.06,26.62,100.0,100.0,,TARGET_36,"41.44,35.06,26.62,100.00,100.00,TARGET_36"
2026-05-13T14:45:14,3034.12,41.44,35.06,26.69,100.0,100.0,,TARGET_36,"41.44,35.06,26.69,100.00,100.00,TARGET_36"
2026-05-13T14:45:15,3035.41,41.44,35.06,26.62,100.0,100.0,,TARGET_36,"41.44,35.06,26.62,100.00,100.00,TARGET_36"
2026-05-13T14:45:16,3036.69,41.44,35.06,26.62,100.0,100.0,,TARGET_36,"41.44,35.06,26.62,100.00,100.00,TARGET_36"
2026-05-13T14:45:18,3037.98,41.44,35.06,26.62,100.0,100.0,,TARGET_36,"41.44,35.06,26.62,100.00,100.00,TARGET_36"
2026-05-13T14:45:19,3039.26,41.44,35.06,26.62,100.0,100.0,,TARGET_36,"41.44,35.06,26.62,100.00,100.00,TARGET_36"
2026-05-13T14:45:20,3040.55,41.38,35.06,26.62,100.0,100.0,,TARGET_36,"41.38,35.06,26.62,100.00,100.00,TARGET_36"
2026-05-13T14:45:21,3041.84,41.38,35.06,26.62,100.0,100.0,,TARGET_36,"41.38,35.06,26.62,100.00,100.00,TARGET_36"
2026-05-13T14:45:23,3043.12,41.38,35.06,26.62,100.0,100.0,,TARGET_36,"41.38,35.06,26.62,100.00,100.00,TARGET_36"
2026-05-13T14:45:24,3044.41,41.38,35.06,26.62,100.0,100.0,,TARGET_36,"41.38,35.06,26.62,100.00,100.00,TARGET_36"
2026-05-13T14:45:25,3045.7,41.31,35.06,26.62,100.0,100.0,,TARGET_36,"41.31,35.06,26.62,100.00,100.00,TARGET_36"
2026-05-13T14:45:27,3046.98,41.31,35.06,26.62,100.0,100.0,,TARGET_36,"41.31,35.06,26.62,100.00,100.00,TARGET_36"
2026-05-13T14:45:28,3048.27,41.25,35.06,26.62,100.0,100.0,,TARGET_36,"41.25,35.06,26.62,100.00,100.00,TARGET_36"
2026-05-13T14:45:29,3049.55,41.25,35.13,26.62,100.0,100.0,,TARGET_36,"41.25,35.13,26.62,100.00,100.00,TARGET_36"
2026-05-13T14:45:30,3050.84,41.19,35.06,26.62,100.0,100.0,,TARGET_36,"41.19,35.06,26.62,100.00,100.00,TARGET_36"
2026-05-13T14:45:32,3052.13,41.19,35.06,26.62,100.0,100.0,,TARGET_36,"41.19,35.06,26.62,100.00,100.00,TARGET_36"
2026-05-13T14:45:33,3053.41,41.13,35.06,26.62,100.0,100.0,,TARGET_36,"41.13,35.06,26.62,100.00,100.00,TARGET_36"
2026-05-13T14:45:34,3054.7,41.06,35.06,26.62,100.0,100.0,,TARGET_36,"41.06,35.06,26.62,100.00,100.00,TARGET_36"
2026-05-13T14:45:36,3055.98,41.0,35.06,26.62,100.0,100.0,,TARGET_36,"41.00,35.06,26.62,100.00,100.00,TARGET_36"
2026-05-13T14:45:37,3057.27,41.0,35.06,26.62,100.0,100.0,,TARGET_36,"41.00,35.06,26.62,100.00,100.00,TARGET_36"
2026-05-13T14:45:38,3058.56,40.94,35.06,26.62,100.0,100.0,,TARGET_36,"40.94,35.06,26.62,100.00,100.00,TARGET_36"
2026-05-13T14:45:39,3059.84,40.88,35.06,26.62,100.0,100.0,,TARGET_36,"40.88,35.06,26.62,100.00,100.00,TARGET_36"
2026-05-13T14:45:41,3061.13,40.81,35.06,26.62,100.0,100.0,,TARGET_36,"40.81,35.06,26.62,100.00,100.00,TARGET_36"
2026-05-13T14:45:42,3062.41,40.81,35.06,26.62,100.0,100.0,,TARGET_36,"40.81,35.06,26.62,100.00,100.00,TARGET_36"
2026-05-13T14:45:43,3063.7,40.75,35.06,26.62,100.0,100.0,,TARGET_36,"40.75,35.06,26.62,100.00,100.00,TARGET_36"
2026-05-13T14:45:45,3064.99,40.69,35.06,26.62,100.0,100.0,,TARGET_36,"40.69,35.06,26.62,100.00,100.00,TARGET_36"
2026-05-13T14:45:46,3066.27,40.63,35.06,26.62,100.0,100.0,,TARGET_36,"40.63,35.06,26.62,100.00,100.00,TARGET_36"
2026-05-13T14:45:47,3067.56,40.63,35.06,26.62,100.0,100.0,,TARGET_36,"40.63,35.06,26.62,100.00,100.00,TARGET_36"
2026-05-13T14:45:48,3068.84,40.56,35.06,26.62,100.0,100.0,,TARGET_36,"40.56,35.06,26.62,100.00,100.00,TARGET_36"
2026-05-13T14:45:50,3070.13,40.5,35.06,26.62,100.0,100.0,,TARGET_36,"40.50,35.06,26.62,100.00,100.00,TARGET_36"
2026-05-13T14:45:51,3071.42,40.44,35.06,26.62,100.0,100.0,,TARGET_36,"40.44,35.06,26.62,100.00,100.00,TARGET_36"
2026-05-13T14:45:52,3072.7,40.38,35.06,26.62,100.0,100.0,,TARGET_36,"40.38,35.06,26.62,100.00,100.00,TARGET_36"
2026-05-13T14:45:54,3073.99,40.38,35.06,26.62,100.0,100.0,,TARGET_36,"40.38,35.06,26.62,100.00,100.00,TARGET_36"
2026-05-13T14:45:55,3075.27,40.31,35.06,26.62,100.0,100.0,,TARGET_36,"40.31,35.06,26.62,100.00,100.00,TARGET_36"
2026-05-13T14:45:56,3076.56,40.25,35.06,26.62,100.0,100.0,,TARGET_36,"40.25,35.06,26.62,100.00,100.00,TARGET_36"
2026-05-13T14:45:57,3077.85,40.19,35.06,26.62,100.0,100.0,,TARGET_36,"40.19,35.06,26.62,100.00,100.00,TARGET_36"
2026-05-13T14:45:59,3079.13,40.13,35.0,26.62,100.0,100.0,,TARGET_36,"40.13,35.00,26.62,100.00,100.00,TARGET_36"
2026-05-13T14:46:00,3080.42,40.06,35.06,26.62,100.0,100.0,,TARGET_36,"40.06,35.06,26.62,100.00,100.00,TARGET_36"
2026-05-13T14:46:01,3081.71,40.0,35.06,26.62,100.0,100.0,,TARGET_36,"40.00,35.06,26.62,100.00,100.00,TARGET_36"
2026-05-13T14:46:03,3082.99,39.94,35.06,26.62,100.0,100.0,,TARGET_36,"39.94,35.06,26.62,100.00,100.00,TARGET_36"
2026-05-13T14:46:04,3084.28,39.94,35.0,26.62,100.0,100.0,,TARGET_36,"39.94,35.00,26.62,100.00,100.00,TARGET_36"
2026-05-13T14:46:05,3085.56,39.88,35.0,26.62,100.0,100.0,,TARGET_36,"39.88,35.00,26.62,100.00,100.00,TARGET_36"
2026-05-13T14:46:06,3086.85,39.81,35.0,26.62,100.0,100.0,,TARGET_36,"39.81,35.00,26.62,100.00,100.00,TARGET_36"
2026-05-13T14:46:08,3088.14,39.75,35.0,26.62,100.0,100.0,,TARGET_36,"39.75,35.00,26.62,100.00,100.00,TARGET_36"
2026-05-13T14:46:09,3089.42,39.69,35.0,26.62,100.0,100.0,,TARGET_36,"39.69,35.00,26.62,100.00,100.00,TARGET_36"
2026-05-13T14:46:10,3090.71,39.69,35.0,26.62,100.0,100.0,,TARGET_36,"39.69,35.00,26.62,100.00,100.00,TARGET_36"
2026-05-13T14:46:12,3091.99,39.63,35.0,26.62,100.0,100.0,,TARGET_36,"39.63,35.00,26.62,100.00,100.00,TARGET_36"
2026-05-13T14:46:13,3093.28,39.5,35.0,26.62,100.0,100.0,,TARGET_36,"39.50,35.00,26.62,100.00,100.00,TARGET_36"
2026-05-13T14:46:14,3094.57,39.5,35.0,26.62,100.0,100.0,,TARGET_36,"39.50,35.00,26.62,100.00,100.00,TARGET_36"
2026-05-13T14:46:15,3095.85,39.44,35.0,26.62,100.0,100.0,,TARGET_36,"39.44,35.00,26.62,100.00,100.00,TARGET_36"
2026-05-13T14:46:17,3097.14,39.38,35.0,26.62,100.0,100.0,,TARGET_36,"39.38,35.00,26.62,100.00,100.00,TARGET_36"
2026-05-13T14:46:18,3098.42,39.38,35.0,26.62,100.0,100.0,,TARGET_36,"39.38,35.00,26.62,100.00,100.00,TARGET_36"
2026-05-13T14:46:19,3099.71,39.31,35.0,26.62,100.0,100.0,,TARGET_36,"39.31,35.00,26.62,100.00,100.00,TARGET_36"
2026-05-13T14:46:21,3101.0,39.25,35.0,26.62,100.0,100.0,,TARGET_36,"39.25,35.00,26.62,100.00,100.00,TARGET_36"
2026-05-13T14:46:22,3102.28,39.19,35.0,26.62,100.0,100.0,,TARGET_36,"39.19,35.00,26.62,100.00,100.00,TARGET_36"
2026-05-13T14:46:23,3103.57,39.13,35.0,26.62,100.0,100.0,,TARGET_36,"39.13,35.00,26.62,100.00,100.00,TARGET_36"
2026-05-13T14:46:25,3104.85,39.06,34.94,26.62,100.0,100.0,,TARGET_36,"39.06,34.94,26.62,100.00,100.00,TARGET_36"
2026-05-13T14:46:26,3106.14,39.0,34.94,26.62,100.0,100.0,,TARGET_36,"39.00,34.94,26.62,100.00,100.00,TARGET_36"
2026-05-13T14:46:27,3107.43,39.0,34.94,26.62,100.0,100.0,,TARGET_36,"39.00,34.94,26.62,100.00,100.00,TARGET_36"
2026-05-13T14:46:28,3108.71,38.88,34.94,26.62,100.0,99.22,,TARGET_36,"38.88,34.94,26.62,100.00,99.22,TARGET_36"
2026-05-13T14:46:30,3110.0,38.88,34.94,26.62,100.0,98.63,,TARGET_36,"38.88,34.94,26.62,100.00,98.63,TARGET_36"
2026-05-13T14:46:31,3111.28,38.81,34.94,26.62,100.0,97.8,,TARGET_36,"38.81,34.94,26.62,100.00,97.80,TARGET_36"
2026-05-13T14:46:32,3112.57,38.75,34.94,26.62,100.0,96.79,,TARGET_36,"38.75,34.94,26.62,100.00,96.79,TARGET_36"
2026-05-13T14:46:34,3113.86,38.75,34.94,26.62,100.0,96.03,,TARGET_36,"38.75,34.94,26.62,100.00,96.03,TARGET_36"
2026-05-13T14:46:35,3115.14,38.69,34.94,26.62,100.0,95.07,,TARGET_36,"38.69,34.94,26.62,100.00,95.07,TARGET_36"
2026-05-13T14:46:36,3116.43,38.63,34.94,26.62,100.0,93.96,,TARGET_36,"38.63,34.94,26.62,100.00,93.96,TARGET_36"
2026-05-13T14:46:37,3117.71,38.56,34.94,26.62,100.0,92.73,,TARGET_36,"38.56,34.94,26.62,100.00,92.73,TARGET_36"
2026-05-13T14:46:39,3119.0,38.5,34.94,26.62,100.0,91.43,,TARGET_36,"38.50,34.94,26.62,100.00,91.43,TARGET_36"
2026-05-13T14:46:40,3120.29,38.44,34.94,26.62,100.0,90.05,,TARGET_36,"38.44,34.94,26.62,100.00,90.05,TARGET_36"
2026-05-13T14:46:41,3121.57,38.44,34.94,26.69,100.0,89.02,,TARGET_36,"38.44,34.94,26.69,100.00,89.02,TARGET_36"
2026-05-13T14:46:43,3122.86,38.38,34.94,26.62,100.0,87.86,,TARGET_36,"38.38,34.94,26.62,100.00,87.86,TARGET_36"
2026-05-13T14:46:44,3124.14,38.38,34.88,26.62,100.0,86.99,,TARGET_36,"38.38,34.88,26.62,100.00,86.99,TARGET_36"
2026-05-13T14:46:45,3125.43,38.31,34.88,26.62,100.0,85.95,,TARGET_36,"38.31,34.88,26.62,100.00,85.95,TARGET_36"
2026-05-13T14:46:46,3126.72,38.25,34.88,26.62,100.0,84.77,,TARGET_36,"38.25,34.88,26.62,100.00,84.77,TARGET_36"
2026-05-13T14:46:48,3128.0,38.25,34.88,26.62,100.0,83.89,,TARGET_36,"38.25,34.88,26.62,100.00,83.89,TARGET_36"
2026-05-13T14:46:49,3129.29,38.19,34.88,26.69,100.0,82.84,,TARGET_36,"38.19,34.88,26.69,100.00,82.84,TARGET_36"
2026-05-13T14:46:50,3130.58,38.13,34.88,26.69,100.0,81.66,,TARGET_36,"38.13,34.88,26.69,100.00,81.66,TARGET_36"
2026-05-13T14:46:52,3131.86,38.13,34.88,26.62,100.0,80.78,,TARGET_36,"38.13,34.88,26.62,100.00,80.78,TARGET_36"
2026-05-13T14:46:53,3133.15,38.06,34.88,26.69,100.0,79.72,,TARGET_36,"38.06,34.88,26.69,100.00,79.72,TARGET_36"
2026-05-13T14:46:54,3134.43,38.0,34.88,26.62,100.0,78.54,,TARGET_36,"38.00,34.88,26.62,100.00,78.54,TARGET_36"
2026-05-13T14:46:55,3135.72,37.94,34.88,26.62,100.0,77.27,,TARGET_36,"37.94,34.88,26.62,100.00,77.27,TARGET_36"
2026-05-13T14:46:57,3137.01,37.94,34.88,26.62,100.0,76.31,,TARGET_36,"37.94,34.88,26.62,100.00,76.31,TARGET_36"
2026-05-13T14:46:58,3138.29,37.88,34.81,26.69,100.0,75.2,,TARGET_36,"37.88,34.81,26.69,100.00,75.20,TARGET_36"
2026-05-13T14:46:59,3139.58,37.81,34.81,26.69,100.0,73.98,,TARGET_36,"37.81,34.81,26.69,100.00,73.98,TARGET_36"
2026-05-13T14:47:01,3140.86,37.81,34.81,26.69,100.0,73.06,,TARGET_36,"37.81,34.81,26.69,100.00,73.06,TARGET_36"
2026-05-13T14:47:02,3142.15,37.81,34.81,26.69,100.0,72.37,,TARGET_36,"37.81,34.81,26.69,100.00,72.37,TARGET_36"
2026-05-13T14:47:03,3143.43,37.75,34.81,26.69,100.0,71.47,,TARGET_36,"37.75,34.81,26.69,100.00,71.47,TARGET_36"
2026-05-13T14:47:04,3144.72,37.75,34.81,26.62,100.0,70.79,,TARGET_36,"37.75,34.81,26.62,100.00,70.79,TARGET_36"
2026-05-13T14:47:06,3146.01,37.69,34.81,26.62,100.0,69.89,,TARGET_36,"37.69,34.81,26.62,100.00,69.89,TARGET_36"
2026-05-13T14:47:07,3147.29,37.69,34.81,26.62,100.0,69.21,,TARGET_36,"37.69,34.81,26.62,100.00,69.21,TARGET_36"
2026-05-13T14:47:08,3148.58,37.63,34.81,26.69,100.0,68.32,,TARGET_36,"37.63,34.81,26.69,100.00,68.32,TARGET_36"
2026-05-13T14:47:10,3149.87,37.63,34.81,26.62,100.0,67.64,,TARGET_36,"37.63,34.81,26.62,100.00,67.64,TARGET_36"
2026-05-13T14:47:11,3151.15,37.56,34.75,26.62,86.2,66.75,,TARGET_36,"37.56,34.75,26.62,86.20,66.75,TARGET_36"
2026-05-13T14:47:12,3152.44,37.56,34.81,26.62,94.48,66.08,,TARGET_36,"37.56,34.81,26.62,94.48,66.08,TARGET_36"
2026-05-13T14:47:13,3153.72,37.5,34.75,26.62,97.79,65.18,,TARGET_36,"37.50,34.75,26.62,97.79,65.18,TARGET_36"
2026-05-13T14:47:15,3155.01,37.5,34.75,26.62,99.12,64.51,,TARGET_36,"37.50,34.75,26.62,99.12,64.51,TARGET_36"
2026-05-13T14:47:16,3156.29,37.5,34.75,26.62,99.65,64.01,,TARGET_36,"37.50,34.75,26.62,99.65,64.01,TARGET_36"
2026-05-13T14:47:17,3157.58,37.44,34.75,26.62,99.86,63.24,,TARGET_36,"37.44,34.75,26.62,99.86,63.24,TARGET_36"
2026-05-13T14:47:19,3158.87,37.44,34.75,26.62,95.74,62.67,,TARGET_36,"37.44,34.75,26.62,95.74,62.67,TARGET_36"
2026-05-13T14:47:20,3160.15,37.44,34.75,26.62,98.3,62.23,,TARGET_36,"37.44,34.75,26.62,98.30,62.23,TARGET_36"
2026-05-13T14:47:21,3161.44,37.38,34.75,26.69,91.52,61.52,,TARGET_36,"37.38,34.75,26.69,91.52,61.52,TARGET_36"
2026-05-13T14:47:22,3162.73,37.38,34.75,26.69,96.61,60.98,,TARGET_36,"37.38,34.75,26.69,96.61,60.98,TARGET_36"
2026-05-13T14:47:24,3164.01,37.31,34.69,26.69,98.64,60.19,,TARGET_36,"37.31,34.69,26.69,98.64,60.19,TARGET_36"
2026-05-13T14:47:25,3165.3,37.31,34.69,26.69,84.46,59.6,,TARGET_36,"37.31,34.69,26.69,84.46,59.60,TARGET_36"
2026-05-13T14:47:26,3166.58,37.31,34.69,26.62,93.78,59.15,,TARGET_36,"37.31,34.69,26.62,93.78,59.15,TARGET_36"
2026-05-13T14:47:28,3167.87,37.25,34.69,26.62,95.71,58.42,,TARGET_36,"37.25,34.69,26.62,95.71,58.42,TARGET_36"
2026-05-13T14:47:29,3169.15,37.25,34.69,26.69,88.09,57.88,,TARGET_36,"37.25,34.69,26.69,88.09,57.88,TARGET_36"
2026-05-13T14:47:30,3170.44,37.25,34.69,26.69,76.63,57.47,,TARGET_36,"37.25,34.69,26.69,76.63,57.47,TARGET_36"
2026-05-13T14:47:31,3171.73,37.19,34.69,26.69,88.25,56.78,,TARGET_36,"37.19,34.69,26.69,88.25,56.78,TARGET_36"
2026-05-13T14:47:33,3173.01,37.19,34.63,26.69,71.9,56.25,,TARGET_36,"37.19,34.63,26.69,71.90,56.25,TARGET_36"
2026-05-13T14:47:34,3174.3,37.19,34.63,26.69,62.96,55.86,,TARGET_36,"37.19,34.63,26.69,62.96,55.86,TARGET_36"
2026-05-13T14:47:35,3175.58,37.19,34.63,26.69,64.78,55.57,,TARGET_36,"37.19,34.63,26.69,64.78,55.57,TARGET_36"
2026-05-13T14:47:37,3176.87,37.13,34.63,26.69,68.51,54.96,,TARGET_36,"37.13,34.63,26.69,68.51,54.96,TARGET_36"
2026-05-13T14:47:38,3178.16,37.13,34.63,26.69,67.61,54.5,,TARGET_36,"37.13,34.63,26.69,67.61,54.50,TARGET_36"
2026-05-13T14:47:39,3179.44,37.13,34.63,26.69,64.84,54.16,,TARGET_36,"37.13,34.63,26.69,64.84,54.16,TARGET_36"
2026-05-13T14:47:40,3180.73,37.13,34.63,26.69,62.54,53.9,,TARGET_36,"37.13,34.63,26.69,62.54,53.90,TARGET_36"
2026-05-13T14:47:42,3182.01,37.06,34.63,26.69,64.61,53.31,,TARGET_36,"37.06,34.63,26.69,64.61,53.31,TARGET_36"
2026-05-13T14:47:43,3183.3,37.06,34.63,26.69,69.05,52.88,,TARGET_36,"37.06,34.63,26.69,69.05,52.88,TARGET_36"
2026-05-13T14:47:44,3184.59,37.06,34.63,26.69,63.62,52.55,,TARGET_36,"37.06,34.63,26.69,63.62,52.55,TARGET_36"
2026-05-13T14:47:46,3185.87,37.0,34.56,26.75,60.85,51.91,,TARGET_36,"37.00,34.56,26.75,60.85,51.91,TARGET_36"
2026-05-13T14:47:47,3187.16,37.0,34.56,26.69,56.74,51.43,,TARGET_36,"37.00,34.56,26.69,56.74,51.43,TARGET_36"
2026-05-13T14:47:48,3188.44,37.0,34.56,26.75,52.7,51.07,,TARGET_36,"37.00,34.56,26.75,52.70,51.07,TARGET_36"
2026-05-13T14:47:49,3189.73,37.0,34.56,26.75,78.08,50.81,,TARGET_36,"37.00,34.56,26.75,78.08,50.81,TARGET_36"
2026-05-13T14:47:51,3191.02,37.0,34.56,26.75,76.23,50.6,,TARGET_36,"37.00,34.56,26.75,76.23,50.60,TARGET_36"
2026-05-13T14:47:52,3192.3,37.0,34.56,26.75,68.29,50.45,,TARGET_36,"37.00,34.56,26.75,68.29,50.45,TARGET_36"
2026-05-13T14:47:53,3193.59,36.94,34.56,26.75,68.12,49.95,,TARGET_36,"36.94,34.56,26.75,68.12,49.95,TARGET_36"
2026-05-13T14:47:55,3194.87,36.94,34.56,26.69,66.85,49.57,,TARGET_36,"36.94,34.56,26.69,66.85,49.57,TARGET_36"
2026-05-13T14:47:56,3196.16,36.94,34.56,26.75,65.14,49.29,,TARGET_36,"36.94,34.56,26.75,65.14,49.29,TARGET_36"
2026-05-13T14:47:57,3197.45,36.94,34.5,26.75,55.46,49.08,,TARGET_36,"36.94,34.50,26.75,55.46,49.08,TARGET_36"
2026-05-13T14:47:58,3198.73,36.88,34.5,26.75,41.98,48.53,,TARGET_36,"36.88,34.50,26.75,41.98,48.53,TARGET_36"
2026-05-13T14:48:00,3200.02,36.88,34.5,26.75,53.39,48.11,,TARGET_36,"36.88,34.50,26.75,53.39,48.11,TARGET_36"
2026-05-13T14:48:01,3201.3,36.88,34.5,26.75,54.36,47.8,,TARGET_36,"36.88,34.50,26.75,54.36,47.80,TARGET_36"
2026-05-13T14:48:02,3202.59,36.88,34.5,26.75,57.74,47.57,,TARGET_36,"36.88,34.50,26.75,57.74,47.57,TARGET_36"
2026-05-13T14:48:04,3203.88,36.88,34.5,26.75,53.7,47.4,,TARGET_36,"36.88,34.50,26.75,53.70,47.40,TARGET_36"
2026-05-13T14:48:05,3205.16,36.88,34.5,26.75,76.08,47.27,,TARGET_36,"36.88,34.50,26.75,76.08,47.27,TARGET_36"
2026-05-13T14:48:06,3206.45,36.88,34.5,26.75,64.63,47.17,,TARGET_36,"36.88,34.50,26.75,64.63,47.17,TARGET_36"
2026-05-13T14:48:07,3207.73,36.81,34.5,26.75,40.25,46.7,,TARGET_36,"36.81,34.50,26.75,40.25,46.70,TARGET_36"
2026-05-13T14:48:09,3209.02,36.81,34.44,26.75,42.5,46.36,,TARGET_36,"36.81,34.44,26.75,42.50,46.36,TARGET_36"
2026-05-13T14:48:10,3210.3,36.81,34.44,26.75,47.6,46.1,,TARGET_36,"36.81,34.44,26.75,47.60,46.10,TARGET_36"
2026-05-13T14:48:11,3211.59,36.81,34.44,26.75,52.64,45.9,,TARGET_36,"36.81,34.44,26.75,52.64,45.90,TARGET_36"
2026-05-13T14:48:13,3212.88,36.81,34.44,26.75,43.86,45.75,,TARGET_36,"36.81,34.44,26.75,43.86,45.75,TARGET_36"
2026-05-13T14:48:14,3214.16,36.75,34.44,26.75,53.54,45.25,,TARGET_36,"36.75,34.44,26.75,53.54,45.25,TARGET_36"
2026-05-13T14:48:15,3215.45,36.81,34.44,26.75,51.42,45.27,,TARGET_36,"36.81,34.44,26.75,51.42,45.27,TARGET_36"
2026-05-13T14:48:16,3216.74,36.81,34.44,26.75,58.37,45.28,,TARGET_36,"36.81,34.44,26.75,58.37,45.28,TARGET_36"
2026-05-13T14:48:18,3218.02,36.75,34.44,26.75,60.55,44.9,,TARGET_36,"36.75,34.44,26.75,60.55,44.90,TARGET_36"
2026-05-13T14:48:19,3219.31,36.75,34.44,26.75,56.62,44.61,,TARGET_36,"36.75,34.44,26.75,56.62,44.61,TARGET_36"
2026-05-13T14:48:20,3220.59,36.75,34.38,26.75,52.65,44.39,,TARGET_36,"36.75,34.38,26.75,52.65,44.39,TARGET_36"
2026-05-13T14:48:22,3221.88,36.75,34.44,26.69,52.26,44.23,,TARGET_36,"36.75,34.44,26.69,52.26,44.23,TARGET_36"
2026-05-13T14:48:23,3223.16,36.75,34.38,26.75,53.3,44.11,,TARGET_36,"36.75,34.38,26.75,53.30,44.11,TARGET_36"
2026-05-13T14:48:24,3224.45,36.75,34.38,26.75,46.52,44.02,,TARGET_36,"36.75,34.38,26.75,46.52,44.02,TARGET_36"
2026-05-13T14:48:25,3225.74,36.69,34.38,26.75,46.81,43.56,,TARGET_36,"36.69,34.38,26.75,46.81,43.56,TARGET_36"
2026-05-13T14:48:27,3227.02,36.75,34.38,26.75,53.52,43.61,,TARGET_36,"36.75,34.38,26.75,53.52,43.61,TARGET_36"
2026-05-13T14:48:28,3228.31,36.69,34.38,26.75,42.41,43.25,,TARGET_36,"36.69,34.38,26.75,42.41,43.25,TARGET_36"
2026-05-13T14:48:29,3229.59,36.69,34.38,26.75,44.56,42.99,,TARGET_36,"36.69,34.38,26.75,44.56,42.99,TARGET_36"
2026-05-13T14:48:31,3230.88,36.69,34.38,26.75,56.23,42.79,,TARGET_36,"36.69,34.38,26.75,56.23,42.79,TARGET_36"
2026-05-13T14:48:32,3232.17,36.69,34.31,26.75,51.89,42.64,,TARGET_36,"36.69,34.31,26.75,51.89,42.64,TARGET_36"
2026-05-13T14:48:33,3233.45,36.69,34.31,26.75,53.16,42.53,,TARGET_36,"36.69,34.31,26.75,53.16,42.53,TARGET_36"
2026-05-13T14:48:34,3234.74,36.69,34.31,26.75,58.46,42.44,,TARGET_36,"36.69,34.31,26.75,58.46,42.44,TARGET_36"
2026-05-13T14:48:36,3236.02,36.69,34.31,26.75,44.98,42.38,,TARGET_36,"36.69,34.31,26.75,44.98,42.38,TARGET_36"
2026-05-13T14:48:37,3237.31,36.69,34.31,26.75,52.79,42.33,,TARGET_36,"36.69,34.31,26.75,52.79,42.33,TARGET_36"
2026-05-13T14:48:38,3238.6,36.63,34.31,26.75,52.32,41.9,,TARGET_36,"36.63,34.31,26.75,52.32,41.90,TARGET_36"
2026-05-13T14:48:40,3239.88,36.69,34.31,26.75,49.73,41.97,,TARGET_36,"36.69,34.31,26.75,49.73,41.97,TARGET_36"
2026-05-13T14:48:41,3241.17,36.63,34.31,26.75,49.89,41.64,,TARGET_36,"36.63,34.31,26.75,49.89,41.64,TARGET_36"
2026-05-13T14:48:42,3242.45,36.63,34.25,26.75,43.36,41.38,,TARGET_36,"36.63,34.25,26.75,43.36,41.38,TARGET_36"
2026-05-13T14:48:43,3243.74,36.63,34.31,26.75,47.94,41.19,,TARGET_36,"36.63,34.31,26.75,47.94,41.19,TARGET_36"
2026-05-13T14:48:45,3245.03,36.63,34.25,26.75,55.78,41.05,,TARGET_36,"36.63,34.25,26.75,55.78,41.05,TARGET_36"
2026-05-13T14:48:46,3246.31,36.63,34.25,26.75,48.11,40.95,,TARGET_36,"36.63,34.25,26.75,48.11,40.95,TARGET_36"
2026-05-13T14:48:47,3247.6,36.63,34.25,26.75,56.44,40.87,,TARGET_36,"36.63,34.25,26.75,56.44,40.87,TARGET_36"
2026-05-13T14:48:49,3248.88,36.63,34.25,26.75,56.78,40.81,,TARGET_36,"36.63,34.25,26.75,56.78,40.81,TARGET_36"
2026-05-13T14:48:50,3250.17,36.63,34.25,26.75,58.71,40.76,,TARGET_36,"36.63,34.25,26.75,58.71,40.76,TARGET_36"
2026-05-13T14:48:51,3251.46,36.63,34.25,26.75,44.48,40.73,,TARGET_36,"36.63,34.25,26.75,44.48,40.73,TARGET_36"
2026-05-13T14:48:52,3252.74,36.63,34.19,26.75,54.99,40.7,,TARGET_36,"36.63,34.19,26.75,54.99,40.70,TARGET_36"
2026-05-13T14:48:54,3254.03,36.63,34.19,26.75,47.8,40.68,,TARGET_36,"36.63,34.19,26.75,47.80,40.68,TARGET_36"
2026-05-13T14:48:55,3255.31,36.63,34.19,26.69,43.12,40.67,,TARGET_36,"36.63,34.19,26.69,43.12,40.67,TARGET_36"
2026-05-13T14:48:56,3256.6,36.63,34.19,26.75,50.85,40.66,,TARGET_36,"36.63,34.19,26.75,50.85,40.66,TARGET_36"
2026-05-13T14:48:58,3257.89,36.63,34.19,26.69,44.34,40.65,,TARGET_36,"36.63,34.19,26.69,44.34,40.65,TARGET_36"
2026-05-13T14:48:59,3259.17,36.63,34.19,26.75,44.74,40.64,,TARGET_36,"36.63,34.19,26.75,44.74,40.64,TARGET_36"
2026-05-13T14:49:00,3260.46,36.63,34.13,26.75,41.89,40.64,,TARGET_36,"36.63,34.13,26.75,41.89,40.64,TARGET_36"
2026-05-13T14:49:01,3261.74,36.63,34.13,26.75,45.56,40.64,,TARGET_36,"36.63,34.13,26.75,45.56,40.64,TARGET_36"
2026-05-13T14:49:03,3263.03,36.63,34.13,26.75,45.82,40.63,,TARGET_36,"36.63,34.13,26.75,45.82,40.63,TARGET_36"
2026-05-13T14:49:04,3264.32,36.63,34.13,26.75,50.73,40.63,,TARGET_36,"36.63,34.13,26.75,50.73,40.63,TARGET_36"
2026-05-13T14:49:05,3265.6,36.56,34.13,26.75,56.29,40.24,,TARGET_36,"36.56,34.13,26.75,56.29,40.24,TARGET_36"
2026-05-13T14:49:07,3266.89,36.63,34.13,26.75,59.72,40.34,,TARGET_36,"36.63,34.13,26.75,59.72,40.34,TARGET_36"
2026-05-13T14:49:08,3268.17,36.56,34.13,26.81,51.49,40.02,,TARGET_36,"36.56,34.13,26.81,51.49,40.02,TARGET_36"
2026-05-13T14:49:09,3269.46,36.63,34.13,26.75,48.19,40.17,,TARGET_36,"36.63,34.13,26.75,48.19,40.17,TARGET_36"
2026-05-13T14:49:10,3270.75,36.63,34.13,26.81,55.88,40.28,,TARGET_36,"36.63,34.13,26.81,55.88,40.28,TARGET_36"
2026-05-13T14:49:12,3272.03,36.63,34.06,26.81,55.95,40.37,,TARGET_36,"36.63,34.06,26.81,55.95,40.37,TARGET_36"
2026-05-13T14:49:13,3273.32,36.63,34.06,26.81,53.58,40.43,,TARGET_36,"36.63,34.06,26.81,53.58,40.43,TARGET_36"
2026-05-13T14:49:14,3274.6,36.63,34.06,26.81,57.43,40.48,,TARGET_36,"36.63,34.06,26.81,57.43,40.48,TARGET_36"
2026-05-13T14:49:16,3275.89,36.63,34.06,26.81,52.37,40.52,,TARGET_36,"36.63,34.06,26.81,52.37,40.52,TARGET_36"
2026-05-13T14:49:17,3277.17,36.63,34.06,26.75,51.55,40.54,,TARGET_36,"36.63,34.06,26.75,51.55,40.54,TARGET_36"
2026-05-13T14:49:18,3278.46,36.63,34.06,26.81,52.42,40.56,,TARGET_36,"36.63,34.06,26.81,52.42,40.56,TARGET_36"
2026-05-13T14:49:19,3279.75,36.63,34.0,26.81,53.97,40.58,,TARGET_36,"36.63,34.00,26.81,53.97,40.58,TARGET_36"
2026-05-13T14:49:21,3281.03,36.56,34.0,26.81,57.59,40.2,,TARGET_36,"36.56,34.00,26.81,57.59,40.20,TARGET_36"
2026-05-13T14:49:22,3282.32,36.56,34.0,26.81,56.63,39.92,,TARGET_36,"36.56,34.00,26.81,56.63,39.92,TARGET_36"
2026-05-13T14:49:23,3283.61,36.63,34.0,26.81,55.65,40.09,,TARGET_36,"36.63,34.00,26.81,55.65,40.09,TARGET_36"
2026-05-13T14:49:25,3284.89,36.63,34.0,26.81,55.26,40.23,,TARGET_36,"36.63,34.00,26.81,55.26,40.23,TARGET_36"
2026-05-13T14:49:26,3286.18,36.63,34.0,26.81,49.7,40.33,,TARGET_36,"36.63,34.00,26.81,49.70,40.33,TARGET_36"
2026-05-13T14:49:27,3287.46,36.63,34.0,26.81,55.28,40.4,,TARGET_36,"36.63,34.00,26.81,55.28,40.40,TARGET_36"
2026-05-13T14:49:28,3288.75,36.63,34.0,26.81,52.11,40.46,,TARGET_36,"36.63,34.00,26.81,52.11,40.46,TARGET_36"
2026-05-13T14:49:30,3290.03,36.63,34.0,26.81,48.45,40.5,,TARGET_36,"36.63,34.00,26.81,48.45,40.50,TARGET_36"
2026-05-13T14:49:31,3291.32,36.63,33.94,26.81,52.38,40.53,,TARGET_36,"36.63,33.94,26.81,52.38,40.53,TARGET_36"
2026-05-13T14:49:32,3292.61,36.63,33.94,26.81,48.55,40.55,,TARGET_36,"36.63,33.94,26.81,48.55,40.55,TARGET_36"
2026-05-13T14:49:34,3293.89,36.63,33.94,26.81,56.62,40.57,,TARGET_36,"36.63,33.94,26.81,56.62,40.57,TARGET_36"
2026-05-13T14:49:35,3295.18,36.63,34.0,26.81,59.25,40.59,,TARGET_36,"36.63,34.00,26.81,59.25,40.59,TARGET_36"
2026-05-13T14:49:36,3296.46,36.63,33.94,26.81,57.9,40.6,,TARGET_36,"36.63,33.94,26.81,57.90,40.60,TARGET_36"
2026-05-13T14:49:37,3297.75,36.63,33.94,26.81,59.76,40.6,,TARGET_36,"36.63,33.94,26.81,59.76,40.60,TARGET_36"
2026-05-13T14:49:39,3299.04,36.63,33.94,26.81,52.7,40.61,,TARGET_36,"36.63,33.94,26.81,52.70,40.61,TARGET_36"
2026-05-13T14:49:40,3300.32,36.63,33.94,26.81,49.28,40.61,,TARGET_36,"36.63,33.94,26.81,49.28,40.61,TARGET_36"
2026-05-13T14:49:41,3301.61,36.63,33.88,26.81,50.31,40.62,,TARGET_36,"36.63,33.88,26.81,50.31,40.62,TARGET_36"
2026-05-13T14:49:43,3302.89,36.63,33.94,26.81,44.73,40.62,,TARGET_36,"36.63,33.94,26.81,44.73,40.62,TARGET_36"
2026-05-13T14:49:44,3304.18,36.63,33.88,26.81,51.49,40.62,,TARGET_36,"36.63,33.88,26.81,51.49,40.62,TARGET_36"
2026-05-13T14:49:45,3305.47,36.63,33.88,26.81,47.6,40.62,,TARGET_36,"36.63,33.88,26.81,47.60,40.62,TARGET_36"
2026-05-13T14:49:46,3306.75,36.63,33.88,26.81,46.64,40.62,,TARGET_36,"36.63,33.88,26.81,46.64,40.62,TARGET_36"
2026-05-13T14:49:48,3308.04,36.63,33.88,26.81,45.66,40.62,,TARGET_36,"36.63,33.88,26.81,45.66,40.62,TARGET_36"
2026-05-13T14:49:49,3309.32,36.63,33.88,26.81,48.26,40.62,,TARGET_36,"36.63,33.88,26.81,48.26,40.62,TARGET_36"
2026-05-13T14:49:50,3310.61,36.63,33.88,26.81,45.7,40.62,,TARGET_36,"36.63,33.88,26.81,45.70,40.62,TARGET_36"
2026-05-13T14:49:52,3311.9,36.63,33.88,26.81,48.88,40.62,,TARGET_36,"36.63,33.88,26.81,48.88,40.62,TARGET_36"
2026-05-13T14:49:53,3313.18,36.63,33.88,26.81,53.15,40.62,,TARGET_36,"36.63,33.88,26.81,53.15,40.62,TARGET_36"
2026-05-13T14:49:54,3314.47,36.63,33.81,26.81,56.06,40.62,,TARGET_36,"36.63,33.81,26.81,56.06,40.62,TARGET_36"
2026-05-13T14:49:55,3315.75,36.63,33.81,26.81,58.42,40.62,,TARGET_36,"36.63,33.81,26.81,58.42,40.62,TARGET_36"
2026-05-13T14:49:57,3317.04,36.63,33.81,26.81,58.17,40.62,,TARGET_36,"36.63,33.81,26.81,58.17,40.62,TARGET_36"
2026-05-13T14:49:58,3318.33,36.63,33.81,26.75,59.27,40.62,,TARGET_36,"36.63,33.81,26.75,59.27,40.62,TARGET_36"
2026-05-13T14:49:59,3319.61,36.63,33.81,26.81,51.91,40.62,,TARGET_36,"36.63,33.81,26.81,51.91,40.62,TARGET_36"
2026-05-13T14:50:01,3320.9,36.63,33.81,26.81,46.56,40.62,,TARGET_36,"36.63,33.81,26.81,46.56,40.62,TARGET_36"
2026-05-13T14:50:02,3322.18,36.63,33.81,26.81,49.23,40.62,,TARGET_36,"36.63,33.81,26.81,49.23,40.62,TARGET_36"
2026-05-13T14:50:03,3323.47,36.63,33.81,26.81,50.29,40.62,,TARGET_36,"36.63,33.81,26.81,50.29,40.62,TARGET_36"
2026-05-13T14:50:04,3324.76,36.63,33.81,26.81,51.92,40.62,,TARGET_36,"36.63,33.81,26.81,51.92,40.62,TARGET_36"
2026-05-13T14:50:06,3326.04,36.63,33.81,26.81,57.37,40.62,,TARGET_36,"36.63,33.81,26.81,57.37,40.62,TARGET_36"
2026-05-13T14:50:07,3327.33,36.63,33.75,26.81,49.35,40.62,,TARGET_36,"36.63,33.75,26.81,49.35,40.62,TARGET_36"
2026-05-13T14:50:08,3328.61,36.63,33.75,26.81,49.74,40.62,,TARGET_36,"36.63,33.75,26.81,49.74,40.62,TARGET_36"
2026-05-13T14:50:10,3329.9,36.63,33.75,26.81,39.7,40.62,,TARGET_36,"36.63,33.75,26.81,39.70,40.62,TARGET_36"
2026-05-13T14:50:11,3331.19,36.69,33.75,26.81,54.28,41.02,,TARGET_36,"36.69,33.75,26.81,54.28,41.02,TARGET_36"
2026-05-13T14:50:12,3332.47,36.63,33.75,26.81,55.31,40.92,,TARGET_36,"36.63,33.75,26.81,55.31,40.92,TARGET_36"
2026-05-13T14:50:13,3333.76,36.63,33.75,26.81,56.32,40.84,,TARGET_36,"36.63,33.75,26.81,56.32,40.84,TARGET_36"
2026-05-13T14:50:15,3335.04,36.63,33.75,26.81,47.13,40.79,,TARGET_36,"36.63,33.75,26.81,47.13,40.79,TARGET_36"
2026-05-13T14:50:16,3336.33,36.69,33.75,26.81,49.45,41.14,,TARGET_36,"36.69,33.75,26.81,49.45,41.14,TARGET_36"
2026-05-13T14:50:17,3337.61,36.69,33.69,26.81,52.18,41.4,,TARGET_36,"36.69,33.69,26.81,52.18,41.40,TARGET_36"
2026-05-13T14:50:19,3338.9,36.63,33.75,26.81,57.47,41.21,,TARGET_36,"36.63,33.75,26.81,57.47,41.21,TARGET_36"
2026-05-13T14:50:20,3340.19,36.63,33.69,26.87,58.39,41.06,,TARGET_36,"36.63,33.69,26.87,58.39,41.06,TARGET_36"
2026-05-13T14:50:21,3341.47,36.63,33.69,26.81,58.76,40.95,,TARGET_36,"36.63,33.69,26.81,58.76,40.95,TARGET_36"
2026-05-13T14:50:22,3342.76,36.69,33.69,26.87,43.9,41.26,,TARGET_36,"36.69,33.69,26.87,43.90,41.26,TARGET_36"
2026-05-13T14:50:24,3344.04,36.69,33.69,26.87,41.56,41.49,,TARGET_36,"36.69,33.69,26.87,41.56,41.49,TARGET_36"
2026-05-13T14:50:25,3345.33,36.69,33.69,26.87,49.62,41.67,,TARGET_36,"36.69,33.69,26.87,49.62,41.67,TARGET_36"
2026-05-13T14:50:26,3346.62,36.69,33.69,26.87,55.85,41.8,,TARGET_36,"36.69,33.69,26.87,55.85,41.80,TARGET_36"
2026-05-13T14:50:28,3347.9,36.69,33.69,26.87,55.94,41.89,,TARGET_36,"36.69,33.69,26.87,55.94,41.89,TARGET_36"
2026-05-13T14:50:29,3349.19,36.69,33.69,26.87,44.58,41.97,,TARGET_36,"36.69,33.69,26.87,44.58,41.97,TARGET_36"
2026-05-13T14:50:30,3350.47,36.69,33.69,26.81,50.83,42.02,,TARGET_36,"36.69,33.69,26.81,50.83,42.02,TARGET_36"
2026-05-13T14:50:31,3351.76,36.69,33.69,26.87,57.53,42.06,,TARGET_36,"36.69,33.69,26.87,57.53,42.06,TARGET_36"
2026-05-13T14:50:33,3353.05,36.69,33.63,26.87,57.81,42.09,,TARGET_36,"36.69,33.63,26.87,57.81,42.09,TARGET_36"
2026-05-13T14:50:34,3354.33,36.69,33.63,26.87,59.73,42.12,,TARGET_36,"36.69,33.63,26.87,59.73,42.12,TARGET_36"
2026-05-13T14:50:35,3355.62,36.69,33.63,26.87,44.29,42.14,,TARGET_36,"36.69,33.63,26.87,44.29,42.14,TARGET_36"
2026-05-13T14:50:37,3356.9,36.69,33.63,26.81,46.52,42.15,,TARGET_36,"36.69,33.63,26.81,46.52,42.15,TARGET_36"
2026-05-13T14:50:38,3358.19,36.69,33.63,26.87,49.81,42.16,,TARGET_36,"36.69,33.63,26.87,49.81,42.16,TARGET_36"
2026-05-13T14:50:39,3359.48,36.69,33.63,26.87,55.92,42.17,,TARGET_36,"36.69,33.63,26.87,55.92,42.17,TARGET_36"
2026-05-13T14:50:40,3360.76,36.69,33.63,26.87,62.57,42.17,,TARGET_36,"36.69,33.63,26.87,62.57,42.17,TARGET_36"
2026-05-13T14:50:42,3362.05,36.69,33.63,26.87,53.23,42.18,,TARGET_36,"36.69,33.63,26.87,53.23,42.18,TARGET_36"
2026-05-13T14:50:43,3363.33,36.69,33.63,26.87,51.29,42.18,,TARGET_36,"36.69,33.63,26.87,51.29,42.18,TARGET_36"
2026-05-13T14:50:44,3364.62,36.69,33.63,26.87,47.52,42.18,,TARGET_36,"36.69,33.63,26.87,47.52,42.18,TARGET_36"
2026-05-13T14:50:46,3365.91,36.69,33.63,26.87,44.21,42.18,,TARGET_36,"36.69,33.63,26.87,44.21,42.18,TARGET_36"
2026-05-13T14:50:47,3367.19,36.69,33.63,26.87,48.28,42.18,,TARGET_36,"36.69,33.63,26.87,48.28,42.18,TARGET_36"
2026-05-13T14:50:48,3368.48,36.69,33.63,26.81,30.71,42.18,,TARGET_36,"36.69,33.63,26.81,30.71,42.18,TARGET_36"
2026-05-13T14:50:49,3369.76,36.69,33.63,26.81,47.69,42.19,,TARGET_36,"36.69,33.63,26.81,47.69,42.19,TARGET_36"
2026-05-13T14:50:51,3371.05,36.69,33.63,26.87,55.67,42.19,,TARGET_36,"36.69,33.63,26.87,55.67,42.19,TARGET_36"
2026-05-13T14:50:52,3372.34,36.69,33.63,26.87,54.67,42.19,,TARGET_36,"36.69,33.63,26.87,54.67,42.19,TARGET_36"
2026-05-13T14:50:53,3373.62,36.69,33.63,26.87,54.87,42.19,,TARGET_36,"36.69,33.63,26.87,54.87,42.19,TARGET_36"
2026-05-13T14:50:55,3374.91,36.69,33.63,26.87,55.55,42.19,,TARGET_36,"36.69,33.63,26.87,55.55,42.19,TARGET_36"
2026-05-13T14:50:56,3376.19,36.69,33.63,26.87,52.22,42.19,,TARGET_36,"36.69,33.63,26.87,52.22,42.19,TARGET_36"
2026-05-13T14:50:57,3377.48,36.63,33.63,26.87,50.89,41.8,,TARGET_36,"36.63,33.63,26.87,50.89,41.80,TARGET_36"
2026-05-13T14:50:58,3378.77,36.63,33.63,26.87,59.36,41.5,,TARGET_36,"36.63,33.63,26.87,59.36,41.50,TARGET_36"
2026-05-13T14:51:00,3380.05,36.69,33.63,26.87,56.14,41.67,,TARGET_36,"36.69,33.63,26.87,56.14,41.67,TARGET_36"
2026-05-13T14:51:01,3381.34,36.69,33.56,26.87,60.26,41.8,,TARGET_36,"36.69,33.56,26.87,60.26,41.80,TARGET_36"
2026-05-13T14:51:02,3382.62,36.69,33.63,26.81,60.7,41.9,,TARGET_36,"36.69,33.63,26.81,60.70,41.90,TARGET_36"
2026-05-13T14:51:04,3383.91,36.63,33.56,26.87,64.48,41.58,,TARGET_36,"36.63,33.56,26.87,64.48,41.58,TARGET_36"
2026-05-13T14:51:05,3385.2,36.69,33.56,26.87,53.99,41.73,,TARGET_36,"36.69,33.56,26.87,53.99,41.73,TARGET_36"
2026-05-13T14:51:06,3386.48,36.63,33.56,26.87,59.4,41.46,,TARGET_36,"36.63,33.56,26.87,59.40,41.46,TARGET_36"
2026-05-13T14:51:07,3387.77,36.69,33.56,26.87,64.56,41.64,,TARGET_36,"36.69,33.56,26.87,64.56,41.64,TARGET_36"
2026-05-13T14:51:09,3389.05,36.69,33.56,26.87,58.82,41.78,,TARGET_36,"36.69,33.56,26.87,58.82,41.78,TARGET_36"
2026-05-13T14:51:10,3390.34,36.69,33.56,26.87,60.73,41.88,,TARGET_36,"36.69,33.56,26.87,60.73,41.88,TARGET_36"
2026-05-13T14:51:11,3391.62,36.63,33.56,26.87,43.49,41.57,,TARGET_36,"36.63,33.56,26.87,43.49,41.57,TARGET_36"
2026-05-13T14:51:13,3392.91,36.69,33.56,26.87,52.8,41.72,,TARGET_36,"36.69,33.56,26.87,52.80,41.72,TARGET_36"
2026-05-13T14:51:14,3394.2,36.69,33.56,26.87,56.52,41.84,,TARGET_36,"36.69,33.56,26.87,56.52,41.84,TARGET_36"
2026-05-13T14:51:15,3395.48,36.69,33.56,26.87,59.21,41.92,,TARGET_36,"36.69,33.56,26.87,59.21,41.92,TARGET_36"
2026-05-13T14:51:16,3396.77,36.63,33.56,26.87,59.68,41.6,,TARGET_36,"36.63,33.56,26.87,59.68,41.60,TARGET_36"
2026-05-13T14:51:18,3398.05,36.69,33.56,26.87,58.07,41.75,,TARGET_36,"36.69,33.56,26.87,58.07,41.75,TARGET_36"
2026-05-13T14:51:19,3399.34,36.63,33.56,26.87,43.63,41.47,,TARGET_36,"36.63,33.56,26.87,43.63,41.47,TARGET_36"
2026-05-13T14:51:20,3400.63,36.69,33.5,26.87,46.25,41.65,,TARGET_36,"36.69,33.50,26.87,46.25,41.65,TARGET_36"
2026-05-13T14:51:22,3401.91,36.69,33.56,26.87,49.7,41.78,,TARGET_36,"36.69,33.56,26.87,49.70,41.78,TARGET_36"
2026-05-13T14:51:23,3403.2,36.69,33.5,26.87,40.28,41.88,,TARGET_36,"36.69,33.50,26.87,40.28,41.88,TARGET_36"
2026-05-13T14:51:24,3404.48,36.69,33.5,26.87,49.71,41.96,,TARGET_36,"36.69,33.50,26.87,49.71,41.96,TARGET_36"
2026-05-13T14:51:25,3405.77,36.69,33.5,26.87,52.88,42.02,,TARGET_36,"36.69,33.50,26.87,52.88,42.02,TARGET_36"
2026-05-13T14:51:27,3407.06,36.63,33.5,26.87,57.75,41.67,,TARGET_36,"36.63,33.50,26.87,57.75,41.67,TARGET_36"
2026-05-13T14:51:28,3408.34,36.63,33.5,26.87,56.7,41.41,,TARGET_36,"36.63,33.50,26.87,56.70,41.41,TARGET_36"
2026-05-13T14:51:29,3409.63,36.69,33.5,26.87,58.68,41.6,,TARGET_36,"36.69,33.50,26.87,58.68,41.60,TARGET_36"
2026-05-13T14:51:31,3410.91,36.69,33.5,26.87,57.67,41.75,,TARGET_36,"36.69,33.50,26.87,57.67,41.75,TARGET_36"
2026-05-13T14:51:32,3412.2,36.69,33.5,26.87,32.07,41.86,,TARGET_36,"36.69,33.50,26.87,32.07,41.86,TARGET_36"
2026-05-13T14:51:33,3413.49,36.69,33.5,26.87,61.43,41.94,,TARGET_36,"36.69,33.50,26.87,61.43,41.94,TARGET_36"
2026-05-13T14:51:34,3414.77,36.69,33.5,26.87,45.57,42.0,,TARGET_36,"36.69,33.50,26.87,45.57,42.00,TARGET_36"
2026-05-13T14:51:36,3416.06,36.69,33.5,26.87,46.43,42.05,,TARGET_36,"36.69,33.50,26.87,46.43,42.05,TARGET_36"
2026-05-13T14:51:37,3417.34,36.69,33.5,26.87,40.17,42.08,,TARGET_36,"36.69,33.50,26.87,40.17,42.08,TARGET_36"
2026-05-13T14:51:38,3418.63,36.69,33.5,26.87,32.27,42.11,,TARGET_36,"36.69,33.50,26.87,32.27,42.11,TARGET_36"
2026-05-13T14:51:40,3419.92,36.69,33.5,26.87,48.31,42.13,,TARGET_36,"36.69,33.50,26.87,48.31,42.13,TARGET_36"
2026-05-13T14:51:41,3421.2,36.69,33.5,26.87,51.12,42.14,,TARGET_36,"36.69,33.50,26.87,51.12,42.14,TARGET_36"
2026-05-13T14:51:42,3422.49,36.69,33.5,26.87,55.85,42.15,,TARGET_36,"36.69,33.50,26.87,55.85,42.15,TARGET_36"
2026-05-13T14:51:43,3423.77,36.69,33.5,26.87,52.94,42.16,,TARGET_36,"36.69,33.50,26.87,52.94,42.16,TARGET_36"
2026-05-13T14:51:45,3425.06,36.69,33.44,26.87,56.58,42.17,,TARGET_36,"36.69,33.44,26.87,56.58,42.17,TARGET_36"
2026-05-13T14:51:46,3426.35,36.69,33.5,26.87,61.03,42.17,,TARGET_36,"36.69,33.50,26.87,61.03,42.17,TARGET_36"
2026-05-13T14:51:47,3427.63,36.63,33.5,26.87,55.61,41.79,,TARGET_36,"36.63,33.50,26.87,55.61,41.79,TARGET_36"
2026-05-13T14:51:49,3428.92,36.63,33.44,26.87,55.24,41.5,,TARGET_36,"36.63,33.44,26.87,55.24,41.50,TARGET_36"
2026-05-13T14:51:50,3430.2,36.69,33.5,26.87,58.1,41.67,,TARGET_36,"36.69,33.50,26.87,58.10,41.67,TARGET_36"
2026-05-13T14:51:51,3431.49,36.69,33.44,26.87,50.24,41.8,,TARGET_36,"36.69,33.44,26.87,50.24,41.80,TARGET_36"
2026-05-13T14:51:52,3432.78,36.69,33.44,26.87,48.9,41.9,,TARGET_36,"36.69,33.44,26.87,48.90,41.90,TARGET_36"
2026-05-13T14:51:54,3434.06,36.69,33.44,26.87,41.16,41.97,,TARGET_36,"36.69,33.44,26.87,41.16,41.97,TARGET_36"
2026-05-13T14:51:55,3435.35,36.69,33.44,26.87,47.06,42.02,,TARGET_36,"36.69,33.44,26.87,47.06,42.02,TARGET_36"
2026-05-13T14:51:56,3436.63,36.69,33.44,26.87,54.23,42.06,,TARGET_36,"36.69,33.44,26.87,54.23,42.06,TARGET_36"
2026-05-13T14:51:58,3437.92,36.69,33.44,26.87,48.69,42.1,,TARGET_36,"36.69,33.44,26.87,48.69,42.10,TARGET_36"
2026-05-13T14:51:59,3439.21,36.69,33.44,26.87,43.48,42.12,,TARGET_36,"36.69,33.44,26.87,43.48,42.12,TARGET_36"
2026-05-13T14:52:00,3440.49,36.69,33.44,26.87,54.59,42.14,,TARGET_36,"36.69,33.44,26.87,54.59,42.14,TARGET_36"
2026-05-13T14:52:01,3441.78,36.69,33.44,26.87,44.04,42.15,,TARGET_36,"36.69,33.44,26.87,44.04,42.15,TARGET_36"
2026-05-13T14:52:03,3443.06,36.69,33.44,26.87,48.21,42.16,,TARGET_36,"36.69,33.44,26.87,48.21,42.16,TARGET_36"
2026-05-13T14:52:04,3444.35,36.69,33.44,26.87,44.49,42.17,,TARGET_36,"36.69,33.44,26.87,44.49,42.17,TARGET_36"
2026-05-13T14:52:05,3445.63,36.69,33.44,26.87,52.59,42.17,,TARGET_36,"36.69,33.44,26.87,52.59,42.17,TARGET_36"
2026-05-13T14:52:07,3446.92,36.69,33.44,26.87,39.64,42.18,,TARGET_36,"36.69,33.44,26.87,39.64,42.18,TARGET_36"
2026-05-13T14:52:08,3448.21,36.69,33.38,26.81,44.66,42.18,,TARGET_36,"36.69,33.38,26.81,44.66,42.18,TARGET_36"
2026-05-13T14:52:09,3449.49,36.69,33.38,26.87,46.06,42.18,,TARGET_36,"36.69,33.38,26.87,46.06,42.18,TARGET_36"
2026-05-13T14:52:10,3450.78,36.69,33.44,26.81,48.42,42.18,,TARGET_36,"36.69,33.44,26.81,48.42,42.18,TARGET_36"
2026-05-13T14:52:12,3452.06,36.69,33.44,26.81,45.17,42.18,,TARGET_36,"36.69,33.44,26.81,45.17,42.18,TARGET_36"
2026-05-13T14:52:13,3453.35,36.69,33.38,26.87,37.87,42.18,,TARGET_36,"36.69,33.38,26.87,37.87,42.18,TARGET_36"
2026-05-13T14:52:14,3454.64,36.69,33.38,26.81,39.15,42.19,,TARGET_36,"36.69,33.38,26.81,39.15,42.19,TARGET_36"
2026-05-13T14:52:16,3455.92,36.69,33.38,26.81,50.46,42.19,,TARGET_36,"36.69,33.38,26.81,50.46,42.19,TARGET_36"
2026-05-13T14:52:17,3457.21,36.69,33.38,26.87,58.58,42.19,,TARGET_36,"36.69,33.38,26.87,58.58,42.19,TARGET_36"
2026-05-13T14:52:18,3458.49,36.69,33.38,26.87,61.23,42.19,,TARGET_36,"36.69,33.38,26.87,61.23,42.19,TARGET_36"
2026-05-13T14:52:19,3459.78,36.69,33.38,26.87,55.09,42.19,,TARGET_36,"36.69,33.38,26.87,55.09,42.19,TARGET_36"
2026-05-13T14:52:21,3461.07,36.69,33.38,26.81,55.64,42.19,,TARGET_36,"36.69,33.38,26.81,55.64,42.19,TARGET_36"
2026-05-13T14:52:22,3462.35,36.69,33.38,26.87,49.85,42.19,,TARGET_36,"36.69,33.38,26.87,49.85,42.19,TARGET_36"
2026-05-13T14:52:23,3463.64,36.69,33.44,26.87,51.74,42.19,,TARGET_36,"36.69,33.44,26.87,51.74,42.19,TARGET_36"
2026-05-13T14:52:25,3464.92,36.69,33.38,26.81,64.5,42.19,,TARGET_36,"36.69,33.38,26.81,64.50,42.19,TARGET_36"
2026-05-13T14:52:26,3466.21,36.69,33.38,26.81,54.6,42.19,,TARGET_36,"36.69,33.38,26.81,54.60,42.19,TARGET_36"
2026-05-13T14:52:27,3467.5,36.69,33.38,26.81,58.44,42.19,,TARGET_36,"36.69,33.38,26.81,58.44,42.19,TARGET_36"
2026-05-13T14:52:28,3468.78,36.69,33.38,26.81,56.38,42.19,,TARGET_36,"36.69,33.38,26.81,56.38,42.19,TARGET_36"
2026-05-13T14:52:30,3470.07,36.69,33.38,26.81,59.15,42.19,,TARGET_36,"36.69,33.38,26.81,59.15,42.19,TARGET_36"
2026-05-13T14:52:31,3471.35,36.69,33.38,26.81,59.66,42.19,,TARGET_36,"36.69,33.38,26.81,59.66,42.19,TARGET_36"
2026-05-13T14:52:32,3472.64,36.69,33.38,26.81,59.26,42.19,,TARGET_36,"36.69,33.38,26.81,59.26,42.19,TARGET_36"
2026-05-13T14:52:34,3473.93,36.69,33.38,26.81,75.91,42.19,,TARGET_36,"36.69,33.38,26.81,75.91,42.19,TARGET_36"
2026-05-13T14:52:35,3475.21,36.69,33.38,26.81,41.76,42.19,,TARGET_36,"36.69,33.38,26.81,41.76,42.19,TARGET_36"
2026-05-13T14:52:36,3476.5,36.69,33.38,26.81,52.7,42.19,,TARGET_36,"36.69,33.38,26.81,52.70,42.19,TARGET_36"
2026-05-13T14:52:37,3477.78,36.69,33.38,26.81,57.08,42.19,,TARGET_36,"36.69,33.38,26.81,57.08,42.19,TARGET_36"
2026-05-13T14:52:39,3479.07,36.63,33.38,26.81,61.83,41.8,,TARGET_36,"36.63,33.38,26.81,61.83,41.80,TARGET_36"
2026-05-13T14:52:40,3480.36,36.69,33.38,26.81,42.73,41.89,,TARGET_36,"36.69,33.38,26.81,42.73,41.89,TARGET_36"
2026-05-13T14:52:41,3481.64,36.69,33.38,26.81,50.69,41.97,,TARGET_36,"36.69,33.38,26.81,50.69,41.97,TARGET_36"
2026-05-13T14:52:43,3482.93,36.69,33.38,26.81,50.88,42.02,,TARGET_36,"36.69,33.38,26.81,50.88,42.02,TARGET_36"
2026-05-13T14:52:44,3484.21,36.69,33.38,26.87,42.55,42.06,,TARGET_36,"36.69,33.38,26.87,42.55,42.06,TARGET_36"
2026-05-13T14:52:45,3485.5,36.69,33.31,26.87,50.62,42.09,,TARGET_36,"36.69,33.31,26.87,50.62,42.09,TARGET_36"
2026-05-13T14:52:46,3486.79,36.69,33.38,26.81,49.65,42.12,,TARGET_36,"36.69,33.38,26.81,49.65,42.12,TARGET_36"
2026-05-13T14:52:48,3488.07,36.69,33.31,26.87,46.26,42.14,,TARGET_36,"36.69,33.31,26.87,46.26,42.14,TARGET_36"
2026-05-13T14:52:49,3489.36,36.69,33.38,26.87,35.9,42.15,,TARGET_36,"36.69,33.38,26.87,35.90,42.15,TARGET_36"
2026-05-13T14:52:50,3490.64,36.69,33.38,26.87,36.56,42.16,,TARGET_36,"36.69,33.38,26.87,36.56,42.16,TARGET_36"
2026-05-13T14:52:52,3491.93,36.63,33.31,26.87,45.22,41.77,,TARGET_36,"36.63,33.31,26.87,45.22,41.77,TARGET_36"
2026-05-13T14:52:53,3493.22,36.63,33.31,26.87,54.69,41.49,,TARGET_36,"36.63,33.31,26.87,54.69,41.49,TARGET_36"
2026-05-13T14:52:54,3494.5,36.69,33.31,26.87,47.08,41.66,,TARGET_36,"36.69,33.31,26.87,47.08,41.66,TARGET_36"
2026-05-13T14:52:55,3495.79,36.69,33.31,26.87,53.03,41.79,,TARGET_36,"36.69,33.31,26.87,53.03,41.79,TARGET_36"
2026-05-13T14:52:57,3497.07,36.69,33.31,26.87,57.21,41.89,,TARGET_36,"36.69,33.31,26.87,57.21,41.89,TARGET_36"
2026-05-13T14:52:58,3498.36,36.69,33.31,26.87,60.68,41.97,,TARGET_36,"36.69,33.31,26.87,60.68,41.97,TARGET_36"
2026-05-13T14:52:59,3499.64,36.69,33.31,26.87,57.27,42.02,,TARGET_36,"36.69,33.31,26.87,57.27,42.02,TARGET_36"
2026-05-13T14:53:01,3500.93,36.69,33.31,26.81,60.71,42.06,,TARGET_36,"36.69,33.31,26.81,60.71,42.06,TARGET_36"
2026-05-13T14:53:02,3502.22,36.69,33.31,26.81,57.88,42.09,,TARGET_36,"36.69,33.31,26.81,57.88,42.09,TARGET_36"
2026-05-13T14:53:03,3503.5,36.69,33.31,26.81,54.35,42.12,,TARGET_36,"36.69,33.31,26.81,54.35,42.12,TARGET_36"
2026-05-13T14:53:04,3504.79,36.69,33.31,26.81,49.34,42.13,,TARGET_36,"36.69,33.31,26.81,49.34,42.13,TARGET_36"
2026-05-13T14:53:06,3506.07,36.69,33.31,26.87,54.54,42.15,,TARGET_36,"36.69,33.31,26.87,54.54,42.15,TARGET_36"
2026-05-13T14:53:07,3507.36,36.69,33.31,26.87,57.21,42.16,,TARGET_36,"36.69,33.31,26.87,57.21,42.16,TARGET_36"
2026-05-13T14:53:08,3508.65,36.69,33.31,26.87,55.89,42.17,,TARGET_36,"36.69,33.31,26.87,55.89,42.17,TARGET_36"
2026-05-13T14:53:10,3509.93,36.69,33.31,26.87,59.55,42.17,,TARGET_36,"36.69,33.31,26.87,59.55,42.17,TARGET_36"
2026-05-13T14:53:11,3511.22,36.69,33.31,26.87,43.62,42.18,,TARGET_36,"36.69,33.31,26.87,43.62,42.18,TARGET_36"
2026-05-13T14:53:12,3512.5,36.63,33.31,26.81,53.45,41.79,,TARGET_36,"36.63,33.31,26.81,53.45,41.79,TARGET_36"
2026-05-13T14:53:13,3513.79,36.63,33.31,26.87,57.38,41.5,,TARGET_36,"36.63,33.31,26.87,57.38,41.50,TARGET_36"
2026-05-13T14:53:15,3515.08,36.63,33.31,26.81,58.35,41.28,,TARGET_36,"36.63,33.31,26.81,58.35,41.28,TARGET_36"
2026-05-13T14:53:16,3516.36,36.69,33.31,26.87,52.14,41.51,,TARGET_36,"36.69,33.31,26.87,52.14,41.51,TARGET_36"
2026-05-13T14:53:17,3517.65,36.63,33.31,26.81,58.06,41.29,,TARGET_36,"36.63,33.31,26.81,58.06,41.29,TARGET_36"
2026-05-13T14:53:19,3518.93,36.63,33.31,26.81,60.42,41.12,,TARGET_36,"36.63,33.31,26.81,60.42,41.12,TARGET_36"
2026-05-13T14:53:20,3520.22,36.63,33.31,26.81,55.97,41.0,,TARGET_36,"36.63,33.31,26.81,55.97,41.00,TARGET_36"
2026-05-13T14:53:21,3521.51,36.63,33.31,26.81,56.59,40.9,,TARGET_36,"36.63,33.31,26.81,56.59,40.90,TARGET_36"
2026-05-13T14:53:22,3522.79,36.63,33.31,26.81,49.64,40.83,,TARGET_36,"36.63,33.31,26.81,49.64,40.83,TARGET_36"
2026-05-13T14:53:24,3524.08,36.63,33.31,26.81,55.25,40.78,,TARGET_36,"36.63,33.31,26.81,55.25,40.78,TARGET_36"
2026-05-13T14:53:25,3525.36,36.63,33.31,26.81,55.1,40.74,,TARGET_36,"36.63,33.31,26.81,55.10,40.74,TARGET_36"
2026-05-13T14:53:26,3526.65,36.63,33.31,26.81,58.04,40.71,,TARGET_36,"36.63,33.31,26.81,58.04,40.71,TARGET_36"
2026-05-13T14:53:28,3527.94,36.63,33.31,26.81,59.22,40.69,,TARGET_36,"36.63,33.31,26.81,59.22,40.69,TARGET_36"
2026-05-13T14:53:29,3529.22,36.63,33.31,26.81,59.69,40.67,,TARGET_36,"36.63,33.31,26.81,59.69,40.67,TARGET_36"
2026-05-13T14:53:30,3530.51,36.63,33.31,26.81,52.67,40.66,,TARGET_36,"36.63,33.31,26.81,52.67,40.66,TARGET_36"
2026-05-13T14:53:31,3531.79,36.63,33.31,26.81,56.47,40.65,,TARGET_36,"36.63,33.31,26.81,56.47,40.65,TARGET_36"
2026-05-13T14:53:33,3533.08,36.63,33.31,26.81,57.99,40.65,,TARGET_36,"36.63,33.31,26.81,57.99,40.65,TARGET_36"
2026-05-13T14:53:34,3534.37,36.63,33.25,26.81,49.6,40.64,,TARGET_36,"36.63,33.25,26.81,49.60,40.64,TARGET_36"
2026-05-13T14:53:35,3535.65,36.63,33.31,26.81,55.84,40.64,,TARGET_36,"36.63,33.31,26.81,55.84,40.64,TARGET_36"
2026-05-13T14:53:37,3536.94,36.63,33.31,26.75,49.94,40.63,,TARGET_36,"36.63,33.31,26.75,49.94,40.63,TARGET_36"
2026-05-13T14:53:38,3538.22,36.63,33.25,26.81,40.97,40.63,,TARGET_36,"36.63,33.25,26.81,40.97,40.63,TARGET_36"
2026-05-13T14:53:39,3539.51,36.63,33.25,26.75,49.39,40.63,,TARGET_36,"36.63,33.25,26.75,49.39,40.63,TARGET_36"
2026-05-13T14:53:40,3540.8,36.63,33.25,26.81,49.76,40.63,,TARGET_36,"36.63,33.25,26.81,49.76,40.63,TARGET_36"
2026-05-13T14:53:42,3542.08,36.63,33.25,26.81,54.1,40.63,,TARGET_36,"36.63,33.25,26.81,54.10,40.63,TARGET_36"
2026-05-13T14:53:43,3543.37,36.63,33.25,26.81,54.64,40.63,,TARGET_36,"36.63,33.25,26.81,54.64,40.63,TARGET_36"
2026-05-13T14:53:44,3544.65,36.69,33.25,26.81,57.86,41.02,,TARGET_36,"36.69,33.25,26.81,57.86,41.02,TARGET_36"
2026-05-13T14:53:46,3545.94,36.63,33.25,26.81,60.34,40.92,,TARGET_36,"36.63,33.25,26.81,60.34,40.92,TARGET_36"
2026-05-13T14:53:47,3547.23,36.63,33.25,26.81,57.14,40.85,,TARGET_36,"36.63,33.25,26.81,57.14,40.85,TARGET_36"
2026-05-13T14:53:48,3548.51,36.63,33.25,26.81,42.05,40.79,,TARGET_36,"36.63,33.25,26.81,42.05,40.79,TARGET_36"
2026-05-13T14:53:49,3549.8,36.63,33.25,26.81,53.42,40.75,,TARGET_36,"36.63,33.25,26.81,53.42,40.75,TARGET_36"
2026-05-13T14:53:51,3551.08,36.63,33.25,26.81,57.97,40.72,,TARGET_36,"36.63,33.25,26.81,57.97,40.72,TARGET_36"
2026-05-13T14:53:52,3552.37,36.63,33.25,26.81,57.99,40.69,,TARGET_36,"36.63,33.25,26.81,57.99,40.69,TARGET_36"
2026-05-13T14:53:53,3553.66,36.63,33.25,26.81,60.4,40.68,,TARGET_36,"36.63,33.25,26.81,60.40,40.68,TARGET_36"
2026-05-13T14:53:55,3554.94,36.63,33.25,26.81,61.36,40.66,,TARGET_36,"36.63,33.25,26.81,61.36,40.66,TARGET_36"
2026-05-13T14:53:56,3556.23,36.63,33.25,26.81,60.54,40.65,,TARGET_36,"36.63,33.25,26.81,60.54,40.65,TARGET_36"
2026-05-13T14:53:57,3557.51,36.69,33.25,26.81,54.22,41.04,,TARGET_36,"36.69,33.25,26.81,54.22,41.04,TARGET_36"
2026-05-13T14:53:58,3558.8,36.63,33.25,26.81,44.49,40.93,,TARGET_36,"36.63,33.25,26.81,44.49,40.93,TARGET_36"
2026-05-13T14:54:00,3560.08,36.63,33.25,26.81,48.39,40.86,,TARGET_36,"36.63,33.25,26.81,48.39,40.86,TARGET_36"
2026-05-13T14:54:01,3561.37,36.63,33.25,26.81,46.96,40.8,,TARGET_36,"36.63,33.25,26.81,46.96,40.80,TARGET_36"
2026-05-13T14:54:02,3562.66,36.63,33.25,26.81,51.18,40.76,,TARGET_36,"36.63,33.25,26.81,51.18,40.76,TARGET_36"
2026-05-13T14:54:04,3563.94,36.63,33.25,26.81,48.67,40.72,,TARGET_36,"36.63,33.25,26.81,48.67,40.72,TARGET_36"
2026-05-13T14:54:05,3565.23,36.69,33.25,26.81,56.07,41.09,,TARGET_36,"36.69,33.25,26.81,56.07,41.09,TARGET_36"
2026-05-13T14:54:06,3566.51,36.69,33.25,26.81,46.43,41.36,,TARGET_36,"36.69,33.25,26.81,46.43,41.36,TARGET_36"
2026-05-13T14:54:07,3567.8,36.69,33.25,26.81,56.37,41.57,,TARGET_36,"36.69,33.25,26.81,56.37,41.57,TARGET_36"
2026-05-13T14:54:09,3569.09,36.63,33.25,26.81,46.55,41.33,,TARGET_36,"36.63,33.25,26.81,46.55,41.33,TARGET_36"
2026-05-13T14:54:10,3570.37,36.69,33.25,26.87,39.02,41.55,,TARGET_36,"36.69,33.25,26.87,39.02,41.55,TARGET_36"
2026-05-13T14:54:11,3571.66,36.63,33.25,26.81,45.61,41.32,,TARGET_36,"36.63,33.25,26.81,45.61,41.32,TARGET_36"
2026-05-13T14:54:13,3572.94,36.63,33.25,26.81,53.64,41.14,,TARGET_36,"36.63,33.25,26.81,53.64,41.14,TARGET_36"
2026-05-13T14:54:14,3574.23,36.63,33.25,26.87,49.06,41.01,,TARGET_36,"36.63,33.25,26.87,49.06,41.01,TARGET_36"
2026-05-13T14:54:15,3575.52,36.69,33.25,26.87,41.82,41.31,,TARGET_36,"36.69,33.25,26.87,41.82,41.31,TARGET_36"
2026-05-13T14:54:16,3576.8,36.63,33.25,26.87,55.13,41.14,,TARGET_36,"36.63,33.25,26.87,55.13,41.14,TARGET_36"
2026-05-13T14:54:18,3578.09,36.63,33.25,26.87,47.85,41.01,,TARGET_36,"36.63,33.25,26.87,47.85,41.01,TARGET_36"
2026-05-13T14:54:19,3579.37,36.69,33.25,26.87,55.14,41.3,,TARGET_36,"36.69,33.25,26.87,55.14,41.30,TARGET_36"
2026-05-13T14:54:20,3580.66,36.63,33.25,26.81,55.06,41.13,,TARGET_36,"36.63,33.25,26.81,55.06,41.13,TARGET_36"
2026-05-13T14:54:22,3581.95,36.69,33.25,26.87,58.62,41.4,,TARGET_36,"36.69,33.25,26.87,58.62,41.40,TARGET_36"
2026-05-13T14:54:23,3583.23,36.69,33.25,26.87,46.85,41.59,,TARGET_36,"36.69,33.25,26.87,46.85,41.59,TARGET_36"
2026-05-13T14:54:24,3584.52,36.69,33.25,26.87,52.34,41.74,,TARGET_36,"36.69,33.25,26.87,52.34,41.74,TARGET_36"
2026-05-13T14:54:25,3585.8,36.63,33.25,26.87,52.74,41.46,,TARGET_36,"36.63,33.25,26.87,52.74,41.46,TARGET_36"
2026-05-13T14:54:27,3587.09,36.69,33.25,26.87,42.09,41.64,,TARGET_36,"36.69,33.25,26.87,42.09,41.64,TARGET_36"
2026-05-13T14:54:28,3588.38,36.69,33.25,26.87,47.44,41.78,,TARGET_36,"36.69,33.25,26.87,47.44,41.78,TARGET_36"
2026-05-13T14:54:29,3589.66,36.69,33.25,26.81,53.78,41.88,,TARGET_36,"36.69,33.25,26.81,53.78,41.88,TARGET_36"
2026-05-13T14:54:31,3590.95,36.69,33.25,26.87,59.31,41.96,,TARGET_36,"36.69,33.25,26.87,59.31,41.96,TARGET_36"
2026-05-13T14:54:32,3592.23,36.69,33.25,26.81,47.12,42.02,,TARGET_36,"36.69,33.25,26.81,47.12,42.02,TARGET_36"
2026-05-13T14:54:33,3593.52,36.69,33.19,26.87,53.65,42.06,,TARGET_36,"36.69,33.19,26.87,53.65,42.06,TARGET_36"
2026-05-13T14:54:34,3594.81,36.69,33.19,26.81,57.46,42.09,,TARGET_36,"36.69,33.19,26.81,57.46,42.09,TARGET_36"
2026-05-13T14:54:36,3596.09,36.69,33.19,26.81,52.98,42.12,,TARGET_36,"36.69,33.19,26.81,52.98,42.12,TARGET_36"
2026-05-13T14:54:37,3597.38,36.69,33.19,26.81,54.19,42.13,,TARGET_36,"36.69,33.19,26.81,54.19,42.13,TARGET_36"
2026-05-13T14:54:38,3598.66,36.69,33.19,26.81,57.08,42.15,,TARGET_36,"36.69,33.19,26.81,57.08,42.15,TARGET_36"
2026-05-13T14:54:40,3599.95,36.63,33.19,26.81,60.63,41.77,,TARGET_36,"36.63,33.19,26.81,60.63,41.77,TARGET_36"
2026-05-13T14:54:41,3601.24,36.69,33.19,26.81,60.25,41.87,,TARGET_36,"36.69,33.19,26.81,60.25,41.87,TARGET_36"
2026-05-13T14:54:42,3602.52,36.69,33.25,26.81,43.9,41.95,,TARGET_36,"36.69,33.25,26.81,43.90,41.95,TARGET_36"
2026-05-13T14:54:43,3603.81,36.69,33.19,26.81,49.36,42.01,,TARGET_36,"36.69,33.19,26.81,49.36,42.01,TARGET_36"
2026-05-13T14:54:45,3605.09,36.69,33.25,26.81,56.34,42.05,,TARGET_36,"36.69,33.25,26.81,56.34,42.05,TARGET_36"
2026-05-13T14:54:46,3606.38,36.69,33.19,26.81,51.94,42.09,,TARGET_36,"36.69,33.19,26.81,51.94,42.09,TARGET_36"
2026-05-13T14:54:47,3607.66,36.69,33.19,26.81,43.58,42.11,,TARGET_36,"36.69,33.19,26.81,43.58,42.11,TARGET_36"
2026-05-13T14:54:49,3608.95,36.69,33.25,26.81,49.83,42.13,,TARGET_36,"36.69,33.25,26.81,49.83,42.13,TARGET_36"
2026-05-13T14:54:50,3610.24,36.69,33.19,26.81,36.13,42.15,,TARGET_36,"36.69,33.19,26.81,36.13,42.15,TARGET_36"
2026-05-13T14:54:51,3611.52,36.69,33.19,26.75,46.85,42.16,,TARGET_36,"36.69,33.19,26.75,46.85,42.16,TARGET_36"
2026-05-13T14:54:52,3612.81,36.69,33.25,26.81,43.94,42.16,,TARGET_36,"36.69,33.25,26.81,43.94,42.16,TARGET_36"
2026-05-13T14:54:54,3614.09,36.69,33.25,26.81,46.98,42.17,,TARGET_36,"36.69,33.25,26.81,46.98,42.17,TARGET_36"
2026-05-13T14:54:55,3615.38,36.69,33.25,26.75,49.99,42.17,,TARGET_36,"36.69,33.25,26.75,49.99,42.17,TARGET_36"
2026-05-13T14:54:56,3616.67,36.69,33.25,26.81,50.0,42.18,,TARGET_36,"36.69,33.25,26.81,50.00,42.18,TARGET_36"
2026-05-13T14:54:58,3617.95,36.69,33.25,26.75,51.8,42.18,,TARGET_36,"36.69,33.25,26.75,51.80,42.18,TARGET_36"
2026-05-13T14:54:59,3619.24,36.69,33.25,26.75,53.12,42.18,,TARGET_36,"36.69,33.25,26.75,53.12,42.18,TARGET_36"
2026-05-13T14:55:00,3620.52,36.69,33.19,26.75,58.45,42.18,,TARGET_36,"36.69,33.19,26.75,58.45,42.18,TARGET_36"
2026-05-13T14:55:01,3621.81,36.69,33.25,26.81,55.18,42.18,,TARGET_36,"36.69,33.25,26.81,55.18,42.18,TARGET_36"
2026-05-13T14:55:03,3623.1,36.69,33.19,26.75,47.87,42.19,,TARGET_36,"36.69,33.19,26.75,47.87,42.19,TARGET_36"
2026-05-13T14:55:04,3624.38,36.69,33.25,26.75,52.75,42.19,,TARGET_36,"36.69,33.25,26.75,52.75,42.19,TARGET_36"
2026-05-13T14:55:05,3625.67,36.69,33.19,26.75,55.3,42.19,,TARGET_36,"36.69,33.19,26.75,55.30,42.19,TARGET_36"
2026-05-13T14:55:07,3626.95,36.69,33.25,26.75,52.72,42.19,,TARGET_36,"36.69,33.25,26.75,52.72,42.19,TARGET_36"
2026-05-13T14:55:08,3628.24,36.69,33.19,26.75,58.89,42.19,,TARGET_36,"36.69,33.19,26.75,58.89,42.19,TARGET_36"
2026-05-13T14:55:09,3629.53,36.69,33.19,26.75,46.96,42.19,,TARGET_36,"36.69,33.19,26.75,46.96,42.19,TARGET_36"
2026-05-13T14:55:10,3630.81,36.69,33.25,26.75,47.58,42.19,,TARGET_36,"36.69,33.25,26.75,47.58,42.19,TARGET_36"
2026-05-13T14:55:12,3632.1,36.69,33.19,26.75,49.63,42.19,,TARGET_36,"36.69,33.19,26.75,49.63,42.19,TARGET_36"
2026-05-13T14:55:13,3633.38,36.69,33.19,26.75,55.25,42.19,,TARGET_36,"36.69,33.19,26.75,55.25,42.19,TARGET_36"
2026-05-13T14:55:14,3634.67,36.69,33.19,26.75,49.7,42.19,,TARGET_36,"36.69,33.19,26.75,49.70,42.19,TARGET_36"
2026-05-13T14:55:16,3635.96,36.69,33.19,26.75,48.08,42.19,,TARGET_36,"36.69,33.19,26.75,48.08,42.19,TARGET_36"
2026-05-13T14:55:17,3637.24,36.69,33.19,26.81,52.83,42.19,,TARGET_36,"36.69,33.19,26.81,52.83,42.19,TARGET_36"
2026-05-13T14:55:18,3638.53,36.69,33.19,26.75,51.73,42.19,,TARGET_36,"36.69,33.19,26.75,51.73,42.19,TARGET_36"
2026-05-13T14:55:19,3639.81,36.69,33.19,26.81,51.29,42.19,,TARGET_36,"36.69,33.19,26.81,51.29,42.19,TARGET_36"
2026-05-13T14:55:21,3641.1,36.69,33.19,26.75,57.72,42.19,,TARGET_36,"36.69,33.19,26.75,57.72,42.19,TARGET_36"
2026-05-13T14:55:22,3642.39,36.69,33.19,26.75,54.89,42.19,,TARGET_36,"36.69,33.19,26.75,54.89,42.19,TARGET_36"
2026-05-13T14:55:23,3643.67,36.69,33.19,26.81,58.55,42.19,,TARGET_36,"36.69,33.19,26.81,58.55,42.19,TARGET_36"
2026-05-13T14:55:25,3644.96,36.69,33.19,26.75,52.22,42.19,,TARGET_36,"36.69,33.19,26.75,52.22,42.19,TARGET_36"
2026-05-13T14:55:26,3646.24,36.69,33.19,26.81,44.29,42.19,,TARGET_36,"36.69,33.19,26.81,44.29,42.19,TARGET_36"
2026-05-13T14:55:27,3647.53,36.69,33.19,26.75,51.92,42.19,,TARGET_36,"36.69,33.19,26.75,51.92,42.19,TARGET_36"
2026-05-13T14:55:28,3648.82,36.69,33.19,26.81,53.17,42.19,,TARGET_36,"36.69,33.19,26.81,53.17,42.19,TARGET_36"
2026-05-13T14:55:30,3650.1,36.69,33.19,26.75,51.87,42.19,,TARGET_36,"36.69,33.19,26.75,51.87,42.19,TARGET_36"
2026-05-13T14:55:31,3651.39,36.69,33.19,26.75,47.75,42.19,,TARGET_36,"36.69,33.19,26.75,47.75,42.19,TARGET_36"
2026-05-13T14:55:32,3652.67,36.69,33.19,26.81,44.3,42.19,,TARGET_36,"36.69,33.19,26.81,44.30,42.19,TARGET_36"
2026-05-13T14:55:34,3653.96,36.69,33.19,26.81,57.32,42.19,,TARGET_36,"36.69,33.19,26.81,57.32,42.19,TARGET_36"
2026-05-13T14:55:35,3655.25,36.69,33.19,26.81,51.73,42.19,,TARGET_36,"36.69,33.19,26.81,51.73,42.19,TARGET_36"
2026-05-13T14:55:36,3656.53,36.69,33.19,26.81,59.69,42.19,,TARGET_36,"36.69,33.19,26.81,59.69,42.19,TARGET_36"
2026-05-13T14:55:37,3657.82,36.69,33.19,26.81,62.88,42.19,,TARGET_36,"36.69,33.19,26.81,62.88,42.19,TARGET_36"
2026-05-13T14:55:39,3659.1,36.69,33.19,26.81,52.75,42.19,,TARGET_36,"36.69,33.19,26.81,52.75,42.19,TARGET_36"
2026-05-13T14:55:40,3660.39,36.69,33.19,26.81,41.5,42.19,,TARGET_36,"36.69,33.19,26.81,41.50,42.19,TARGET_36"
2026-05-13T14:55:41,3661.68,36.69,33.19,26.81,29.8,42.19,,TARGET_36,"36.69,33.19,26.81,29.80,42.19,TARGET_36"
2026-05-13T14:55:43,3662.96,36.69,33.13,26.81,50.92,42.19,,TARGET_36,"36.69,33.13,26.81,50.92,42.19,TARGET_36"
2026-05-13T14:55:44,3664.25,36.69,33.13,26.81,48.57,42.19,,TARGET_36,"36.69,33.13,26.81,48.57,42.19,TARGET_36"
2026-05-13T14:55:45,3665.53,36.69,33.13,26.81,55.43,42.19,,TARGET_36,"36.69,33.13,26.81,55.43,42.19,TARGET_36"
2026-05-13T14:55:46,3666.82,36.69,33.13,26.81,55.17,42.19,,TARGET_36,"36.69,33.13,26.81,55.17,42.19,TARGET_36"
2026-05-13T14:55:48,3668.1,36.69,33.19,26.75,59.27,42.19,,TARGET_36,"36.69,33.19,26.75,59.27,42.19,TARGET_36"
2026-05-13T14:55:49,3669.39,36.69,33.13,26.81,57.31,42.19,,TARGET_36,"36.69,33.13,26.81,57.31,42.19,TARGET_36"
2026-05-13T14:55:50,3670.68,36.69,33.13,26.75,55.92,42.19,,TARGET_36,"36.69,33.13,26.75,55.92,42.19,TARGET_36"
2026-05-13T14:55:52,3671.96,36.69,33.13,26.81,57.77,42.19,,TARGET_36,"36.69,33.13,26.81,57.77,42.19,TARGET_36"
2026-05-13T14:55:53,3673.25,36.63,33.19,26.75,53.71,41.8,,TARGET_36,"36.63,33.19,26.75,53.71,41.80,TARGET_36"
2026-05-13T14:55:54,3674.53,36.69,33.13,26.75,51.48,41.89,,TARGET_36,"36.69,33.13,26.75,51.48,41.89,TARGET_36"
2026-05-13T14:55:55,3675.82,36.69,33.13,26.81,72.19,41.97,,TARGET_36,"36.69,33.13,26.81,72.19,41.97,TARGET_36"
2026-05-13T14:55:57,3677.11,36.63,33.13,26.81,49.28,41.63,,TARGET_36,"36.63,33.13,26.81,49.28,41.63,TARGET_36"
2026-05-13T14:55:58,3678.39,36.69,33.13,26.75,45.51,41.77,,TARGET_36,"36.69,33.13,26.75,45.51,41.77,TARGET_36"
2026-05-13T14:55:59,3679.68,36.63,33.13,26.75,54.2,41.48,,TARGET_36,"36.63,33.13,26.75,54.20,41.48,TARGET_36"
2026-05-13T14:56:01,3680.96,36.69,33.19,26.75,52.28,41.66,,TARGET_36,"36.69,33.19,26.75,52.28,41.66,TARGET_36"
2026-05-13T14:56:02,3682.25,36.69,33.19,26.75,58.11,41.79,,TARGET_36,"36.69,33.19,26.75,58.11,41.79,TARGET_36"
2026-05-13T14:56:03,3683.54,36.69,33.19,26.75,49.65,41.89,,TARGET_36,"36.69,33.19,26.75,49.65,41.89,TARGET_36"
2026-05-13T14:56:04,3684.82,36.69,33.19,26.75,54.66,41.97,,TARGET_36,"36.69,33.19,26.75,54.66,41.97,TARGET_36"
2026-05-13T14:56:06,3686.11,36.63,33.19,26.75,58.46,41.63,,TARGET_36,"36.63,33.19,26.75,58.46,41.63,TARGET_36"
2026-05-13T14:56:07,3687.39,36.69,33.19,26.75,59.39,41.77,,TARGET_36,"36.69,33.19,26.75,59.39,41.77,TARGET_36"
2026-05-13T14:56:08,3688.68,36.69,33.19,26.75,50.15,41.87,,TARGET_36,"36.69,33.19,26.75,50.15,41.87,TARGET_36"
2026-05-13T14:56:10,3689.97,36.69,33.19,26.75,51.86,41.95,,TARGET_36,"36.69,33.19,26.75,51.86,41.95,TARGET_36"
2026-05-13T14:56:11,3691.25,36.69,33.19,26.75,50.74,42.01,,TARGET_36,"36.69,33.19,26.75,50.74,42.01,TARGET_36"
2026-05-13T14:56:12,3692.54,36.69,33.19,26.75,50.3,42.06,,TARGET_36,"36.69,33.19,26.75,50.30,42.06,TARGET_36"
2026-05-13T14:56:13,3693.82,36.69,33.19,26.69,53.72,42.09,,TARGET_36,"36.69,33.19,26.69,53.72,42.09,TARGET_36"
2026-05-13T14:56:15,3695.11,36.69,33.19,26.69,56.29,42.11,,TARGET_36,"36.69,33.19,26.69,56.29,42.11,TARGET_36"
2026-05-13T14:56:16,3696.4,36.69,33.19,26.75,56.12,42.13,,TARGET_36,"36.69,33.19,26.75,56.12,42.13,TARGET_36"
2026-05-13T14:56:17,3697.68,36.69,33.19,26.69,57.85,42.15,,TARGET_36,"36.69,33.19,26.69,57.85,42.15,TARGET_36"
2026-05-13T14:56:19,3698.97,36.69,33.19,26.75,48.34,42.16,,TARGET_36,"36.69,33.19,26.75,48.34,42.16,TARGET_36"
2026-05-13T14:56:20,3700.25,36.69,33.13,26.75,50.54,42.16,,TARGET_36,"36.69,33.13,26.75,50.54,42.16,TARGET_36"
2026-05-13T14:56:21,3701.54,36.69,33.19,26.75,47.81,42.17,,TARGET_36,"36.69,33.19,26.75,47.81,42.17,TARGET_36"
2026-05-13T14:56:22,3702.83,36.69,33.19,26.69,34.13,42.17,,TARGET_36,"36.69,33.19,26.69,34.13,42.17,TARGET_36"
2026-05-13T14:56:24,3704.11,36.69,33.19,26.69,43.05,42.18,,TARGET_36,"36.69,33.19,26.69,43.05,42.18,TARGET_36"
2026-05-13T14:56:25,3705.4,36.69,33.19,26.69,47.82,42.18,,TARGET_36,"36.69,33.19,26.69,47.82,42.18,TARGET_36"
2026-05-13T14:56:26,3706.68,36.69,33.13,26.75,46.73,42.18,,TARGET_36,"36.69,33.13,26.75,46.73,42.18,TARGET_36"
2026-05-13T14:56:28,3707.97,36.69,33.19,26.69,56.49,42.18,,TARGET_36,"36.69,33.19,26.69,56.49,42.18,TARGET_36"
2026-05-13T14:56:29,3709.26,36.69,33.19,26.69,58.6,42.18,,TARGET_36,"36.69,33.19,26.69,58.60,42.18,TARGET_36"
2026-05-13T14:56:30,3710.54,36.69,33.13,26.69,47.44,42.19,,TARGET_36,"36.69,33.13,26.69,47.44,42.19,TARGET_36"
2026-05-13T14:56:31,3711.83,36.69,33.13,26.69,49.58,42.19,,TARGET_36,"36.69,33.13,26.69,49.58,42.19,TARGET_36"
2026-05-13T14:56:33,3713.11,36.69,33.13,26.69,39.63,42.19,,TARGET_36,"36.69,33.13,26.69,39.63,42.19,TARGET_36"
2026-05-13T14:56:34,3714.4,36.69,33.13,26.69,51.85,42.19,,TARGET_36,"36.69,33.13,26.69,51.85,42.19,TARGET_36"
2026-05-13T14:56:35,3715.69,36.69,33.19,26.75,56.74,42.19,,TARGET_36,"36.69,33.19,26.75,56.74,42.19,TARGET_36"
2026-05-13T14:56:37,3716.97,36.69,33.13,26.75,46.7,42.19,,TARGET_36,"36.69,33.13,26.75,46.70,42.19,TARGET_36"
2026-05-13T14:56:38,3718.26,36.69,33.19,26.75,41.48,42.19,,TARGET_36,"36.69,33.19,26.75,41.48,42.19,TARGET_36"
2026-05-13T14:56:39,3719.54,36.69,33.13,26.75,44.19,42.19,,TARGET_36,"36.69,33.13,26.75,44.19,42.19,TARGET_36"
2026-05-13T14:56:40,3720.83,36.69,33.19,26.75,51.28,42.19,,TARGET_36,"36.69,33.19,26.75,51.28,42.19,TARGET_36"
2026-05-13T14:56:42,3722.12,36.69,33.13,26.69,43.31,42.19,,TARGET_36,"36.69,33.13,26.69,43.31,42.19,TARGET_36"
2026-05-13T14:56:43,3723.4,36.69,33.13,26.69,43.12,42.19,,TARGET_36,"36.69,33.13,26.69,43.12,42.19,TARGET_36"
2026-05-13T14:56:44,3724.69,36.69,33.13,26.75,51.45,42.19,,TARGET_36,"36.69,33.13,26.75,51.45,42.19,TARGET_36"
2026-05-13T14:56:46,3725.97,36.69,33.19,26.75,55.38,42.19,,TARGET_36,"36.69,33.19,26.75,55.38,42.19,TARGET_36"
2026-05-13T14:56:47,3727.26,36.69,33.19,26.75,56.35,42.19,,TARGET_36,"36.69,33.19,26.75,56.35,42.19,TARGET_36"
2026-05-13T14:56:48,3728.54,36.69,33.13,26.75,55.54,42.19,,TARGET_36,"36.69,33.13,26.75,55.54,42.19,TARGET_36"
2026-05-13T14:56:49,3729.83,36.69,33.13,26.75,57.02,42.19,,TARGET_36,"36.69,33.13,26.75,57.02,42.19,TARGET_36"
2026-05-13T14:56:51,3731.12,36.69,33.13,26.75,39.61,42.19,,TARGET_36,"36.69,33.13,26.75,39.61,42.19,TARGET_36"
2026-05-13T14:56:52,3732.4,36.69,33.13,26.75,44.04,42.19,,TARGET_36,"36.69,33.13,26.75,44.04,42.19,TARGET_36"
2026-05-13T14:56:53,3733.69,36.69,33.13,26.75,46.42,42.19,,TARGET_36,"36.69,33.13,26.75,46.42,42.19,TARGET_36"
2026-05-13T14:56:55,3734.97,36.69,33.13,26.75,55.17,42.19,,TARGET_36,"36.69,33.13,26.75,55.17,42.19,TARGET_36"
2026-05-13T14:56:56,3736.26,36.69,33.13,26.75,62.87,42.19,,TARGET_36,"36.69,33.13,26.75,62.87,42.19,TARGET_36"
2026-05-13T14:56:57,3737.55,36.69,33.13,26.75,59.95,42.19,,TARGET_36,"36.69,33.13,26.75,59.95,42.19,TARGET_36"
2026-05-13T14:56:58,3738.83,36.69,33.13,26.75,47.98,42.19,,TARGET_36,"36.69,33.13,26.75,47.98,42.19,TARGET_36"
2026-05-13T14:57:00,3740.12,36.69,33.13,26.75,46.19,42.19,,TARGET_36,"36.69,33.13,26.75,46.19,42.19,TARGET_36"
2026-05-13T14:57:01,3741.4,36.69,33.13,26.75,47.88,42.19,,TARGET_36,"36.69,33.13,26.75,47.88,42.19,TARGET_36"
2026-05-13T14:57:02,3742.69,36.69,33.13,26.75,45.55,42.19,,TARGET_36,"36.69,33.13,26.75,45.55,42.19,TARGET_36"
2026-05-13T14:57:04,3743.98,36.69,33.13,26.75,48.82,42.19,,TARGET_36,"36.69,33.13,26.75,48.82,42.19,TARGET_36"
2026-05-13T14:57:05,3745.26,36.69,33.13,26.75,54.33,42.19,,TARGET_36,"36.69,33.13,26.75,54.33,42.19,TARGET_36"
2026-05-13T14:57:06,3746.55,36.69,33.13,26.75,52.33,42.19,,TARGET_36,"36.69,33.13,26.75,52.33,42.19,TARGET_36"
2026-05-13T14:57:07,3747.83,36.69,33.13,26.75,55.13,42.19,,TARGET_36,"36.69,33.13,26.75,55.13,42.19,TARGET_36"
2026-05-13T14:57:09,3749.12,36.69,33.13,26.75,50.85,42.19,,TARGET_36,"36.69,33.13,26.75,50.85,42.19,TARGET_36"
2026-05-13T14:57:10,3750.41,36.69,33.19,26.75,46.74,42.19,,TARGET_36,"36.69,33.19,26.75,46.74,42.19,TARGET_36"
2026-05-13T14:57:11,3751.69,36.69,33.13,26.75,55.3,42.19,,TARGET_36,"36.69,33.13,26.75,55.30,42.19,TARGET_36"
2026-05-13T14:57:13,3752.98,36.69,33.13,26.75,59.92,42.19,,TARGET_36,"36.69,33.13,26.75,59.92,42.19,TARGET_36"
2026-05-13T14:57:14,3754.26,36.69,33.13,26.75,55.77,42.19,,TARGET_36,"36.69,33.13,26.75,55.77,42.19,TARGET_36"
2026-05-13T14:57:15,3755.55,36.69,33.19,26.75,54.71,42.19,,TARGET_36,"36.69,33.19,26.75,54.71,42.19,TARGET_36"
2026-05-13T14:57:16,3756.84,36.69,33.19,26.75,56.08,42.19,,TARGET_36,"36.69,33.19,26.75,56.08,42.19,TARGET_36"
2026-05-13T14:57:18,3758.12,36.69,33.13,26.75,59.03,42.19,,TARGET_36,"36.69,33.13,26.75,59.03,42.19,TARGET_36"
2026-05-13T14:57:19,3759.41,36.69,33.13,26.75,53.61,42.19,,TARGET_36,"36.69,33.13,26.75,53.61,42.19,TARGET_36"
2026-05-13T14:57:20,3760.69,36.69,33.13,26.75,47.85,42.19,,TARGET_36,"36.69,33.13,26.75,47.85,42.19,TARGET_36"
2026-05-13T14:57:22,3761.98,36.69,33.13,26.75,49.74,42.19,,TARGET_36,"36.69,33.13,26.75,49.74,42.19,TARGET_36"
2026-05-13T14:57:23,3763.27,36.69,33.19,26.75,42.1,42.19,,TARGET_36,"36.69,33.19,26.75,42.10,42.19,TARGET_36"
2026-05-13T14:57:24,3764.55,36.69,33.19,26.75,48.04,42.19,,TARGET_36,"36.69,33.19,26.75,48.04,42.19,TARGET_36"
2026-05-13T14:57:25,3765.84,36.69,33.19,26.75,57.02,42.19,,TARGET_36,"36.69,33.19,26.75,57.02,42.19,TARGET_36"
2026-05-13T14:57:27,3767.12,36.69,33.19,26.75,49.81,42.19,,TARGET_36,"36.69,33.19,26.75,49.81,42.19,TARGET_36"
2026-05-13T14:57:28,3768.41,36.69,33.19,26.75,55.92,42.19,,TARGET_36,"36.69,33.19,26.75,55.92,42.19,TARGET_36"
2026-05-13T14:57:29,3769.7,36.69,33.19,26.75,55.97,42.19,,TARGET_36,"36.69,33.19,26.75,55.97,42.19,TARGET_36"
2026-05-13T14:57:31,3770.98,36.69,33.19,26.75,51.79,42.19,,TARGET_36,"36.69,33.19,26.75,51.79,42.19,TARGET_36"
2026-05-13T14:57:32,3772.27,36.69,33.19,26.75,52.52,42.19,,TARGET_36,"36.69,33.19,26.75,52.52,42.19,TARGET_36"
2026-05-13T14:57:33,3773.55,36.69,33.19,26.75,55.21,42.19,,TARGET_36,"36.69,33.19,26.75,55.21,42.19,TARGET_36"
2026-05-13T14:57:34,3774.84,36.69,33.19,26.75,49.08,42.19,,TARGET_36,"36.69,33.19,26.75,49.08,42.19,TARGET_36"
2026-05-13T14:57:36,3776.13,36.69,33.19,26.75,49.03,42.19,,TARGET_36,"36.69,33.19,26.75,49.03,42.19,TARGET_36"
2026-05-13T14:57:37,3777.41,36.69,33.19,26.75,56.81,42.19,,TARGET_36,"36.69,33.19,26.75,56.81,42.19,TARGET_36"
2026-05-13T14:57:38,3778.7,36.69,33.19,26.75,45.53,42.19,,TARGET_36,"36.69,33.19,26.75,45.53,42.19,TARGET_36"
2026-05-13T14:57:40,3779.98,36.69,33.13,26.69,49.41,42.19,,TARGET_36,"36.69,33.13,26.69,49.41,42.19,TARGET_36"
2026-05-13T14:57:41,3781.27,36.69,33.13,26.75,40.16,42.19,,TARGET_36,"36.69,33.13,26.75,40.16,42.19,TARGET_36"
2026-05-13T14:57:42,3782.56,36.69,33.13,26.75,58.67,42.19,,TARGET_36,"36.69,33.13,26.75,58.67,42.19,TARGET_36"
2026-05-13T14:57:43,3783.84,36.69,33.13,26.75,52.27,42.19,,TARGET_36,"36.69,33.13,26.75,52.27,42.19,TARGET_36"
2026-05-13T14:57:45,3785.13,36.69,33.13,26.75,58.11,42.19,,TARGET_36,"36.69,33.13,26.75,58.11,42.19,TARGET_36"
2026-05-13T14:57:46,3786.41,36.69,33.19,26.75,53.84,42.19,,TARGET_36,"36.69,33.19,26.75,53.84,42.19,TARGET_36"
2026-05-13T14:57:47,3787.7,36.69,33.19,26.75,48.54,42.19,,TARGET_36,"36.69,33.19,26.75,48.54,42.19,TARGET_36"
2026-05-13T14:57:49,3788.99,36.69,33.13,26.75,54.81,42.19,,TARGET_36,"36.69,33.13,26.75,54.81,42.19,TARGET_36"
2026-05-13T14:57:50,3790.27,36.69,33.19,26.69,52.53,42.19,,TARGET_36,"36.69,33.19,26.69,52.53,42.19,TARGET_36"
2026-05-13T14:57:51,3791.56,36.69,33.19,26.75,51.61,42.19,,TARGET_36,"36.69,33.19,26.75,51.61,42.19,TARGET_36"
2026-05-13T14:57:52,3792.84,36.69,33.19,26.75,42.84,42.19,,TARGET_36,"36.69,33.19,26.75,42.84,42.19,TARGET_36"
2026-05-13T14:57:54,3794.13,36.69,33.13,26.75,53.14,42.19,,TARGET_36,"36.69,33.13,26.75,53.14,42.19,TARGET_36"
2026-05-13T14:57:55,3795.41,36.69,33.13,26.69,38.66,42.19,,TARGET_36,"36.69,33.13,26.69,38.66,42.19,TARGET_36"
2026-05-13T14:57:56,3796.7,36.69,33.13,26.75,42.46,42.19,,TARGET_36,"36.69,33.13,26.75,42.46,42.19,TARGET_36"
2026-05-13T14:57:58,3797.99,36.69,33.19,26.75,54.78,42.19,,TARGET_36,"36.69,33.19,26.75,54.78,42.19,TARGET_36"
2026-05-13T14:57:59,3799.27,36.69,33.19,26.75,49.51,42.19,,TARGET_36,"36.69,33.19,26.75,49.51,42.19,TARGET_36"
2026-05-13T14:58:00,3800.56,36.69,33.19,26.75,56.41,42.19,,TARGET_36,"36.69,33.19,26.75,56.41,42.19,TARGET_36"
2026-05-13T14:58:01,3801.84,36.69,33.13,26.75,58.56,42.19,,TARGET_36,"36.69,33.13,26.75,58.56,42.19,TARGET_36"
2026-05-13T14:58:03,3803.13,36.69,33.19,26.75,42.62,42.19,,TARGET_36,"36.69,33.19,26.75,42.62,42.19,TARGET_36"
2026-05-13T14:58:04,3804.42,36.69,33.13,26.75,51.85,42.19,,TARGET_36,"36.69,33.13,26.75,51.85,42.19,TARGET_36"
2026-05-13T14:58:05,3805.7,36.69,33.19,26.75,57.34,42.19,,TARGET_36,"36.69,33.19,26.75,57.34,42.19,TARGET_36"
2026-05-13T14:58:07,3806.99,36.69,33.19,26.75,58.94,42.19,,TARGET_36,"36.69,33.19,26.75,58.94,42.19,TARGET_36"
2026-05-13T14:58:08,3808.27,36.69,33.19,26.75,57.17,42.19,,TARGET_36,"36.69,33.19,26.75,57.17,42.19,TARGET_36"
2026-05-13T14:58:09,3809.56,36.69,33.19,26.75,33.07,42.19,,TARGET_36,"36.69,33.19,26.75,33.07,42.19,TARGET_36"
2026-05-13T14:58:10,3810.85,36.69,33.19,26.75,42.63,42.19,,TARGET_36,"36.69,33.19,26.75,42.63,42.19,TARGET_36"
2026-05-13T14:58:12,3812.13,36.69,33.19,26.75,37.45,42.19,,TARGET_36,"36.69,33.19,26.75,37.45,42.19,TARGET_36"
2026-05-13T14:58:13,3813.42,36.69,33.19,26.75,52.18,42.19,,TARGET_36,"36.69,33.19,26.75,52.18,42.19,TARGET_36"
2026-05-13T14:58:14,3814.7,36.69,33.19,26.75,48.47,42.19,,TARGET_36,"36.69,33.19,26.75,48.47,42.19,TARGET_36"
2026-05-13T14:58:16,3815.99,36.69,33.19,26.75,45.79,42.19,,TARGET_36,"36.69,33.19,26.75,45.79,42.19,TARGET_36"
2026-05-13T14:58:17,3817.28,36.69,33.19,26.75,54.32,42.19,,TARGET_36,"36.69,33.19,26.75,54.32,42.19,TARGET_36"
2026-05-13T14:58:18,3818.56,36.69,33.19,26.75,53.53,42.19,,TARGET_36,"36.69,33.19,26.75,53.53,42.19,TARGET_36"
2026-05-13T14:58:19,3819.85,36.69,33.19,26.75,50.21,42.19,,TARGET_36,"36.69,33.19,26.75,50.21,42.19,TARGET_36"
2026-05-13T14:58:21,3821.13,36.69,33.19,26.75,55.48,42.19,,TARGET_36,"36.69,33.19,26.75,55.48,42.19,TARGET_36"
2026-05-13T14:58:22,3822.42,36.69,33.19,26.75,60.59,42.19,,TARGET_36,"36.69,33.19,26.75,60.59,42.19,TARGET_36"
2026-05-13T14:58:23,3823.71,36.69,33.19,26.75,55.44,42.19,,TARGET_36,"36.69,33.19,26.75,55.44,42.19,TARGET_36"
2026-05-13T14:58:25,3824.99,36.69,33.19,26.81,58.77,42.19,,TARGET_36,"36.69,33.19,26.81,58.77,42.19,TARGET_36"
2026-05-13T14:58:26,3826.28,36.69,33.19,26.75,58.91,42.19,,TARGET_36,"36.69,33.19,26.75,58.91,42.19,TARGET_36"
2026-05-13T14:58:27,3827.56,36.69,33.25,26.75,54.16,42.19,,TARGET_36,"36.69,33.25,26.75,54.16,42.19,TARGET_36"
2026-05-13T14:58:28,3828.85,36.63,33.19,26.75,54.07,41.8,,TARGET_36,"36.63,33.19,26.75,54.07,41.80,TARGET_36"
2026-05-13T14:58:30,3830.14,36.63,33.19,26.81,58.83,41.5,,TARGET_36,"36.63,33.19,26.81,58.83,41.50,TARGET_36"
2026-05-13T14:58:31,3831.42,36.69,33.19,26.75,57.13,41.67,,TARGET_36,"36.69,33.19,26.75,57.13,41.67,TARGET_36"
2026-05-13T14:58:32,3832.71,36.69,33.19,26.75,55.85,41.8,,TARGET_36,"36.69,33.19,26.75,55.85,41.80,TARGET_36"
2026-05-13T14:58:34,3833.99,36.69,33.19,26.75,43.94,41.9,,TARGET_36,"36.69,33.19,26.75,43.94,41.90,TARGET_36"
2026-05-13T14:58:35,3835.28,36.69,33.19,26.75,49.98,41.97,,TARGET_36,"36.69,33.19,26.75,49.98,41.97,TARGET_36"
2026-05-13T14:58:36,3836.56,36.69,33.19,26.75,38.59,42.03,,TARGET_36,"36.69,33.19,26.75,38.59,42.03,TARGET_36"
2026-05-13T14:58:37,3837.85,36.69,33.19,26.75,49.04,42.07,,TARGET_36,"36.69,33.19,26.75,49.04,42.07,TARGET_36"
2026-05-13T14:58:39,3839.14,36.63,33.19,26.75,40.61,41.71,,TARGET_36,"36.63,33.19,26.75,40.61,41.71,TARGET_36"
2026-05-13T14:58:40,3840.42,36.69,33.19,26.75,43.85,41.83,,TARGET_36,"36.69,33.19,26.75,43.85,41.83,TARGET_36"
2026-05-13T14:58:41,3841.71,36.69,33.19,26.75,43.34,41.92,,TARGET_36,"36.69,33.19,26.75,43.34,41.92,TARGET_36"
2026-05-13T14:58:43,3842.99,36.69,33.19,26.75,57.54,41.98,,TARGET_36,"36.69,33.19,26.75,57.54,41.98,TARGET_36"
2026-05-13T14:58:44,3844.28,36.69,33.19,26.81,58.41,42.04,,TARGET_36,"36.69,33.19,26.81,58.41,42.04,TARGET_36"
2026-05-13T14:58:45,3845.57,36.69,33.19,26.75,59.37,42.07,,TARGET_36,"36.69,33.19,26.75,59.37,42.07,TARGET_36"
2026-05-13T14:58:47,3846.85,36.69,33.19,26.75,59.75,42.1,,TARGET_36,"36.69,33.19,26.75,59.75,42.10,TARGET_36"
2026-05-13T14:58:48,3848.14,36.69,33.19,26.75,59.3,42.12,,TARGET_36,"36.69,33.19,26.75,59.30,42.12,TARGET_36"
2026-05-13T14:58:49,3849.42,36.69,33.19,26.75,60.92,42.14,,TARGET_36,"36.69,33.19,26.75,60.92,42.14,TARGET_36"
2026-05-13T14:58:50,3850.71,36.69,33.19,26.75,41.17,42.15,,TARGET_36,"36.69,33.19,26.75,41.17,42.15,TARGET_36"
2026-05-13T14:58:52,3852.0,36.69,33.19,26.75,39.27,42.16,,TARGET_36,"36.69,33.19,26.75,39.27,42.16,TARGET_36"
2026-05-13T14:58:53,3853.28,36.63,33.19,26.75,39.11,41.78,,TARGET_36,"36.63,33.19,26.75,39.11,41.78,TARGET_36"
2026-05-13T14:58:54,3854.57,36.69,33.19,26.75,34.84,41.88,,TARGET_36,"36.69,33.19,26.75,34.84,41.88,TARGET_36"
2026-05-13T14:58:56,3855.85,36.69,33.19,26.75,46.34,41.96,,TARGET_36,"36.69,33.19,26.75,46.34,41.96,TARGET_36"
2026-05-13T14:58:57,3857.14,36.69,33.19,26.75,52.73,42.01,,TARGET_36,"36.69,33.19,26.75,52.73,42.01,TARGET_36"
2026-05-13T14:58:58,3858.43,36.69,33.19,26.75,54.09,42.06,,TARGET_36,"36.69,33.19,26.75,54.09,42.06,TARGET_36"
2026-05-13T14:58:59,3859.71,36.69,33.19,26.75,49.24,42.09,,TARGET_36,"36.69,33.19,26.75,49.24,42.09,TARGET_36"
2026-05-13T14:59:01,3861.0,36.69,33.19,26.75,47.3,42.11,,TARGET_36,"36.69,33.19,26.75,47.30,42.11,TARGET_36"
2026-05-13T14:59:02,3862.28,36.69,33.19,26.75,44.72,42.13,,TARGET_36,"36.69,33.19,26.75,44.72,42.13,TARGET_36"
2026-05-13T14:59:03,3863.57,36.69,33.19,26.75,50.89,42.15,,TARGET_36,"36.69,33.19,26.75,50.89,42.15,TARGET_36"
2026-05-13T14:59:05,3864.85,36.69,33.19,26.75,54.55,42.16,,TARGET_36,"36.69,33.19,26.75,54.55,42.16,TARGET_36"
2026-05-13T14:59:06,3866.14,36.69,33.19,26.75,42.22,42.16,,TARGET_36,"36.69,33.19,26.75,42.22,42.16,TARGET_36"
2026-05-13T14:59:07,3867.43,36.69,33.19,26.75,41.49,42.17,,TARGET_36,"36.69,33.19,26.75,41.49,42.17,TARGET_36"
2026-05-13T14:59:08,3868.71,36.69,33.19,26.75,44.8,42.17,,TARGET_36,"36.69,33.19,26.75,44.80,42.17,TARGET_36"
2026-05-13T14:59:10,3870.0,36.69,33.19,26.75,52.12,42.18,,TARGET_36,"36.69,33.19,26.75,52.12,42.18,TARGET_36"
2026-05-13T14:59:11,3871.29,36.69,33.19,26.75,51.45,42.18,,TARGET_36,"36.69,33.19,26.75,51.45,42.18,TARGET_36"
2026-05-13T14:59:12,3872.57,36.63,33.19,26.75,55.98,41.79,,TARGET_36,"36.63,33.19,26.75,55.98,41.79,TARGET_36"
2026-05-13T14:59:14,3873.86,36.69,33.19,26.75,52.39,41.89,,TARGET_36,"36.69,33.19,26.75,52.39,41.89,TARGET_36"
2026-05-13T14:59:15,3875.14,36.69,33.19,26.75,51.56,41.96,,TARGET_36,"36.69,33.19,26.75,51.56,41.96,TARGET_36"
2026-05-13T14:59:16,3876.43,36.69,33.19,26.75,53.62,42.02,,TARGET_36,"36.69,33.19,26.75,53.62,42.02,TARGET_36"
2026-05-13T14:59:17,3877.71,36.69,33.19,26.75,57.45,42.06,,TARGET_36,"36.69,33.19,26.75,57.45,42.06,TARGET_36"
2026-05-13T14:59:19,3879.0,36.69,33.19,26.75,57.18,42.09,,TARGET_36,"36.69,33.19,26.75,57.18,42.09,TARGET_36"
2026-05-13T14:59:20,3880.29,36.69,33.19,26.75,56.47,42.12,,TARGET_36,"36.69,33.19,26.75,56.47,42.12,TARGET_36"
2026-05-13T14:59:21,3881.57,36.69,33.19,26.81,52.59,42.13,,TARGET_36,"36.69,33.19,26.81,52.59,42.13,TARGET_36"
2026-05-13T14:59:23,3882.86,36.69,33.19,26.75,53.44,42.15,,TARGET_36,"36.69,33.19,26.75,53.44,42.15,TARGET_36"
2026-05-13T14:59:24,3884.14,36.69,33.19,26.75,39.37,42.16,,TARGET_36,"36.69,33.19,26.75,39.37,42.16,TARGET_36"
2026-05-13T14:59:25,3885.43,36.69,33.13,26.75,48.75,42.17,,TARGET_36,"36.69,33.13,26.75,48.75,42.17,TARGET_36"
2026-05-13T14:59:26,3886.72,36.69,33.19,26.75,52.5,42.17,,TARGET_36,"36.69,33.19,26.75,52.50,42.17,TARGET_36"
2026-05-13T14:59:28,3888.0,36.69,33.19,26.75,54.0,42.17,,TARGET_36,"36.69,33.19,26.75,54.00,42.17,TARGET_36"
2026-05-13T14:59:29,3889.29,36.69,33.19,26.81,54.6,42.18,,TARGET_36,"36.69,33.19,26.81,54.60,42.18,TARGET_36"
2026-05-13T14:59:30,3890.57,36.69,33.19,26.75,47.04,42.18,,TARGET_36,"36.69,33.19,26.75,47.04,42.18,TARGET_36"
2026-05-13T14:59:32,3891.86,36.69,33.19,26.81,51.82,42.18,,TARGET_36,"36.69,33.19,26.81,51.82,42.18,TARGET_36"
2026-05-13T14:59:33,3893.15,36.69,33.19,26.75,62.13,42.18,,TARGET_36,"36.69,33.19,26.75,62.13,42.18,TARGET_36"
2026-05-13T14:59:34,3894.43,36.69,33.13,26.75,54.25,42.18,,TARGET_36,"36.69,33.13,26.75,54.25,42.18,TARGET_36"
2026-05-13T14:59:35,3895.72,36.69,33.19,26.81,41.5,42.19,,TARGET_36,"36.69,33.19,26.81,41.50,42.19,TARGET_36"
2026-05-13T14:59:37,3897.0,36.69,33.19,26.75,44.8,42.19,,TARGET_36,"36.69,33.19,26.75,44.80,42.19,TARGET_36"
2026-05-13T14:59:38,3898.29,36.69,33.19,26.75,53.32,42.19,,TARGET_36,"36.69,33.19,26.75,53.32,42.19,TARGET_36"
2026-05-13T14:59:39,3899.58,36.69,33.19,26.75,57.33,42.19,,TARGET_36,"36.69,33.19,26.75,57.33,42.19,TARGET_36"
2026-05-13T14:59:41,3900.86,36.69,33.19,26.75,57.13,42.19,,TARGET_36,"36.69,33.19,26.75,57.13,42.19,TARGET_36"
2026-05-13T14:59:42,3902.15,36.69,33.13,26.75,48.65,42.19,,TARGET_36,"36.69,33.13,26.75,48.65,42.19,TARGET_36"
2026-05-13T14:59:43,3903.43,36.69,33.13,26.75,39.86,42.19,,TARGET_36,"36.69,33.13,26.75,39.86,42.19,TARGET_36"
2026-05-13T14:59:44,3904.72,36.69,33.19,26.75,54.34,42.19,,TARGET_36,"36.69,33.19,26.75,54.34,42.19,TARGET_36"
2026-05-13T14:59:46,3906.01,36.69,33.19,26.75,57.14,42.19,,TARGET_36,"36.69,33.19,26.75,57.14,42.19,TARGET_36"
2026-05-13T14:59:47,3907.29,36.63,33.19,26.75,58.86,41.8,,TARGET_36,"36.63,33.19,26.75,58.86,41.80,TARGET_36"
2026-05-13T14:59:48,3908.58,36.69,33.19,26.75,59.54,41.89,,TARGET_36,"36.69,33.19,26.75,59.54,41.89,TARGET_36"
2026-05-13T14:59:50,3909.86,36.69,33.19,26.75,55.02,41.97,,TARGET_36,"36.69,33.19,26.75,55.02,41.97,TARGET_36"
2026-05-13T14:59:51,3911.15,36.69,33.19,26.75,37.61,42.02,,TARGET_36,"36.69,33.19,26.75,37.61,42.02,TARGET_36"
2026-05-13T14:59:52,3912.44,36.69,33.19,26.75,51.04,42.06,,TARGET_36,"36.69,33.19,26.75,51.04,42.06,TARGET_36"
2026-05-13T14:59:53,3913.72,36.69,33.19,26.75,57.62,42.09,,TARGET_36,"36.69,33.19,26.75,57.62,42.09,TARGET_36"
2026-05-13T14:59:55,3915.01,36.69,33.13,26.75,60.85,42.12,,TARGET_36,"36.69,33.13,26.75,60.85,42.12,TARGET_36"
2026-05-13T14:59:56,3916.29,36.69,33.19,26.75,62.14,42.14,,TARGET_36,"36.69,33.19,26.75,62.14,42.14,TARGET_36"
2026-05-13T14:59:57,3917.58,36.69,33.13,26.81,59.66,42.15,,TARGET_36,"36.69,33.13,26.81,59.66,42.15,TARGET_36"
2026-05-13T14:59:59,3918.87,36.69,33.13,26.75,53.86,42.16,,TARGET_36,"36.69,33.13,26.75,53.86,42.16,TARGET_36"
2026-05-13T15:00:00,3920.15,36.69,33.13,26.75,56.34,42.17,,TARGET_36,"36.69,33.13,26.75,56.34,42.17,TARGET_36"
2026-05-13T15:00:01,3921.44,36.69,33.13,26.75,57.94,42.17,,TARGET_36,"36.69,33.13,26.75,57.94,42.17,TARGET_36"
2026-05-13T15:00:02,3922.72,36.69,33.19,26.75,52.58,42.18,,TARGET_36,"36.69,33.19,26.75,52.58,42.18,TARGET_36"
2026-05-13T15:00:04,3924.01,36.69,33.13,26.75,44.43,42.18,,TARGET_36,"36.69,33.13,26.75,44.43,42.18,TARGET_36"
2026-05-13T15:00:05,3925.29,36.69,33.19,26.75,52.57,42.18,,TARGET_36,"36.69,33.19,26.75,52.57,42.18,TARGET_36"
2026-05-13T15:00:06,3926.58,36.69,33.19,26.75,48.03,42.18,,TARGET_36,"36.69,33.19,26.75,48.03,42.18,TARGET_36"
2026-05-13T15:00:08,3927.87,36.69,33.19,26.75,55.21,42.18,,TARGET_36,"36.69,33.19,26.75,55.21,42.18,TARGET_36"
2026-05-13T15:00:09,3929.15,36.69,33.19,26.75,48.48,42.18,,TARGET_36,"36.69,33.19,26.75,48.48,42.18,TARGET_36"
2026-05-13T15:00:10,3930.44,36.69,33.19,26.75,52.99,42.19,,TARGET_36,"36.69,33.19,26.75,52.99,42.19,TARGET_36"
2026-05-13T15:00:11,3931.72,36.69,33.13,26.75,45.8,42.19,,TARGET_36,"36.69,33.13,26.75,45.80,42.19,TARGET_36"
2026-05-13T15:00:13,3933.01,36.69,33.19,26.81,39.92,42.19,,TARGET_36,"36.69,33.19,26.81,39.92,42.19,TARGET_36"
2026-05-13T15:00:14,3934.3,36.63,33.19,26.75,36.97,41.8,,TARGET_36,"36.63,33.19,26.75,36.97,41.80,TARGET_36"
2026-05-13T15:00:15,3935.58,36.69,33.19,26.81,48.99,41.89,,TARGET_36,"36.69,33.19,26.81,48.99,41.89,TARGET_36"
2026-05-13T15:00:17,3936.87,36.69,33.19,26.81,49.59,41.97,,TARGET_36,"36.69,33.19,26.81,49.59,41.97,TARGET_36"
2026-05-13T15:00:18,3938.15,36.69,33.19,26.81,47.44,42.02,,TARGET_36,"36.69,33.19,26.81,47.44,42.02,TARGET_36"
2026-05-13T15:00:19,3939.44,36.69,33.25,26.81,57.98,42.06,,TARGET_36,"36.69,33.25,26.81,57.98,42.06,TARGET_36"
2026-05-13T15:00:20,3940.73,36.69,33.19,26.81,54.39,42.09,,TARGET_36,"36.69,33.19,26.81,54.39,42.09,TARGET_36"
2026-05-13T15:00:22,3942.01,36.69,33.19,26.75,43.96,42.12,,TARGET_36,"36.69,33.19,26.75,43.96,42.12,TARGET_36"
2026-05-13T15:00:23,3943.3,36.69,33.19,26.81,31.38,42.14,,TARGET_36,"36.69,33.19,26.81,31.38,42.14,TARGET_36"
2026-05-13T15:00:24,3944.58,36.69,33.19,26.81,41.35,42.15,,TARGET_36,"36.69,33.19,26.81,41.35,42.15,TARGET_36"
2026-05-13T15:00:26,3945.87,36.69,33.19,26.81,47.14,42.16,,TARGET_36,"36.69,33.19,26.81,47.14,42.16,TARGET_36"
2026-05-13T15:00:27,3947.16,36.69,33.19,26.81,51.86,42.17,,TARGET_36,"36.69,33.19,26.81,51.86,42.17,TARGET_36"
2026-05-13T15:00:28,3948.44,36.69,33.19,26.81,57.34,42.17,,TARGET_36,"36.69,33.19,26.81,57.34,42.17,TARGET_36"
2026-05-13T15:00:29,3949.73,36.69,33.19,26.81,53.54,42.18,,TARGET_36,"36.69,33.19,26.81,53.54,42.18,TARGET_36"
2026-05-13T15:00:31,3951.01,36.69,33.19,26.81,59.81,42.18,,TARGET_36,"36.69,33.19,26.81,59.81,42.18,TARGET_36"
2026-05-13T15:00:32,3952.3,36.69,33.19,26.81,56.33,42.18,,TARGET_36,"36.69,33.19,26.81,56.33,42.18,TARGET_36"
2026-05-13T15:00:33,3953.59,36.69,33.19,26.75,44.73,42.18,,TARGET_36,"36.69,33.19,26.75,44.73,42.18,TARGET_36"
2026-05-13T15:00:35,3954.87,36.69,33.19,26.81,54.49,42.18,,TARGET_36,"36.69,33.19,26.81,54.49,42.18,TARGET_36"
2026-05-13T15:00:36,3956.16,36.69,33.19,26.81,50.6,42.18,,TARGET_36,"36.69,33.19,26.81,50.60,42.18,TARGET_36"
2026-05-13T15:00:37,3957.44,36.69,33.19,26.81,53.24,42.19,,TARGET_36,"36.69,33.19,26.81,53.24,42.19,TARGET_36"
2026-05-13T15:00:38,3958.73,36.69,33.13,26.75,57.9,42.19,,TARGET_36,"36.69,33.13,26.75,57.90,42.19,TARGET_36"
2026-05-13T15:00:40,3960.02,36.69,33.19,26.75,60.96,42.19,,TARGET_36,"36.69,33.19,26.75,60.96,42.19,TARGET_36"
2026-05-13T15:00:41,3961.3,36.69,33.19,26.81,60.98,42.19,,TARGET_36,"36.69,33.19,26.81,60.98,42.19,TARGET_36"
2026-05-13T15:00:42,3962.59,36.69,33.19,26.75,54.99,42.19,,TARGET_36,"36.69,33.19,26.75,54.99,42.19,TARGET_36"
2026-05-13T15:00:44,3963.87,36.69,33.19,26.81,50.8,42.19,,TARGET_36,"36.69,33.19,26.81,50.80,42.19,TARGET_36"
2026-05-13T15:00:45,3965.16,36.69,33.19,26.81,56.32,42.19,,TARGET_36,"36.69,33.19,26.81,56.32,42.19,TARGET_36"
2026-05-13T15:00:46,3966.45,36.69,33.19,26.81,39.93,42.19,,TARGET_36,"36.69,33.19,26.81,39.93,42.19,TARGET_36"
2026-05-13T15:00:47,3967.73,36.69,33.13,26.81,49.57,42.19,,TARGET_36,"36.69,33.13,26.81,49.57,42.19,TARGET_36"
2026-05-13T15:00:49,3969.02,36.69,33.19,26.81,56.43,42.19,,TARGET_36,"36.69,33.19,26.81,56.43,42.19,TARGET_36"
2026-05-13T15:00:50,3970.3,36.69,33.13,26.75,49.57,42.19,,TARGET_36,"36.69,33.13,26.75,49.57,42.19,TARGET_36"
2026-05-13T15:00:51,3971.59,36.69,33.19,26.75,50.43,42.19,,TARGET_36,"36.69,33.19,26.75,50.43,42.19,TARGET_36"
2026-05-13T15:00:53,3972.88,36.63,33.13,26.75,39.37,41.8,,TARGET_36,"36.63,33.13,26.75,39.37,41.80,TARGET_36"
2026-05-13T15:00:54,3974.16,36.69,33.19,26.75,44.55,41.89,,TARGET_36,"36.69,33.19,26.75,44.55,41.89,TARGET_36"
2026-05-13T15:00:55,3975.45,36.69,33.19,26.75,49.62,41.97,,TARGET_36,"36.69,33.19,26.75,49.62,41.97,TARGET_36"
2026-05-13T15:00:56,3976.73,36.63,33.13,26.81,57.65,41.63,,TARGET_36,"36.63,33.13,26.81,57.65,41.63,TARGET_36"
2026-05-13T15:00:58,3978.02,36.69,33.19,26.75,56.06,41.77,,TARGET_36,"36.69,33.19,26.75,56.06,41.77,TARGET_36"
2026-05-13T15:00:59,3979.31,36.69,33.19,26.75,58.42,41.88,,TARGET_36,"36.69,33.19,26.75,58.42,41.88,TARGET_36"
2026-05-13T15:01:00,3980.59,36.69,33.13,26.75,55.17,41.95,,TARGET_36,"36.69,33.13,26.75,55.17,41.95,TARGET_36"
2026-05-13T15:01:02,3981.88,36.63,33.19,26.81,56.87,41.62,,TARGET_36,"36.63,33.19,26.81,56.87,41.62,TARGET_36"
2026-05-13T15:01:03,3983.16,36.69,33.19,26.81,56.35,41.76,,TARGET_36,"36.69,33.19,26.81,56.35,41.76,TARGET_36"
2026-05-13T15:01:04,3984.45,36.63,33.19,26.81,48.94,41.48,,TARGET_36,"36.63,33.19,26.81,48.94,41.48,TARGET_36"
2026-05-13T15:01:05,3985.74,36.63,33.19,26.81,53.78,41.26,,TARGET_36,"36.63,33.19,26.81,53.78,41.26,TARGET_36"
2026-05-13T15:01:07,3987.02,36.63,33.19,26.81,38.91,41.1,,TARGET_36,"36.63,33.19,26.81,38.91,41.10,TARGET_36"
2026-05-13T15:01:08,3988.31,36.63,33.19,26.75,50.36,40.98,,TARGET_36,"36.63,33.19,26.75,50.36,40.98,TARGET_36"
2026-05-13T15:01:09,3989.59,36.63,33.19,26.81,56.75,40.89,,TARGET_36,"36.63,33.19,26.81,56.75,40.89,TARGET_36"
2026-05-13T15:01:11,3990.88,36.69,33.19,26.81,40.1,41.22,,TARGET_36,"36.69,33.19,26.81,40.10,41.22,TARGET_36"
2026-05-13T15:01:12,3992.17,36.63,33.19,26.81,50.84,41.07,,TARGET_36,"36.63,33.19,26.81,50.84,41.07,TARGET_36"
2026-05-13T15:01:13,3993.45,36.69,33.19,26.81,54.54,41.35,,TARGET_36,"36.69,33.19,26.81,54.54,41.35,TARGET_36"
2026-05-13T15:01:14,3994.74,36.69,33.19,26.75,55.41,41.56,,TARGET_36,"36.69,33.19,26.75,55.41,41.56,TARGET_36"
2026-05-13T15:01:16,3996.02,36.63,33.19,26.81,59.37,41.33,,TARGET_36,"36.63,33.19,26.81,59.37,41.33,TARGET_36"
2026-05-13T15:01:17,3997.31,36.69,33.19,26.75,54.95,41.54,,TARGET_36,"36.69,33.19,26.75,54.95,41.54,TARGET_36"
2026-05-13T15:01:18,3998.59,36.63,33.19,26.75,55.58,41.31,,TARGET_36,"36.63,33.19,26.75,55.58,41.31,TARGET_36"
2026-05-13T15:01:20,3999.88,36.69,33.19,26.75,44.43,41.53,,TARGET_36,"36.69,33.19,26.75,44.43,41.53,TARGET_36"
2026-05-13T15:01:21,4001.17,36.69,33.19,26.81,50.17,41.69,,TARGET_36,"36.69,33.19,26.81,50.17,41.69,TARGET_36"
2026-05-13T15:01:22,4002.45,36.69,33.19,26.81,47.07,41.82,,TARGET_36,"36.69,33.19,26.81,47.07,41.82,TARGET_36"
2026-05-13T15:01:23,4003.74,36.69,33.19,26.81,53.03,41.91,,TARGET_36,"36.69,33.19,26.81,53.03,41.91,TARGET_36"
2026-05-13T15:01:25,4005.02,36.69,33.19,26.81,46.41,41.98,,TARGET_36,"36.69,33.19,26.81,46.41,41.98,TARGET_36"
2026-05-13T15:01:26,4006.31,36.63,33.19,26.81,50.96,41.64,,TARGET_36,"36.63,33.19,26.81,50.96,41.64,TARGET_36"
2026-05-13T15:01:27,4007.6,36.69,33.19,26.81,49.79,41.78,,TARGET_36,"36.69,33.19,26.81,49.79,41.78,TARGET_36"
2026-05-13T15:01:29,4008.88,36.69,33.19,26.81,57.71,41.88,,TARGET_36,"36.69,33.19,26.81,57.71,41.88,TARGET_36"
2026-05-13T15:01:30,4010.17,36.63,33.19,26.75,56.09,41.57,,TARGET_36,"36.63,33.19,26.75,56.09,41.57,TARGET_36"
2026-05-13T15:01:31,4011.45,36.69,33.19,26.75,43.43,41.72,,TARGET_36,"36.69,33.19,26.75,43.43,41.72,TARGET_36"
2026-05-13T15:01:32,4012.74,36.69,33.19,26.81,50.97,41.84,,TARGET_36,"36.69,33.19,26.81,50.97,41.84,TARGET_36"
2026-05-13T15:01:34,4014.03,36.69,33.19,26.81,50.99,41.93,,TARGET_36,"36.69,33.19,26.81,50.99,41.93,TARGET_36"
2026-05-13T15:01:35,4015.31,36.69,33.19,26.81,47.4,41.99,,TARGET_36,"36.69,33.19,26.81,47.40,41.99,TARGET_36"
2026-05-13T15:01:36,4016.6,36.69,33.19,26.81,51.96,42.04,,TARGET_36,"36.69,33.19,26.81,51.96,42.04,TARGET_36"
2026-05-13T15:01:38,4017.88,36.69,33.19,26.81,38.18,42.08,,TARGET_36,"36.69,33.19,26.81,38.18,42.08,TARGET_36"
2026-05-13T15:01:39,4019.17,36.69,33.19,26.81,44.67,42.1,,TARGET_36,"36.69,33.19,26.81,44.67,42.10,TARGET_36"
2026-05-13T15:01:40,4020.46,36.69,33.13,26.81,55.07,42.13,,TARGET_36,"36.69,33.13,26.81,55.07,42.13,TARGET_36"
2026-05-13T15:01:41,4021.74,36.69,33.19,26.81,55.03,42.14,,TARGET_36,"36.69,33.19,26.81,55.03,42.14,TARGET_36"
2026-05-13T15:01:43,4023.03,36.69,33.19,26.81,44.81,42.15,,TARGET_36,"36.69,33.19,26.81,44.81,42.15,TARGET_36"
2026-05-13T15:01:44,4024.31,36.69,33.19,26.81,43.12,42.16,,TARGET_36,"36.69,33.19,26.81,43.12,42.16,TARGET_36"
2026-05-13T15:01:45,4025.6,36.69,33.19,26.81,49.05,42.17,,TARGET_36,"36.69,33.19,26.81,49.05,42.17,TARGET_36"
2026-05-13T15:01:47,4026.89,36.69,33.19,26.81,55.62,42.17,,TARGET_36,"36.69,33.19,26.81,55.62,42.17,TARGET_36"
2026-05-13T15:01:48,4028.17,36.69,33.19,26.81,48.05,42.18,,TARGET_36,"36.69,33.19,26.81,48.05,42.18,TARGET_36"
2026-05-13T15:01:49,4029.46,36.69,33.13,26.81,48.02,42.18,,TARGET_36,"36.69,33.13,26.81,48.02,42.18,TARGET_36"
2026-05-13T15:01:50,4030.74,36.63,33.19,26.81,54.01,41.79,,TARGET_36,"36.63,33.19,26.81,54.01,41.79,TARGET_36"
2026-05-13T15:01:52,4032.03,36.63,33.19,26.81,45.0,41.5,,TARGET_36,"36.63,33.19,26.81,45.00,41.50,TARGET_36"
2026-05-13T15:01:53,4033.32,36.63,33.13,26.81,53.4,41.28,,TARGET_36,"36.63,33.13,26.81,53.40,41.28,TARGET_36"
2026-05-13T15:01:54,4034.6,36.69,33.19,26.81,57.36,41.51,,TARGET_36,"36.69,33.19,26.81,57.36,41.51,TARGET_36"
2026-05-13T15:01:56,4035.89,36.63,33.13,26.81,58.34,41.29,,TARGET_36,"36.63,33.13,26.81,58.34,41.29,TARGET_36"
2026-05-13T15:01:57,4037.17,36.69,33.19,26.81,51.54,41.51,,TARGET_36,"36.69,33.19,26.81,51.54,41.51,TARGET_36"
2026-05-13T15:01:58,4038.46,36.63,33.13,26.81,46.42,41.29,,TARGET_36,"36.63,33.13,26.81,46.42,41.29,TARGET_36"
2026-05-13T15:01:59,4039.75,36.63,33.13,26.81,50.37,41.12,,TARGET_36,"36.63,33.13,26.81,50.37,41.12,TARGET_36"
2026-05-13T15:02:01,4041.03,36.63,33.13,26.81,44.75,41.0,,TARGET_36,"36.63,33.13,26.81,44.75,41.00,TARGET_36"
2026-05-13T15:02:02,4042.32,36.63,33.13,26.81,38.9,40.91,,TARGET_36,"36.63,33.13,26.81,38.90,40.91,TARGET_36"
2026-05-13T15:02:03,4043.6,36.63,33.13,26.81,49.16,40.84,,TARGET_36,"36.63,33.13,26.81,49.16,40.84,TARGET_36"
2026-05-13T15:02:05,4044.89,36.69,33.13,26.81,43.66,41.17,,TARGET_36,"36.69,33.13,26.81,43.66,41.17,TARGET_36"
2026-05-13T15:02:06,4046.18,36.69,33.13,26.81,40.27,41.43,,TARGET_36,"36.69,33.13,26.81,40.27,41.43,TARGET_36"
2026-05-13T15:02:07,4047.46,36.69,33.13,26.75,50.91,41.62,,TARGET_36,"36.69,33.13,26.75,50.91,41.62,TARGET_36"
2026-05-13T15:02:08,4048.75,36.63,33.13,26.75,58.16,41.37,,TARGET_36,"36.63,33.13,26.75,58.16,41.37,TARGET_36"
2026-05-13T15:02:10,4050.03,36.63,33.13,26.75,51.46,41.18,,TARGET_36,"36.63,33.13,26.75,51.46,41.18,TARGET_36"
2026-05-13T15:02:11,4051.32,36.63,33.13,26.75,51.19,41.04,,TARGET_36,"36.63,33.13,26.75,51.19,41.04,TARGET_36"
2026-05-13T15:02:12,4052.6,36.63,33.13,26.75,51.07,40.94,,TARGET_36,"36.63,33.13,26.75,51.07,40.94,TARGET_36"
2026-05-13T15:02:14,4053.89,36.63,33.13,26.81,55.23,40.86,,TARGET_36,"36.63,33.13,26.81,55.23,40.86,TARGET_36"
2026-05-13T15:02:15,4055.18,36.63,33.13,26.81,52.69,40.8,,TARGET_36,"36.63,33.13,26.81,52.69,40.80,TARGET_36"
2026-05-13T15:02:16,4056.46,36.69,33.13,26.81,57.08,41.15,,TARGET_36,"36.69,33.13,26.81,57.08,41.15,TARGET_36"
2026-05-13T15:02:17,4057.75,36.63,33.13,26.75,58.23,41.02,,TARGET_36,"36.63,33.13,26.75,58.23,41.02,TARGET_36"
2026-05-13T15:02:19,4059.03,36.63,33.13,26.75,56.29,40.92,,TARGET_36,"36.63,33.13,26.75,56.29,40.92,TARGET_36"
2026-05-13T15:02:20,4060.32,36.63,33.13,26.75,51.32,40.85,,TARGET_36,"36.63,33.13,26.75,51.32,40.85,TARGET_36"
2026-05-13T15:02:21,4061.61,36.69,33.13,26.75,51.73,41.18,,TARGET_36,"36.69,33.13,26.75,51.73,41.18,TARGET_36"
2026-05-13T15:02:23,4062.89,36.69,33.13,26.75,51.89,41.43,,TARGET_36,"36.69,33.13,26.75,51.89,41.43,TARGET_36"
2026-05-13T15:02:24,4064.18,36.63,33.13,26.75,50.76,41.23,,TARGET_36,"36.63,33.13,26.75,50.76,41.23,TARGET_36"
2026-05-13T15:02:25,4065.46,36.63,33.13,26.75,56.9,41.08,,TARGET_36,"36.63,33.13,26.75,56.90,41.08,TARGET_36"
2026-05-13T15:02:26,4066.75,36.69,33.13,26.75,43.76,41.36,,TARGET_36,"36.69,33.13,26.75,43.76,41.36,TARGET_36"
2026-05-13T15:02:28,4068.04,36.63,33.13,26.75,51.7,41.17,,TARGET_36,"36.63,33.13,26.75,51.70,41.17,TARGET_36"
2026-05-13T15:02:29,4069.32,36.63,33.13,26.75,50.68,41.04,,TARGET_36,"36.63,33.13,26.75,50.68,41.04,TARGET_36"
2026-05-13T15:02:30,4070.61,36.63,33.13,26.75,51.47,40.93,,TARGET_36,"36.63,33.13,26.75,51.47,40.93,TARGET_36"
2026-05-13T15:02:32,4071.89,36.63,33.13,26.75,43.99,40.86,,TARGET_36,"36.63,33.13,26.75,43.99,40.86,TARGET_36"
2026-05-13T15:02:33,4073.18,36.63,33.13,26.75,54.2,40.8,,TARGET_36,"36.63,33.13,26.75,54.20,40.80,TARGET_36"
2026-05-13T15:02:34,4074.47,36.63,33.13,26.75,56.48,40.76,,TARGET_36,"36.63,33.13,26.75,56.48,40.76,TARGET_36"
2026-05-13T15:02:35,4075.75,36.63,33.13,26.75,58.59,40.72,,TARGET_36,"36.63,33.13,26.75,58.59,40.72,TARGET_36"
2026-05-13T15:02:37,4077.04,36.69,33.13,26.75,55.84,41.09,,TARGET_36,"36.69,33.13,26.75,55.84,41.09,TARGET_36"
2026-05-13T15:02:38,4078.32,36.69,33.13,26.75,55.93,41.36,,TARGET_36,"36.69,33.13,26.75,55.93,41.36,TARGET_36"
2026-05-13T15:02:39,4079.61,36.63,33.13,26.69,60.17,41.18,,TARGET_36,"36.63,33.13,26.69,60.17,41.18,TARGET_36"
2026-05-13T15:02:41,4080.9,36.63,33.13,26.69,54.07,41.04,,TARGET_36,"36.63,33.13,26.69,54.07,41.04,TARGET_36"
2026-05-13T15:02:42,4082.18,36.63,33.13,26.69,57.03,40.94,,TARGET_36,"36.63,33.13,26.69,57.03,40.94,TARGET_36"
2026-05-13T15:02:43,4083.47,36.69,33.13,26.75,50.41,41.25,,TARGET_36,"36.69,33.13,26.75,50.41,41.25,TARGET_36"
2026-05-13T15:02:44,4084.75,36.69,33.13,26.69,53.76,41.48,,TARGET_36,"36.69,33.13,26.69,53.76,41.48,TARGET_36"
2026-05-13T15:02:46,4086.04,36.69,33.13,26.69,53.91,41.66,,TARGET_36,"36.69,33.13,26.69,53.91,41.66,TARGET_36"
2026-05-13T15:02:47,4087.33,36.69,33.13,26.69,50.36,41.79,,TARGET_36,"36.69,33.13,26.69,50.36,41.79,TARGET_36"
2026-05-13T15:02:48,4088.61,36.63,33.13,26.69,44.74,41.5,,TARGET_36,"36.63,33.13,26.69,44.74,41.50,TARGET_36"
2026-05-13T15:02:50,4089.9,36.69,33.13,26.69,43.1,41.67,,TARGET_36,"36.69,33.13,26.69,43.10,41.67,TARGET_36"
2026-05-13T15:02:51,4091.18,36.63,33.13,26.69,50.24,41.41,,TARGET_36,"36.63,33.13,26.69,50.24,41.41,TARGET_36"
2026-05-13T15:02:52,4092.47,36.69,33.13,26.69,48.9,41.6,,TARGET_36,"36.69,33.13,26.69,48.90,41.60,TARGET_36"
2026-05-13T15:02:53,4093.75,36.63,33.13,26.69,51.36,41.36,,TARGET_36,"36.63,33.13,26.69,51.36,41.36,TARGET_36"
2026-05-13T15:02:55,4095.04,36.69,33.13,26.69,55.94,41.57,,TARGET_36,"36.69,33.13,26.69,55.94,41.57,TARGET_36"
2026-05-13T15:02:56,4096.33,36.63,33.13,26.69,50.58,41.33,,TARGET_36,"36.63,33.13,26.69,50.58,41.33,TARGET_36"
2026-05-13T15:02:57,4097.61,36.63,33.13,26.69,57.43,41.15,,TARGET_36,"36.63,33.13,26.69,57.43,41.15,TARGET_36"
2026-05-13T15:02:59,4098.9,36.69,33.13,26.69,56.57,41.41,,TARGET_36,"36.69,33.13,26.69,56.57,41.41,TARGET_36"
2026-05-13T15:03:00,4100.19,36.69,33.13,26.69,55.63,41.61,,TARGET_36,"36.69,33.13,26.69,55.63,41.61,TARGET_36"
2026-05-13T15:03:01,4101.47,36.69,33.13,26.69,57.65,41.75,,TARGET_36,"36.69,33.13,26.69,57.65,41.75,TARGET_36"
2026-05-13T15:03:02,4102.76,36.69,33.13,26.69,44.66,41.86,,TARGET_36,"36.69,33.13,26.69,44.66,41.86,TARGET_36"
2026-05-13T15:03:04,4104.04,36.63,33.13,26.69,46.66,41.55,,TARGET_36,"36.63,33.13,26.69,46.66,41.55,TARGET_36"
2026-05-13T15:03:05,4105.33,36.69,33.13,26.69,49.27,41.71,,TARGET_36,"36.69,33.13,26.69,49.27,41.71,TARGET_36"
2026-05-13T15:03:06,4106.62,36.69,33.13,26.69,53.91,41.83,,TARGET_36,"36.69,33.13,26.69,53.91,41.83,TARGET_36"
2026-05-13T15:03:08,4107.9,36.69,33.13,26.69,44.96,41.92,,TARGET_36,"36.69,33.13,26.69,44.96,41.92,TARGET_36"
2026-05-13T15:03:09,4109.19,36.69,33.13,26.69,52.19,41.99,,TARGET_36,"36.69,33.13,26.69,52.19,41.99,TARGET_36"
2026-05-13T15:03:10,4110.47,36.69,33.13,26.69,53.27,42.04,,TARGET_36,"36.69,33.13,26.69,53.27,42.04,TARGET_36"
2026-05-13T15:03:11,4111.76,36.69,33.13,26.69,49.51,42.07,,TARGET_36,"36.69,33.13,26.69,49.51,42.07,TARGET_36"
2026-05-13T15:03:13,4113.04,36.63,33.13,26.69,52.2,41.71,,TARGET_36,"36.63,33.13,26.69,52.20,41.71,TARGET_36"
2026-05-13T15:03:14,4114.33,36.69,33.13,26.75,55.68,41.83,,TARGET_36,"36.69,33.13,26.75,55.68,41.83,TARGET_36"
2026-05-13T15:03:15,4115.62,36.69,33.13,26.69,49.27,41.92,,TARGET_36,"36.69,33.13,26.69,49.27,41.92,TARGET_36"
2026-05-13T15:03:17,4116.9,36.69,33.13,26.75,43.71,41.99,,TARGET_36,"36.69,33.13,26.75,43.71,41.99,TARGET_36"
2026-05-13T15:03:18,4118.19,36.69,33.13,26.75,52.28,42.04,,TARGET_36,"36.69,33.13,26.75,52.28,42.04,TARGET_36"
2026-05-13T15:03:19,4119.47,36.69,33.13,26.69,54.51,42.07,,TARGET_36,"36.69,33.13,26.69,54.51,42.07,TARGET_36"
2026-05-13T15:03:20,4120.76,36.69,33.13,26.69,59.01,42.1,,TARGET_36,"36.69,33.13,26.69,59.01,42.10,TARGET_36"
2026-05-13T15:03:22,4122.05,36.69,33.13,26.69,51.8,42.12,,TARGET_36,"36.69,33.13,26.69,51.80,42.12,TARGET_36"
2026-05-13T15:03:23,4123.33,36.69,33.13,26.69,44.72,42.14,,TARGET_36,"36.69,33.13,26.69,44.72,42.14,TARGET_36"
2026-05-13T15:03:24,4124.62,36.69,33.13,26.69,42.49,42.15,,TARGET_36,"36.69,33.13,26.69,42.49,42.15,TARGET_36"
2026-05-13T15:03:26,4125.9,36.69,33.13,26.69,47.0,42.16,,TARGET_36,"36.69,33.13,26.69,47.00,42.16,TARGET_36"
2026-05-13T15:03:27,4127.19,36.69,33.13,26.69,54.2,42.17,,TARGET_36,"36.69,33.13,26.69,54.20,42.17,TARGET_36"
2026-05-13T15:03:28,4128.48,36.63,33.13,26.69,58.88,41.78,,TARGET_36,"36.63,33.13,26.69,58.88,41.78,TARGET_36"
2026-05-13T15:03:29,4129.76,36.69,33.13,26.69,60.15,41.88,,TARGET_36,"36.69,33.13,26.69,60.15,41.88,TARGET_36"
2026-05-13T15:03:31,4131.05,36.63,33.13,26.69,52.26,41.57,,TARGET_36,"36.63,33.13,26.69,52.26,41.57,TARGET_36"
2026-05-13T15:03:32,4132.33,36.69,33.13,26.69,54.5,41.72,,TARGET_36,"36.69,33.13,26.69,54.50,41.72,TARGET_36"
2026-05-13T15:03:33,4133.62,36.69,33.13,26.69,58.4,41.84,,TARGET_36,"36.69,33.13,26.69,58.40,41.84,TARGET_36"
2026-05-13T15:03:35,4134.91,36.69,33.13,26.69,54.56,41.93,,TARGET_36,"36.69,33.13,26.69,54.56,41.93,TARGET_36"
2026-05-13T15:03:36,4136.19,36.69,33.13,26.69,53.02,41.99,,TARGET_36,"36.69,33.13,26.69,53.02,41.99,TARGET_36"
2026-05-13T15:03:37,4137.48,36.63,33.13,26.69,56.01,41.65,,TARGET_36,"36.63,33.13,26.69,56.01,41.65,TARGET_36"
2026-05-13T15:03:38,4138.76,36.69,33.13,26.69,59.6,41.78,,TARGET_36,"36.69,33.13,26.69,59.60,41.78,TARGET_36"
2026-05-13T15:03:40,4140.05,36.69,33.06,26.69,55.64,41.89,,TARGET_36,"36.69,33.06,26.69,55.64,41.89,TARGET_36"
2026-05-13T15:03:41,4141.34,36.63,33.13,26.69,38.46,41.57,,TARGET_36,"36.63,33.13,26.69,38.46,41.57,TARGET_36"
2026-05-13T15:03:42,4142.62,36.63,33.13,26.69,48.98,41.33,,TARGET_36,"36.63,33.13,26.69,48.98,41.33,TARGET_36"
2026-05-13T15:03:44,4143.91,36.69,33.13,26.69,48.99,41.55,,TARGET_36,"36.69,33.13,26.69,48.99,41.55,TARGET_36"
2026-05-13T15:03:45,4145.19,36.69,33.06,26.69,48.4,41.71,,TARGET_36,"36.69,33.06,26.69,48.40,41.71,TARGET_36"
2026-05-13T15:03:46,4146.48,36.69,33.13,26.69,49.36,41.83,,TARGET_36,"36.69,33.13,26.69,49.36,41.83,TARGET_36"
2026-05-13T15:03:47,4147.77,36.63,33.13,26.69,41.94,41.53,,TARGET_36,"36.63,33.13,26.69,41.94,41.53,TARGET_36"
2026-05-13T15:03:49,4149.05,36.69,33.13,26.69,43.78,41.69,,TARGET_36,"36.69,33.13,26.69,43.78,41.69,TARGET_36"
2026-05-13T15:03:50,4150.34,36.69,33.13,26.69,39.11,41.82,,TARGET_36,"36.69,33.13,26.69,39.11,41.82,TARGET_36"
2026-05-13T15:03:51,4151.62,36.69,33.13,26.69,51.64,41.91,,TARGET_36,"36.69,33.13,26.69,51.64,41.91,TARGET_36"
2026-05-13T15:03:53,4152.91,36.69,33.13,26.69,53.06,41.98,,TARGET_36,"36.69,33.13,26.69,53.06,41.98,TARGET_36"
2026-05-13T15:03:54,4154.2,36.69,33.13,26.69,48.82,42.03,,TARGET_36,"36.69,33.13,26.69,48.82,42.03,TARGET_36"
2026-05-13T15:03:55,4155.48,36.63,33.13,26.69,45.93,41.68,,TARGET_36,"36.63,33.13,26.69,45.93,41.68,TARGET_36"
2026-05-13T15:03:56,4156.77,36.69,33.13,26.69,54.37,41.81,,TARGET_36,"36.69,33.13,26.69,54.37,41.81,TARGET_36"
2026-05-13T15:03:58,4158.05,36.69,33.13,26.69,55.35,41.9,,TARGET_36,"36.69,33.13,26.69,55.35,41.90,TARGET_36"
2026-05-13T15:03:59,4159.34,36.69,33.13,26.69,58.14,41.97,,TARGET_36,"36.69,33.13,26.69,58.14,41.97,TARGET_36"
2026-05-13T15:04:00,4160.63,36.69,33.13,26.69,57.46,42.03,,TARGET_36,"36.69,33.13,26.69,57.46,42.03,TARGET_36"
2026-05-13T15:04:02,4161.91,36.69,33.13,26.69,41.58,42.07,,TARGET_36,"36.69,33.13,26.69,41.58,42.07,TARGET_36"
2026-05-13T15:04:03,4163.2,36.69,33.13,26.69,50.23,42.1,,TARGET_36,"36.69,33.13,26.69,50.23,42.10,TARGET_36"
2026-05-13T15:04:04,4164.48,36.69,33.13,26.62,50.69,42.12,,TARGET_36,"36.69,33.13,26.62,50.69,42.12,TARGET_36"
2026-05-13T15:04:05,4165.77,36.69,33.13,26.69,55.68,42.14,,TARGET_36,"36.69,33.13,26.69,55.68,42.14,TARGET_36"
2026-05-13T15:04:07,4167.05,36.69,33.13,26.69,42.67,42.15,,TARGET_36,"36.69,33.13,26.69,42.67,42.15,TARGET_36"
2026-05-13T15:04:08,4168.34,36.69,33.13,26.69,47.07,42.16,,TARGET_36,"36.69,33.13,26.69,47.07,42.16,TARGET_36"
2026-05-13T15:04:09,4169.63,36.69,33.13,26.69,39.23,42.17,,TARGET_36,"36.69,33.13,26.69,39.23,42.17,TARGET_36"
2026-05-13T15:04:11,4170.91,36.69,33.13,26.62,48.69,42.17,,TARGET_36,"36.69,33.13,26.62,48.69,42.17,TARGET_36"
2026-05-13T15:04:12,4172.2,36.69,33.13,26.62,52.48,42.18,,TARGET_36,"36.69,33.13,26.62,52.48,42.18,TARGET_36"
2026-05-13T15:04:13,4173.48,36.69,33.06,26.69,55.79,42.18,,TARGET_36,"36.69,33.06,26.69,55.79,42.18,TARGET_36"
2026-05-13T15:04:14,4174.77,36.69,33.13,26.69,60.12,42.18,,TARGET_36,"36.69,33.13,26.69,60.12,42.18,TARGET_36"
2026-05-13T15:04:16,4176.06,36.69,33.13,26.69,52.25,42.18,,TARGET_36,"36.69,33.13,26.69,52.25,42.18,TARGET_36"
2026-05-13T15:04:17,4177.34,36.69,33.13,26.69,42.5,42.18,,TARGET_36,"36.69,33.13,26.69,42.50,42.18,TARGET_36"
2026-05-13T15:04:18,4178.63,36.69,33.13,26.69,47.6,42.18,,TARGET_36,"36.69,33.13,26.69,47.60,42.18,TARGET_36"
2026-05-13T15:04:20,4179.91,36.69,33.13,26.69,43.64,42.19,,TARGET_36,"36.69,33.13,26.69,43.64,42.19,TARGET_36"
2026-05-13T15:04:21,4181.2,36.69,33.06,26.69,47.46,42.19,,TARGET_36,"36.69,33.06,26.69,47.46,42.19,TARGET_36"
2026-05-13T15:04:22,4182.49,36.69,33.13,26.62,55.58,42.19,,TARGET_36,"36.69,33.13,26.62,55.58,42.19,TARGET_36"
2026-05-13T15:04:23,4183.77,36.69,33.06,26.69,56.43,42.19,,TARGET_36,"36.69,33.06,26.69,56.43,42.19,TARGET_36"
2026-05-13T15:04:25,4185.06,36.69,33.06,26.62,59.77,42.19,,TARGET_36,"36.69,33.06,26.62,59.77,42.19,TARGET_36"
2026-05-13T15:04:26,4186.34,36.69,33.06,26.69,61.11,42.19,,TARGET_36,"36.69,33.06,26.69,61.11,42.19,TARGET_36"
2026-05-13T15:04:27,4187.63,36.69,33.06,26.69,62.24,42.19,,TARGET_36,"36.69,33.06,26.69,62.24,42.19,TARGET_36"
2026-05-13T15:04:29,4188.92,36.69,33.06,26.62,48.3,42.19,,TARGET_36,"36.69,33.06,26.62,48.30,42.19,TARGET_36"
2026-05-13T15:04:30,4190.2,36.69,33.13,26.62,49.92,42.19,,TARGET_36,"36.69,33.13,26.62,49.92,42.19,TARGET_36"
2026-05-13T15:04:31,4191.49,36.69,33.06,26.62,35.57,42.19,,TARGET_36,"36.69,33.06,26.62,35.57,42.19,TARGET_36"
2026-05-13T15:04:32,4192.77,36.69,33.06,26.62,52.63,42.19,,TARGET_36,"36.69,33.06,26.62,52.63,42.19,TARGET_36"
2026-05-13T15:04:34,4194.06,36.69,33.06,26.62,54.65,42.19,,TARGET_36,"36.69,33.06,26.62,54.65,42.19,TARGET_36"
2026-05-13T15:04:35,4195.35,36.69,33.06,26.62,55.46,42.19,,TARGET_36,"36.69,33.06,26.62,55.46,42.19,TARGET_36"
2026-05-13T15:04:36,4196.63,36.69,33.13,26.62,51.58,42.19,,TARGET_36,"36.69,33.13,26.62,51.58,42.19,TARGET_36"
2026-05-13T15:04:38,4197.92,36.69,33.06,26.69,51.83,42.19,,TARGET_36,"36.69,33.06,26.69,51.83,42.19,TARGET_36"
2026-05-13T15:04:39,4199.2,36.69,33.13,26.69,45.93,42.19,,TARGET_36,"36.69,33.13,26.69,45.93,42.19,TARGET_36"
2026-05-13T15:04:40,4200.49,36.69,33.13,26.62,36.97,42.19,,TARGET_36,"36.69,33.13,26.62,36.97,42.19,TARGET_36"
2026-05-13T15:04:41,4201.78,36.69,33.13,26.62,48.39,42.19,,TARGET_36,"36.69,33.13,26.62,48.39,42.19,TARGET_36"
2026-05-13T15:04:43,4203.06,36.69,33.13,26.62,56.56,42.19,,TARGET_36,"36.69,33.13,26.62,56.56,42.19,TARGET_36"
2026-05-13T15:04:44,4204.35,36.69,33.13,26.62,40.02,42.19,,TARGET_36,"36.69,33.13,26.62,40.02,42.19,TARGET_36"
2026-05-13T15:04:45,4205.63,36.69,33.13,26.62,50.81,42.19,,TARGET_36,"36.69,33.13,26.62,50.81,42.19,TARGET_36"
2026-05-13T15:04:47,4206.92,36.69,33.13,26.62,53.92,42.19,,TARGET_36,"36.69,33.13,26.62,53.92,42.19,TARGET_36"
2026-05-13T15:04:48,4208.2,36.69,33.13,26.62,40.77,42.19,,TARGET_36,"36.69,33.13,26.62,40.77,42.19,TARGET_36"
2026-05-13T15:04:49,4209.49,36.69,33.13,26.62,49.31,42.19,,TARGET_36,"36.69,33.13,26.62,49.31,42.19,TARGET_36"
2026-05-13T15:04:50,4210.78,36.63,33.13,26.62,55.12,41.8,,TARGET_36,"36.63,33.13,26.62,55.12,41.80,TARGET_36"
2026-05-13T15:04:52,4212.06,36.69,33.13,26.62,42.45,41.89,,TARGET_36,"36.69,33.13,26.62,42.45,41.89,TARGET_36"
2026-05-13T15:04:53,4213.35,36.69,33.13,26.62,37.98,41.97,,TARGET_36,"36.69,33.13,26.62,37.98,41.97,TARGET_36"
2026-05-13T15:04:54,4214.64,36.69,33.13,26.62,48.19,42.02,,TARGET_36,"36.69,33.13,26.62,48.19,42.02,TARGET_36"
2026-05-13T15:04:56,4215.92,36.69,33.13,26.62,49.88,42.06,,TARGET_36,"36.69,33.13,26.62,49.88,42.06,TARGET_36"
2026-05-13T15:04:57,4217.21,36.69,33.13,26.62,49.95,42.09,,TARGET_36,"36.69,33.13,26.62,49.95,42.09,TARGET_36"
2026-05-13T15:04:58,4218.49,36.69,33.13,26.62,53.58,42.12,,TARGET_36,"36.69,33.13,26.62,53.58,42.12,TARGET_36"
2026-05-13T15:04:59,4219.78,36.69,33.13,26.62,50.23,42.14,,TARGET_36,"36.69,33.13,26.62,50.23,42.14,TARGET_36"
2026-05-13T15:05:01,4221.06,36.69,33.13,26.62,55.49,42.15,,TARGET_36,"36.69,33.13,26.62,55.49,42.15,TARGET_36"
2026-05-13T15:05:02,4222.35,36.69,33.06,26.62,46.2,42.16,,TARGET_36,"36.69,33.06,26.62,46.20,42.16,TARGET_36"
2026-05-13T15:05:03,4223.64,36.69,33.13,26.62,41.88,42.17,,TARGET_36,"36.69,33.13,26.62,41.88,42.17,TARGET_36"
2026-05-13T15:05:05,4224.92,36.69,33.06,26.62,38.95,42.17,,TARGET_36,"36.69,33.06,26.62,38.95,42.17,TARGET_36"
2026-05-13T15:05:06,4226.21,36.69,33.13,26.62,44.98,42.18,,TARGET_36,"36.69,33.13,26.62,44.98,42.18,TARGET_36"
2026-05-13T15:05:07,4227.49,36.69,33.13,26.62,47.39,42.18,,TARGET_36,"36.69,33.13,26.62,47.39,42.18,TARGET_36"
2026-05-13T15:05:08,4228.78,36.69,33.13,26.56,50.16,42.18,,TARGET_36,"36.69,33.13,26.56,50.16,42.18,TARGET_36"
2026-05-13T15:05:10,4230.07,36.69,33.13,26.62,54.86,42.18,,TARGET_36,"36.69,33.13,26.62,54.86,42.18,TARGET_36"
2026-05-13T15:05:11,4231.35,36.69,33.06,26.62,35.15,42.18,,TARGET_36,"36.69,33.06,26.62,35.15,42.18,TARGET_36"
