timestamp,time_s,T_CPU,T_CASE,T_AMBIENT,amplitude,noise
2026-05-11T14:14:28,1.94,34.69,25.62,25.31,318.0,56.0
2026-05-11T14:14:29,3.19,34.69,25.62,25.31,287.0,49.0
2026-05-11T14:14:31,4.44,34.69,25.62,25.31,311.0,55.0
2026-05-11T14:14:32,5.69,34.69,25.62,25.31,329.0,59.0
2026-05-11T14:14:33,6.95,34.69,25.62,25.31,298.0,51.0
2026-05-11T14:14:34,8.2,34.69,25.62,25.31,311.0,55.0
2026-05-11T14:14:36,9.45,34.63,25.69,25.31,316.0,56.0
2026-05-11T14:14:37,10.7,34.63,25.62,25.31,325.0,58.0
2026-05-11T14:14:38,11.95,34.63,25.69,25.31,281.0,47.0
2026-05-11T14:14:39,13.2,34.63,25.69,25.31,303.0,53.0
2026-05-11T14:14:41,14.46,34.63,25.69,25.31,334.0,60.0
2026-05-11T14:14:42,15.71,34.63,25.69,25.31,299.0,52.0
2026-05-11T14:14:43,16.96,34.63,25.69,25.31,335.0,60.0
2026-05-11T14:14:44,18.21,34.63,25.69,25.31,318.0,56.0
2026-05-11T14:14:46,19.46,34.63,25.69,25.31,307.0,54.0
2026-05-11T14:14:47,20.71,34.63,25.69,25.31,344.0,62.0
2026-05-11T14:14:48,21.97,34.63,25.69,25.31,307.0,54.0
2026-05-11T14:14:49,23.22,34.63,25.75,25.31,280.0,47.0
2026-05-11T14:14:51,24.47,34.63,25.69,25.31,300.0,52.0
2026-05-11T14:14:52,25.72,34.63,25.69,25.31,291.0,50.0
2026-05-11T14:14:53,26.97,34.63,25.69,25.31,300.0,52.0
2026-05-11T14:14:54,28.22,34.56,25.75,25.31,301.0,52.0
2026-05-11T14:14:56,29.48,34.56,25.75,25.31,309.0,54.0
2026-05-11T14:14:57,30.73,34.56,25.75,25.31,313.0,55.0
2026-05-11T14:14:58,31.98,34.56,25.75,25.31,324.0,58.0
2026-05-11T14:14:59,33.23,34.5,25.75,25.31,299.0,52.0
2026-05-11T14:15:01,34.48,34.5,25.75,25.31,315.0,55.0
2026-05-11T14:15:02,35.73,34.5,25.75,25.31,313.0,55.0
2026-05-11T14:15:03,36.99,34.5,25.75,25.31,314.0,55.0
2026-05-11T14:15:04,38.24,34.5,25.75,25.31,290.0,50.0
2026-05-11T14:15:06,39.49,34.5,25.75,25.31,317.0,56.0
2026-05-11T14:15:07,40.74,34.5,25.75,25.31,324.0,58.0
2026-05-11T14:15:08,41.99,34.56,25.75,25.31,270.0,45.0
2026-05-11T14:15:09,43.25,34.5,25.75,25.31,299.0,52.0
2026-05-11T14:15:11,44.5,34.5,25.75,25.31,300.0,52.0
2026-05-11T14:15:12,45.75,34.5,25.75,25.31,302.0,52.0
2026-05-11T14:15:13,47.0,34.5,25.75,25.31,294.0,50.0
2026-05-11T14:15:14,48.25,34.5,25.81,25.31,292.0,50.0
2026-05-11T14:15:16,49.5,34.5,25.81,25.31,299.0,52.0
2026-05-11T14:15:17,50.76,34.5,25.75,25.31,318.0,56.0
2026-05-11T14:15:18,52.01,34.5,25.81,25.31,301.0,52.0
2026-05-11T14:15:19,53.26,34.5,25.81,25.31,327.0,58.0
2026-05-11T14:15:21,54.51,34.5,25.81,25.31,330.0,59.0
2026-05-11T14:15:22,55.76,34.44,25.81,25.31,294.0,50.0
2026-05-11T14:15:23,57.01,34.5,25.81,25.31,317.0,56.0
2026-05-11T14:15:24,58.27,34.5,25.81,25.31,297.0,51.0
2026-05-11T14:15:26,59.52,34.5,25.81,25.31,310.0,54.0
2026-05-11T14:15:27,60.77,34.44,25.81,25.31,302.0,52.0
2026-05-11T14:15:28,62.02,34.44,25.81,25.31,290.0,50.0
2026-05-11T14:15:29,63.27,34.44,25.81,25.31,308.0,54.0
2026-05-11T14:15:31,64.53,34.44,25.81,25.31,313.0,55.0
2026-05-11T14:15:32,65.78,34.44,25.81,25.31,311.0,55.0
2026-05-11T14:15:33,67.03,34.44,25.81,25.31,280.0,47.0
2026-05-11T14:15:34,68.28,34.5,25.81,25.31,285.0,48.0
2026-05-11T14:15:36,69.53,34.5,25.81,25.31,299.0,52.0
2026-05-11T14:15:37,70.78,34.5,25.87,25.31,296.0,51.0
2026-05-11T14:15:38,72.04,34.5,25.87,25.31,270.0,45.0
2026-05-11T14:15:39,73.29,34.5,25.87,25.31,291.0,50.0
2026-05-11T14:15:41,74.54,34.5,25.87,25.31,314.0,55.0
2026-05-11T14:15:42,75.79,34.56,25.87,25.31,292.0,50.0
2026-05-11T14:15:43,77.04,34.63,25.87,25.31,303.0,53.0
2026-05-11T14:15:44,78.3,34.63,25.87,25.31,304.0,53.0
2026-05-11T14:15:46,79.55,34.63,25.87,25.31,264.0,43.0
2026-05-11T14:15:47,80.8,34.69,25.87,25.31,329.0,59.0
2026-05-11T14:15:48,82.05,34.69,25.87,25.31,262.0,43.0
2026-05-11T14:15:49,83.3,34.75,25.87,25.31,332.0,60.0
2026-05-11T14:15:51,84.55,34.81,25.87,25.31,291.0,50.0
2026-05-11T14:15:52,85.81,34.81,25.87,25.31,322.0,57.0
2026-05-11T14:15:53,87.06,34.88,25.94,25.31,321.0,57.0
2026-05-11T14:15:54,88.31,34.94,25.87,25.31,316.0,56.0
2026-05-11T14:15:56,89.56,34.94,25.87,25.31,310.0,54.0
2026-05-11T14:15:57,90.81,35.0,25.87,25.31,274.0,46.0
2026-05-11T14:15:58,92.06,35.06,25.87,25.31,307.0,54.0
2026-05-11T14:15:59,93.32,35.06,25.87,25.31,206.0,30.0
2026-05-11T14:16:01,94.57,35.19,25.94,25.31,308.0,54.0
2026-05-11T14:16:02,95.82,35.19,25.94,25.31,327.0,58.0
2026-05-11T14:16:03,97.07,35.25,25.94,25.31,329.0,59.0
2026-05-11T14:16:04,98.32,35.25,25.94,25.31,293.0,50.0
2026-05-11T14:16:06,99.57,35.38,25.94,25.31,314.0,55.0
2026-05-11T14:16:07,100.83,35.38,25.94,25.31,317.0,56.0
2026-05-11T14:16:08,102.08,35.44,25.94,25.31,309.0,54.0
2026-05-11T14:16:09,103.33,35.5,25.94,25.31,303.0,53.0
2026-05-11T14:16:11,104.58,35.5,25.94,25.31,287.0,49.0
2026-05-11T14:16:12,105.83,35.63,25.94,25.31,316.0,56.0
2026-05-11T14:16:13,107.09,35.63,25.94,25.31,310.0,54.0
2026-05-11T14:16:14,108.34,35.69,25.94,25.31,338.0,61.0
2026-05-11T14:16:16,109.59,35.75,25.94,25.31,306.0,53.0
2026-05-11T14:16:17,110.84,35.81,25.94,25.31,319.0,56.0
2026-05-11T14:16:18,112.09,35.88,26.0,25.31,335.0,60.0
2026-05-11T14:16:19,113.34,35.88,25.94,25.31,331.0,59.0
2026-05-11T14:16:21,114.6,35.94,25.94,25.31,333.0,60.0
2026-05-11T14:16:22,115.85,36.0,26.0,25.31,302.0,52.0
2026-05-11T14:16:23,117.1,36.06,26.0,25.31,321.0,57.0
2026-05-11T14:16:24,118.35,36.13,26.0,25.31,324.0,58.0
2026-05-11T14:16:26,119.6,36.19,26.0,25.31,294.0,50.0
2026-05-11T14:16:27,120.85,36.19,26.0,25.31,301.0,52.0
2026-05-11T14:16:28,122.11,36.31,26.0,25.31,264.0,43.0
2026-05-11T14:16:30,123.36,36.31,26.0,25.31,306.0,53.0
2026-05-11T14:16:31,124.61,36.38,26.0,25.31,307.0,54.0
2026-05-11T14:16:32,125.86,36.44,26.0,25.31,330.0,59.0
2026-05-11T14:16:33,127.11,36.5,26.0,25.31,327.0,58.0
2026-05-11T14:16:35,128.36,36.5,26.0,25.31,329.0,59.0
2026-05-11T14:16:36,129.62,36.56,26.0,25.31,322.0,57.0
2026-05-11T14:16:37,130.87,36.63,26.0,25.31,296.0,51.0
2026-05-11T14:16:38,132.12,36.63,26.0,25.25,313.0,55.0
2026-05-11T14:16:40,133.37,36.69,26.0,25.31,301.0,52.0
2026-05-11T14:16:41,134.62,36.69,26.06,25.31,310.0,54.0
2026-05-11T14:16:42,135.88,36.75,26.06,25.31,321.0,57.0
2026-05-11T14:16:43,137.13,36.75,26.0,25.31,324.0,58.0
2026-05-11T14:16:45,138.38,36.81,26.0,25.31,329.0,59.0
2026-05-11T14:16:46,139.63,36.81,26.06,25.31,333.0,60.0
2026-05-11T14:16:47,140.88,36.81,26.06,25.31,324.0,58.0
2026-05-11T14:16:48,142.13,36.81,26.06,25.31,314.0,55.0
2026-05-11T14:16:50,143.39,36.88,26.06,25.31,300.0,52.0
2026-05-11T14:16:51,144.64,36.88,26.06,25.31,341.0,62.0
2026-05-11T14:16:52,145.89,36.88,26.06,25.31,337.0,61.0
2026-05-11T14:16:53,147.14,36.88,26.06,25.31,326.0,58.0
2026-05-11T14:16:55,148.39,36.88,26.06,25.31,326.0,58.0
2026-05-11T14:16:56,149.64,36.88,26.06,25.31,298.0,51.0
2026-05-11T14:16:57,150.9,36.88,26.06,25.31,302.0,52.0
2026-05-11T14:16:58,152.15,36.94,26.06,25.31,312.0,55.0
2026-05-11T14:17:00,153.4,36.88,26.06,25.31,308.0,54.0
2026-05-11T14:17:01,154.65,36.88,26.06,25.31,307.0,54.0
2026-05-11T14:17:02,155.9,36.88,26.06,25.31,306.0,53.0
2026-05-11T14:17:03,157.16,36.94,26.12,25.31,327.0,58.0
2026-05-11T14:17:05,158.41,36.88,26.06,25.31,303.0,53.0
2026-05-11T14:17:06,159.66,36.88,26.12,25.31,309.0,54.0
2026-05-11T14:17:07,160.91,36.94,26.12,25.31,326.0,58.0
2026-05-11T14:17:08,162.16,36.94,26.12,25.31,300.0,52.0
2026-05-11T14:17:10,163.41,36.88,26.12,25.31,317.0,56.0
2026-05-11T14:17:11,164.66,36.88,26.12,25.31,302.0,52.0
2026-05-11T14:17:12,165.92,36.88,26.12,25.31,312.0,55.0
2026-05-11T14:17:13,167.17,36.88,26.12,25.31,314.0,55.0
2026-05-11T14:17:15,168.42,36.88,26.12,25.31,307.0,54.0
2026-05-11T14:17:16,169.67,36.88,26.12,25.31,324.0,58.0
2026-05-11T14:17:17,170.92,36.88,26.12,25.31,318.0,56.0
2026-05-11T14:17:18,172.18,36.88,26.12,25.31,293.0,50.0
2026-05-11T14:17:20,173.43,36.88,26.12,25.31,313.0,55.0
2026-05-11T14:17:21,174.68,36.88,26.12,25.31,324.0,58.0
2026-05-11T14:17:22,175.93,36.88,26.12,25.31,315.0,55.0
2026-05-11T14:17:23,177.18,36.88,26.12,25.31,309.0,54.0
2026-05-11T14:17:25,178.44,36.81,26.12,25.31,305.0,53.0
2026-05-11T14:17:26,179.69,36.88,26.12,25.31,302.0,52.0
2026-05-11T14:17:27,180.94,36.81,26.12,25.31,296.0,51.0
2026-05-11T14:17:28,182.19,36.81,26.12,25.31,329.0,59.0
2026-05-11T14:17:30,183.44,36.81,26.12,25.31,259.0,42.0
2026-05-11T14:17:31,184.69,36.81,26.12,25.31,335.0,60.0
2026-05-11T14:17:32,185.95,36.81,26.19,25.31,264.0,43.0
2026-05-11T14:17:33,187.2,36.75,26.19,25.31,323.0,57.0
2026-05-11T14:17:35,188.45,36.75,26.12,25.31,289.0,49.0
2026-05-11T14:17:36,189.7,36.81,26.19,25.31,319.0,56.0
2026-05-11T14:17:37,190.95,36.75,26.19,25.31,321.0,57.0
2026-05-11T14:17:38,192.2,36.75,26.19,25.31,303.0,53.0
2026-05-11T14:17:40,193.46,36.75,26.19,25.31,301.0,52.0
2026-05-11T14:17:41,194.71,36.75,26.19,25.31,324.0,58.0
2026-05-11T14:17:42,195.96,36.75,26.19,25.31,305.0,53.0
2026-05-11T14:17:43,197.21,36.69,26.19,25.31,287.0,49.0
2026-05-11T14:17:45,198.46,36.69,26.19,25.31,301.0,52.0
2026-05-11T14:17:46,199.71,36.69,26.19,25.31,282.0,48.0
2026-05-11T14:17:47,200.97,36.69,26.19,25.31,327.0,58.0
2026-05-11T14:17:48,202.22,36.63,26.19,25.31,293.0,50.0
2026-05-11T14:17:50,203.47,36.69,26.19,25.31,308.0,54.0
2026-05-11T14:17:51,204.72,36.69,26.25,25.37,310.0,54.0
2026-05-11T14:17:52,205.97,36.63,26.19,25.31,322.0,57.0
2026-05-11T14:17:53,207.22,36.63,26.25,25.31,296.0,51.0
2026-05-11T14:17:55,208.48,36.63,26.19,25.31,334.0,60.0
2026-05-11T14:17:56,209.73,36.63,26.19,25.31,301.0,52.0
2026-05-11T14:17:57,210.98,36.63,26.19,25.31,312.0,55.0
2026-05-11T14:17:58,212.23,36.56,26.25,25.37,316.0,56.0
2026-05-11T14:18:00,213.48,36.63,26.19,25.31,303.0,53.0
2026-05-11T14:18:01,214.74,36.63,26.19,25.31,300.0,52.0
2026-05-11T14:18:02,215.99,36.63,26.19,25.31,306.0,53.0
2026-05-11T14:18:03,217.24,36.5,26.25,25.31,297.0,51.0
2026-05-11T14:18:05,218.49,36.56,26.25,25.31,317.0,56.0
2026-05-11T14:18:06,219.74,36.5,26.25,25.37,286.0,49.0
2026-05-11T14:18:07,220.99,36.5,26.25,25.31,315.0,55.0
2026-05-11T14:18:08,222.25,36.5,26.25,25.31,335.0,60.0
2026-05-11T14:18:10,223.5,36.5,26.25,25.31,227.0,35.0
2026-05-11T14:18:11,224.75,36.44,26.25,25.31,297.0,51.0
2026-05-11T14:18:12,226.0,36.5,26.25,25.31,307.0,54.0
2026-05-11T14:18:13,227.25,36.44,26.25,25.37,341.0,62.0
2026-05-11T14:18:15,228.5,36.44,26.25,25.31,323.0,57.0
2026-05-11T14:18:16,229.76,36.44,26.25,25.37,322.0,57.0
2026-05-11T14:18:17,231.01,36.44,26.25,25.31,306.0,53.0
2026-05-11T14:18:18,232.26,36.38,26.25,25.37,302.0,52.0
2026-05-11T14:18:20,233.51,36.38,26.25,25.31,344.0,62.0
2026-05-11T14:18:21,234.76,36.38,26.31,25.31,305.0,53.0
2026-05-11T14:18:22,236.02,36.38,26.25,25.31,324.0,58.0
2026-05-11T14:18:23,237.27,36.38,26.31,25.31,303.0,53.0
2026-05-11T14:18:25,238.52,36.38,26.31,25.31,292.0,50.0
2026-05-11T14:18:26,239.77,36.31,26.31,25.37,323.0,57.0
2026-05-11T14:18:27,241.02,36.31,26.31,25.31,336.0,60.0
2026-05-11T14:18:28,242.27,36.31,26.31,25.31,302.0,52.0
2026-05-11T14:18:30,243.53,36.31,26.31,25.31,293.0,50.0
2026-05-11T14:18:31,244.78,36.31,26.31,25.37,294.0,50.0
2026-05-11T14:18:32,246.03,36.31,26.31,25.31,302.0,52.0
2026-05-11T14:18:33,247.28,36.25,26.31,25.37,304.0,53.0
2026-05-11T14:18:35,248.53,36.31,26.31,25.37,337.0,61.0
2026-05-11T14:18:36,249.78,36.25,26.31,25.37,297.0,51.0
2026-05-11T14:18:37,251.04,36.31,26.31,25.31,243.0,38.0
2026-05-11T14:18:38,252.29,36.31,26.31,25.31,329.0,59.0
2026-05-11T14:18:40,253.54,36.31,26.31,25.37,325.0,58.0
2026-05-11T14:18:41,254.79,36.31,26.31,25.31,317.0,56.0
2026-05-11T14:18:42,256.04,36.31,26.31,25.31,291.0,50.0
2026-05-11T14:18:43,257.3,36.38,26.37,25.31,288.0,49.0
2026-05-11T14:18:45,258.55,36.38,26.37,25.31,284.0,48.0
2026-05-11T14:18:46,259.8,36.38,26.37,25.31,335.0,60.0
2026-05-11T14:18:47,261.05,36.44,26.37,25.31,345.0,63.0
2026-05-11T14:18:48,262.3,36.44,26.37,25.31,343.0,62.0
2026-05-11T14:18:50,263.55,36.5,26.37,25.31,298.0,51.0
2026-05-11T14:18:51,264.81,36.5,26.37,25.37,292.0,50.0
2026-05-11T14:18:52,266.06,36.56,26.37,25.31,307.0,54.0
2026-05-11T14:18:53,267.31,36.56,26.37,25.37,280.0,47.0
2026-05-11T14:18:55,268.56,36.63,26.37,25.37,327.0,58.0
2026-05-11T14:18:56,269.81,36.69,26.37,25.37,310.0,54.0
2026-05-11T14:18:57,271.06,36.69,26.37,25.37,297.0,51.0
2026-05-11T14:18:58,272.32,36.75,26.37,25.31,311.0,55.0
2026-05-11T14:19:00,273.57,36.81,26.37,25.31,288.0,49.0
2026-05-11T14:19:01,274.82,36.81,26.37,25.37,323.0,57.0
2026-05-11T14:19:02,276.07,36.88,26.37,25.31,317.0,56.0
2026-05-11T14:19:03,277.32,36.88,26.37,25.31,312.0,55.0
2026-05-11T14:19:05,278.57,36.94,26.44,25.31,259.0,42.0
2026-05-11T14:19:06,279.83,37.0,26.37,25.37,314.0,55.0
2026-05-11T14:19:07,281.08,37.0,26.44,25.31,301.0,52.0
2026-05-11T14:19:08,282.33,37.13,26.44,25.31,303.0,53.0
2026-05-11T14:19:10,283.58,37.13,26.44,25.37,319.0,56.0
2026-05-11T14:19:11,284.83,37.19,26.44,25.31,315.0,55.0
2026-05-11T14:19:12,286.09,37.19,26.44,25.37,238.0,37.0
2026-05-11T14:19:13,287.34,37.25,26.44,25.31,273.0,45.0
2026-05-11T14:19:15,288.59,37.25,26.44,25.37,279.0,47.0
2026-05-11T14:19:16,289.84,37.31,26.44,25.37,322.0,57.0
2026-05-11T14:19:17,291.09,37.38,26.44,25.37,318.0,56.0
2026-05-11T14:19:18,292.34,37.44,26.44,25.37,308.0,54.0
2026-05-11T14:19:20,293.6,37.44,26.44,25.31,328.0,59.0
2026-05-11T14:19:21,294.85,37.5,26.44,25.31,300.0,52.0
2026-05-11T14:19:22,296.1,37.56,26.44,25.37,306.0,53.0
2026-05-11T14:19:23,297.35,37.63,26.44,25.37,318.0,56.0
2026-05-11T14:19:25,298.6,37.63,26.44,25.37,336.0,60.0
2026-05-11T14:19:26,299.86,37.69,26.44,25.37,333.0,60.0
2026-05-11T14:19:27,301.11,37.75,26.44,25.37,305.0,53.0
2026-05-11T14:19:29,302.36,37.81,26.5,25.37,317.0,56.0
2026-05-11T14:19:30,303.61,37.88,26.44,25.37,281.0,47.0
2026-05-11T14:19:31,304.86,37.88,26.5,25.37,298.0,51.0
2026-05-11T14:19:32,306.11,37.94,26.5,25.37,316.0,56.0
2026-05-11T14:19:34,307.36,38.0,26.5,25.37,342.0,62.0
2026-05-11T14:19:35,308.62,38.06,26.5,25.37,303.0,53.0
2026-05-11T14:19:36,309.87,38.06,26.5,25.37,334.0,60.0
2026-05-11T14:19:37,311.12,38.13,26.5,25.37,295.0,51.0
2026-05-11T14:19:39,312.37,38.19,26.5,25.37,310.0,54.0
2026-05-11T14:19:40,313.62,38.25,26.5,25.37,273.0,45.0
2026-05-11T14:19:41,314.88,38.25,26.5,25.37,322.0,57.0
2026-05-11T14:19:42,316.13,38.31,26.5,25.37,290.0,50.0
2026-05-11T14:19:44,317.38,38.38,26.5,25.31,327.0,58.0
2026-05-11T14:19:45,318.63,38.44,26.5,25.37,338.0,61.0
2026-05-11T14:19:46,319.88,38.5,26.5,25.37,248.0,40.0
2026-05-11T14:19:47,321.13,38.5,26.5,25.37,313.0,55.0
2026-05-11T14:19:49,322.39,38.56,26.56,25.37,328.0,59.0
2026-05-11T14:19:50,323.64,38.63,26.5,25.37,279.0,47.0
2026-05-11T14:19:51,324.89,38.69,26.56,25.37,335.0,60.0
2026-05-11T14:19:52,326.14,38.69,26.56,25.37,331.0,59.0
2026-05-11T14:19:54,327.39,38.75,26.56,25.31,308.0,54.0
2026-05-11T14:19:55,328.65,38.81,26.5,25.37,306.0,53.0
2026-05-11T14:19:56,329.9,38.88,26.56,25.37,301.0,52.0
2026-05-11T14:19:57,331.15,38.94,26.5,25.37,331.0,59.0
2026-05-11T14:19:59,332.4,38.94,26.56,25.31,285.0,48.0
2026-05-11T14:20:00,333.65,39.0,26.5,25.37,288.0,49.0
2026-05-11T14:20:01,334.9,39.06,26.5,25.37,315.0,55.0
2026-05-11T14:20:02,336.16,39.06,26.56,25.37,305.0,53.0
2026-05-11T14:20:04,337.41,39.13,26.56,25.37,273.0,45.0
2026-05-11T14:20:05,338.66,39.19,26.5,25.37,314.0,55.0
2026-05-11T14:20:06,339.91,39.25,26.56,25.37,333.0,60.0
2026-05-11T14:20:07,341.16,39.31,26.56,25.37,321.0,57.0
2026-05-11T14:20:09,342.41,39.31,26.56,25.37,310.0,54.0
2026-05-11T14:20:10,343.67,39.38,26.56,25.37,289.0,49.0
2026-05-11T14:20:11,344.92,39.44,26.56,25.37,323.0,57.0
2026-05-11T14:20:12,346.17,39.5,26.56,25.37,277.0,46.0
2026-05-11T14:20:14,347.42,39.5,26.56,25.37,292.0,50.0
2026-05-11T14:20:15,348.67,39.56,26.62,25.37,325.0,58.0
2026-05-11T14:20:16,349.93,39.63,26.56,25.37,333.0,60.0
2026-05-11T14:20:17,351.18,39.63,26.62,25.37,321.0,57.0
2026-05-11T14:20:19,352.43,39.69,26.62,25.37,332.0,60.0
2026-05-11T14:20:20,353.68,39.75,26.62,25.37,329.0,59.0
2026-05-11T14:20:21,354.93,39.75,26.62,25.37,337.0,61.0
2026-05-11T14:20:22,356.18,39.81,26.62,25.37,341.0,62.0
2026-05-11T14:20:24,357.44,39.88,26.62,25.37,296.0,51.0
2026-05-11T14:20:25,358.69,39.88,26.62,25.37,322.0,57.0
2026-05-11T14:20:26,359.94,39.94,26.62,25.37,338.0,61.0
2026-05-11T14:20:27,361.19,39.94,26.62,25.37,301.0,52.0
2026-05-11T14:20:29,362.44,40.0,26.62,25.37,332.0,60.0
2026-05-11T14:20:30,363.69,40.06,26.62,25.37,313.0,55.0
2026-05-11T14:20:31,364.95,40.13,26.62,25.37,300.0,52.0
2026-05-11T14:20:32,366.2,40.13,26.62,25.37,309.0,54.0
2026-05-11T14:20:34,367.45,40.19,26.62,25.37,286.0,49.0
2026-05-11T14:20:35,368.7,40.19,26.62,25.37,317.0,56.0
2026-05-11T14:20:36,369.95,40.25,26.62,25.37,320.0,57.0
2026-05-11T14:20:37,371.2,40.25,26.62,25.37,312.0,55.0
2026-05-11T14:20:39,372.46,40.25,26.62,25.37,327.0,58.0
2026-05-11T14:20:40,373.71,40.31,26.62,25.37,302.0,52.0
2026-05-11T14:20:41,374.96,40.31,26.62,25.37,332.0,60.0
2026-05-11T14:20:42,376.21,40.31,26.62,25.37,295.0,51.0
2026-05-11T14:20:44,377.46,40.31,26.62,25.37,307.0,54.0
2026-05-11T14:20:45,378.72,40.31,26.69,25.37,348.0,63.0
2026-05-11T14:20:46,379.97,40.38,26.69,25.37,326.0,58.0
2026-05-11T14:20:47,381.22,40.38,26.69,25.37,300.0,52.0
2026-05-11T14:20:49,382.47,40.38,26.69,25.37,264.0,43.0
2026-05-11T14:20:50,383.72,40.38,26.62,25.37,336.0,60.0
2026-05-11T14:20:51,384.97,40.38,26.69,25.37,259.0,42.0
2026-05-11T14:20:52,386.22,40.38,26.69,25.37,318.0,56.0
2026-05-11T14:20:54,387.48,40.31,26.69,25.37,308.0,54.0
2026-05-11T14:20:55,388.73,40.31,26.69,25.37,325.0,58.0
2026-05-11T14:20:56,389.98,40.31,26.69,25.37,300.0,52.0
2026-05-11T14:20:57,391.23,40.31,26.69,25.37,319.0,56.0
2026-05-11T14:20:59,392.48,40.31,26.69,25.37,345.0,63.0
2026-05-11T14:21:00,393.74,40.31,26.69,25.37,309.0,54.0
2026-05-11T14:21:01,394.99,40.25,26.69,25.37,305.0,53.0
2026-05-11T14:21:02,396.24,40.25,26.75,25.37,329.0,59.0
2026-05-11T14:21:04,397.49,40.25,26.69,25.37,347.0,63.0
2026-05-11T14:21:05,398.74,40.25,26.75,25.37,336.0,60.0
2026-05-11T14:21:06,399.99,40.25,26.75,25.37,315.0,55.0
2026-05-11T14:21:07,401.25,40.19,26.69,25.37,320.0,57.0
2026-05-11T14:21:09,402.5,40.19,26.75,25.37,322.0,57.0
2026-05-11T14:21:10,403.75,40.19,26.75,25.37,300.0,52.0
2026-05-11T14:21:11,405.0,40.19,26.75,25.31,319.0,56.0
2026-05-11T14:21:12,406.25,40.13,26.75,25.37,324.0,58.0
2026-05-11T14:21:14,407.51,40.13,26.75,25.37,276.0,46.0
2026-05-11T14:21:15,408.76,40.13,26.75,25.37,302.0,52.0
2026-05-11T14:21:16,410.01,40.06,26.75,25.37,332.0,60.0
2026-05-11T14:21:17,411.26,40.0,26.75,25.37,300.0,52.0
2026-05-11T14:21:19,412.51,40.0,26.75,25.37,246.0,39.0
2026-05-11T14:21:20,413.76,40.0,26.75,25.37,280.0,47.0
2026-05-11T14:21:21,415.02,40.0,26.75,25.37,293.0,50.0
2026-05-11T14:21:22,416.27,39.94,26.81,25.37,311.0,55.0
2026-05-11T14:21:24,417.52,39.94,26.75,25.37,328.0,59.0
2026-05-11T14:21:25,418.77,39.94,26.75,25.37,311.0,55.0
2026-05-11T14:21:26,420.02,39.88,26.75,25.37,317.0,56.0
2026-05-11T14:21:27,421.27,39.88,26.75,25.37,292.0,50.0
2026-05-11T14:21:29,422.53,39.88,26.75,25.37,340.0,61.0
2026-05-11T14:21:30,423.78,39.81,26.81,25.37,306.0,53.0
2026-05-11T14:21:31,425.03,39.81,26.75,25.37,307.0,54.0
2026-05-11T14:21:32,426.28,39.81,26.81,25.37,287.0,49.0
2026-05-11T14:21:34,427.53,39.75,26.81,25.37,298.0,51.0
2026-05-11T14:21:35,428.79,39.75,26.81,25.37,309.0,54.0
2026-05-11T14:21:36,430.04,39.75,26.75,25.37,273.0,45.0
2026-05-11T14:21:37,431.29,39.69,26.81,25.37,309.0,54.0
2026-05-11T14:21:39,432.54,39.69,26.81,25.37,314.0,55.0
2026-05-11T14:21:40,433.79,39.63,26.81,25.37,328.0,59.0
2026-05-11T14:21:41,435.04,39.63,26.81,25.37,305.0,53.0
2026-05-11T14:21:42,436.3,39.63,26.81,25.37,318.0,56.0
2026-05-11T14:21:44,437.55,39.56,26.81,25.37,312.0,55.0
2026-05-11T14:21:45,438.8,39.56,26.81,25.37,298.0,51.0
2026-05-11T14:21:46,440.05,39.5,26.81,25.37,337.0,61.0
2026-05-11T14:21:47,441.3,39.5,26.81,25.37,296.0,51.0
2026-05-11T14:21:49,442.55,39.5,26.81,25.37,302.0,52.0
2026-05-11T14:21:50,443.81,39.44,26.81,25.37,316.0,56.0
2026-05-11T14:21:51,445.06,39.44,26.81,25.37,308.0,54.0
2026-05-11T14:21:52,446.31,39.44,26.81,25.37,273.0,45.0
2026-05-11T14:21:54,447.56,39.38,26.81,25.37,310.0,54.0
2026-05-11T14:21:55,448.81,39.38,26.81,25.37,213.0,31.0
2026-05-11T14:21:56,450.07,39.31,26.81,25.37,307.0,54.0
2026-05-11T14:21:57,451.32,39.31,26.87,25.37,306.0,53.0
2026-05-11T14:21:59,452.57,39.31,26.81,25.37,312.0,55.0
2026-05-11T14:22:00,453.82,39.25,26.87,25.37,320.0,57.0
2026-05-11T14:22:01,455.07,39.25,26.87,25.37,304.0,53.0
2026-05-11T14:22:02,456.32,39.19,26.81,25.37,306.0,53.0
2026-05-11T14:22:04,457.57,39.19,26.87,25.37,320.0,57.0
2026-05-11T14:22:05,458.83,39.19,26.87,25.37,312.0,55.0
2026-05-11T14:22:06,460.08,39.13,26.87,25.37,301.0,52.0
2026-05-11T14:22:07,461.33,39.13,26.87,25.37,318.0,56.0
2026-05-11T14:22:09,462.58,39.13,26.87,25.37,281.0,47.0
2026-05-11T14:22:10,463.83,39.06,26.87,25.37,268.0,44.0
2026-05-11T14:22:11,465.09,39.06,26.87,25.37,317.0,56.0
2026-05-11T14:22:12,466.34,39.0,26.87,25.37,284.0,48.0
2026-05-11T14:22:14,467.59,39.0,26.87,25.37,321.0,57.0
2026-05-11T14:22:15,468.84,39.0,26.87,25.37,299.0,52.0
2026-05-11T14:22:16,470.09,38.94,26.87,25.37,264.0,43.0
2026-05-11T14:22:17,471.35,38.94,26.87,25.37,296.0,51.0
2026-05-11T14:22:19,472.6,38.94,26.87,25.37,320.0,57.0
2026-05-11T14:22:20,473.85,38.88,26.87,25.37,331.0,59.0
2026-05-11T14:22:21,475.1,38.88,26.87,25.37,301.0,52.0
2026-05-11T14:22:22,476.35,38.81,26.87,25.37,333.0,60.0
2026-05-11T14:22:24,477.6,38.81,26.87,25.37,254.0,41.0
2026-05-11T14:22:25,478.86,38.81,26.87,25.37,323.0,57.0
2026-05-11T14:22:26,480.11,38.81,26.87,25.37,304.0,53.0
2026-05-11T14:22:28,481.36,38.75,26.87,25.37,319.0,56.0
2026-05-11T14:22:29,482.61,38.75,26.87,25.37,284.0,48.0
2026-05-11T14:22:30,483.86,38.69,26.87,25.37,337.0,61.0
2026-05-11T14:22:31,485.11,38.69,26.94,25.37,330.0,59.0
2026-05-11T14:22:33,486.37,38.69,26.87,25.37,295.0,51.0
2026-05-11T14:22:34,487.62,38.69,26.94,25.37,313.0,55.0
2026-05-11T14:22:35,488.87,38.69,26.94,25.37,324.0,58.0
2026-05-11T14:22:36,490.12,38.63,26.94,25.37,290.0,50.0
2026-05-11T14:22:38,491.37,38.63,26.94,25.37,318.0,56.0
2026-05-11T14:22:39,492.62,38.63,26.87,25.37,319.0,56.0
2026-05-11T14:22:40,493.88,38.63,26.87,25.37,313.0,55.0
2026-05-11T14:22:41,495.13,38.63,26.94,25.37,279.0,47.0
2026-05-11T14:22:43,496.38,38.63,26.94,25.37,323.0,57.0
2026-05-11T14:22:44,497.63,38.63,26.94,25.37,300.0,52.0
2026-05-11T14:22:45,498.88,38.63,26.94,25.37,331.0,59.0
2026-05-11T14:22:46,500.14,38.69,26.94,25.37,323.0,57.0
2026-05-11T14:22:48,501.39,38.69,26.94,25.37,306.0,53.0
2026-05-11T14:22:49,502.64,38.69,26.94,25.37,334.0,60.0
2026-05-11T14:22:50,503.89,38.75,26.94,25.37,317.0,56.0
2026-05-11T14:22:51,505.14,38.75,26.94,25.37,336.0,60.0
2026-05-11T14:22:53,506.39,38.75,26.94,25.37,311.0,55.0
2026-05-11T14:22:54,507.65,38.75,26.94,25.37,293.0,50.0
2026-05-11T14:22:55,508.9,38.81,26.94,25.37,300.0,52.0
2026-05-11T14:22:56,510.15,38.81,26.94,25.37,324.0,58.0
2026-05-11T14:22:58,511.4,38.88,26.94,25.37,325.0,58.0
2026-05-11T14:22:59,512.65,38.88,26.94,25.37,315.0,55.0
2026-05-11T14:23:00,513.9,38.94,26.94,25.37,310.0,54.0
2026-05-11T14:23:01,515.16,38.94,26.94,25.37,336.0,60.0
2026-05-11T14:23:03,516.41,39.0,26.94,25.37,287.0,49.0
2026-05-11T14:23:04,517.66,39.0,27.0,25.37,310.0,54.0
2026-05-11T14:23:05,518.91,39.0,27.0,25.37,272.0,45.0
2026-05-11T14:23:06,520.16,39.06,27.0,25.37,297.0,51.0
2026-05-11T14:23:08,521.41,39.13,27.0,25.37,319.0,56.0
2026-05-11T14:23:09,522.67,39.13,27.0,25.37,318.0,56.0
2026-05-11T14:23:10,523.92,39.19,27.0,25.37,283.0,48.0
2026-05-11T14:23:11,525.17,39.19,26.94,25.37,335.0,60.0
2026-05-11T14:23:13,526.42,39.25,27.0,25.37,321.0,57.0
2026-05-11T14:23:14,527.67,39.25,27.0,25.37,271.0,45.0
2026-05-11T14:23:15,528.93,39.31,27.0,25.37,332.0,60.0
2026-05-11T14:23:16,530.18,39.38,27.0,25.37,292.0,50.0
2026-05-11T14:23:18,531.43,39.38,27.0,25.37,326.0,58.0
2026-05-11T14:23:19,532.68,39.44,27.0,25.37,256.0,41.0
2026-05-11T14:23:20,533.93,39.5,27.0,25.37,293.0,50.0
2026-05-11T14:23:21,535.18,39.5,27.0,25.37,308.0,54.0
2026-05-11T14:23:23,536.44,39.56,27.0,25.37,303.0,53.0
2026-05-11T14:23:24,537.69,39.63,27.0,25.37,334.0,60.0
2026-05-11T14:23:25,538.94,39.63,27.0,25.37,293.0,50.0
2026-05-11T14:23:26,540.19,39.63,27.0,25.37,311.0,55.0
2026-05-11T14:23:28,541.44,39.69,27.0,25.37,318.0,56.0
2026-05-11T14:23:29,542.7,39.75,27.0,25.37,268.0,44.0
2026-05-11T14:23:30,543.95,39.75,27.0,25.37,294.0,50.0
2026-05-11T14:23:31,545.2,39.81,27.0,25.37,257.0,42.0
2026-05-11T14:23:33,546.45,39.88,27.0,25.37,342.0,62.0
2026-05-11T14:23:34,547.7,39.88,27.06,25.37,313.0,55.0
2026-05-11T14:23:35,548.95,39.94,27.06,25.37,305.0,53.0
2026-05-11T14:23:36,550.21,40.0,27.0,25.37,359.0,66.0
2026-05-11T14:23:38,551.46,40.0,27.06,25.37,327.0,58.0
2026-05-11T14:23:39,552.71,40.06,27.06,25.37,286.0,49.0
2026-05-11T14:23:40,553.96,40.06,27.06,25.37,311.0,55.0
2026-05-11T14:23:41,555.21,40.13,27.06,25.37,313.0,55.0
2026-05-11T14:23:43,556.46,40.19,27.06,25.37,304.0,53.0
2026-05-11T14:23:44,557.72,40.25,27.06,25.37,306.0,53.0
2026-05-11T14:23:45,558.97,40.25,27.06,25.37,336.0,60.0
2026-05-11T14:23:46,560.22,40.31,27.06,25.37,337.0,61.0
2026-05-11T14:23:48,561.47,40.31,27.06,25.37,337.0,61.0
2026-05-11T14:23:49,562.72,40.38,27.06,25.37,284.0,48.0
2026-05-11T14:23:50,563.97,40.44,27.06,25.37,296.0,51.0
2026-05-11T14:23:51,565.23,40.44,27.06,25.37,316.0,56.0
2026-05-11T14:23:53,566.48,40.5,27.06,25.37,319.0,56.0
2026-05-11T14:23:54,567.73,40.56,27.06,25.37,308.0,54.0
2026-05-11T14:23:55,568.98,40.56,27.06,25.37,311.0,55.0
2026-05-11T14:23:56,570.23,40.63,27.06,25.37,306.0,53.0
2026-05-11T14:23:58,571.48,40.69,27.06,25.37,322.0,57.0
2026-05-11T14:23:59,572.74,40.69,27.06,25.37,327.0,58.0
2026-05-11T14:24:00,573.99,40.75,27.06,25.37,320.0,57.0
2026-05-11T14:24:01,575.24,40.81,27.06,25.37,339.0,61.0
2026-05-11T14:24:03,576.49,40.81,27.06,25.37,295.0,51.0
2026-05-11T14:24:04,577.74,40.88,27.06,25.37,308.0,54.0
2026-05-11T14:24:05,579.0,40.88,27.06,25.37,284.0,48.0
2026-05-11T14:24:06,580.25,40.94,27.06,25.37,317.0,56.0
2026-05-11T14:24:08,581.5,40.94,27.06,25.37,319.0,56.0
2026-05-11T14:24:09,582.75,41.0,27.06,25.37,301.0,52.0
2026-05-11T14:24:10,584.0,41.0,27.06,25.37,344.0,62.0
2026-05-11T14:24:11,585.25,41.06,27.12,25.37,308.0,54.0
2026-05-11T14:24:13,586.51,41.13,27.06,25.37,344.0,62.0
2026-05-11T14:24:14,587.76,41.19,27.06,25.37,337.0,61.0
2026-05-11T14:24:15,589.01,41.19,27.12,25.37,300.0,52.0
2026-05-11T14:24:16,590.26,41.25,27.12,25.37,287.0,49.0
2026-05-11T14:24:18,591.51,41.25,27.06,25.37,314.0,55.0
2026-05-11T14:24:19,592.76,41.31,27.06,25.37,312.0,55.0
2026-05-11T14:24:20,594.02,41.38,27.12,25.37,320.0,57.0
2026-05-11T14:24:21,595.27,41.38,27.12,25.37,318.0,56.0
2026-05-11T14:24:23,596.52,41.44,27.06,25.37,330.0,59.0
2026-05-11T14:24:24,597.77,41.44,27.12,25.37,311.0,55.0
2026-05-11T14:24:25,599.02,41.5,27.12,25.37,312.0,55.0
2026-05-11T14:24:26,600.28,41.5,27.12,25.37,317.0,56.0
2026-05-11T14:24:28,601.53,41.56,27.12,25.37,299.0,52.0
2026-05-11T14:24:29,602.78,41.63,27.12,25.37,298.0,51.0
2026-05-11T14:24:30,604.03,41.63,27.12,25.37,304.0,53.0
2026-05-11T14:24:31,605.28,41.63,27.12,25.37,314.0,55.0
2026-05-11T14:24:33,606.53,41.69,27.12,25.37,299.0,52.0
2026-05-11T14:24:34,607.79,41.75,27.12,25.37,302.0,52.0
2026-05-11T14:24:35,609.04,41.75,27.12,25.37,307.0,54.0
2026-05-11T14:24:36,610.29,41.81,27.12,25.37,283.0,48.0
2026-05-11T14:24:38,611.54,41.81,27.12,25.37,322.0,57.0
2026-05-11T14:24:39,612.79,41.88,27.12,25.37,340.0,61.0
2026-05-11T14:24:40,614.04,41.88,27.12,25.37,303.0,53.0
2026-05-11T14:24:41,615.3,41.94,27.12,25.37,293.0,50.0
2026-05-11T14:24:43,616.55,41.94,27.12,25.37,309.0,54.0
2026-05-11T14:24:44,617.8,42.0,27.12,25.37,323.0,57.0
2026-05-11T14:24:45,619.05,42.0,27.12,25.37,285.0,48.0
2026-05-11T14:24:46,620.3,42.06,27.12,25.37,305.0,53.0
2026-05-11T14:24:48,621.55,42.13,27.12,25.44,329.0,59.0
2026-05-11T14:24:49,622.81,42.13,27.12,25.37,274.0,46.0
2026-05-11T14:24:50,624.06,42.19,27.12,25.37,301.0,52.0
2026-05-11T14:24:51,625.31,42.19,27.19,25.37,304.0,53.0
2026-05-11T14:24:53,626.56,42.19,27.12,25.37,328.0,59.0
2026-05-11T14:24:54,627.81,42.25,27.12,25.44,298.0,51.0
2026-05-11T14:24:55,629.07,42.25,27.12,25.37,320.0,57.0
2026-05-11T14:24:56,630.32,42.31,27.12,25.37,311.0,55.0
2026-05-11T14:24:58,631.57,42.38,27.12,25.37,308.0,54.0
2026-05-11T14:24:59,632.82,42.38,27.19,25.37,323.0,57.0
2026-05-11T14:25:00,634.07,42.38,27.12,25.44,293.0,50.0
2026-05-11T14:25:01,635.32,42.44,27.12,25.44,327.0,58.0
2026-05-11T14:25:03,636.58,42.44,27.12,25.37,308.0,54.0
2026-05-11T14:25:04,637.83,42.5,27.12,25.37,330.0,59.0
2026-05-11T14:25:05,639.08,42.5,27.12,25.37,318.0,56.0
2026-05-11T14:25:06,640.33,42.56,27.19,25.44,295.0,51.0
2026-05-11T14:25:08,641.58,42.63,27.19,25.37,305.0,53.0
2026-05-11T14:25:09,642.83,42.63,27.19,25.37,314.0,55.0
2026-05-11T14:25:10,644.09,42.63,27.19,25.44,327.0,58.0
2026-05-11T14:25:11,645.34,42.69,27.19,25.37,319.0,56.0
2026-05-11T14:25:13,646.59,42.69,27.19,25.37,320.0,57.0
2026-05-11T14:25:14,647.84,42.75,27.19,25.44,332.0,60.0
2026-05-11T14:25:15,649.09,42.75,27.25,25.37,322.0,57.0
2026-05-11T14:25:16,650.35,42.81,27.19,25.44,333.0,60.0
2026-05-11T14:25:18,651.6,42.81,27.19,25.37,297.0,51.0
2026-05-11T14:25:19,652.85,42.81,27.19,25.37,316.0,56.0
2026-05-11T14:25:20,654.1,42.88,27.19,25.44,312.0,55.0
2026-05-11T14:25:21,655.35,42.88,27.19,25.44,320.0,57.0
2026-05-11T14:25:23,656.6,42.94,27.19,25.44,300.0,52.0
2026-05-11T14:25:24,657.86,42.94,27.19,25.37,287.0,49.0
2026-05-11T14:25:25,659.11,43.0,27.19,25.44,326.0,58.0
2026-05-11T14:25:27,660.36,43.0,27.19,25.37,298.0,51.0
2026-05-11T14:25:28,661.61,43.0,27.19,25.44,273.0,45.0
2026-05-11T14:25:29,662.86,43.06,27.25,25.37,324.0,58.0
2026-05-11T14:25:30,664.11,43.06,27.19,25.37,335.0,60.0
2026-05-11T14:25:32,665.37,43.06,27.19,25.44,280.0,47.0
2026-05-11T14:25:33,666.62,43.13,27.25,25.37,300.0,52.0
2026-05-11T14:25:34,667.87,43.19,27.19,25.37,288.0,49.0
2026-05-11T14:25:35,669.12,43.13,27.25,25.37,310.0,54.0
2026-05-11T14:25:37,670.37,43.19,27.19,25.44,305.0,53.0
2026-05-11T14:25:38,671.63,43.19,27.25,25.37,321.0,57.0
2026-05-11T14:25:39,672.88,43.19,27.25,25.44,318.0,56.0
2026-05-11T14:25:40,674.13,43.19,27.25,25.37,338.0,61.0
2026-05-11T14:25:42,675.38,43.19,27.25,25.44,322.0,57.0
2026-05-11T14:25:43,676.63,43.19,27.19,25.37,301.0,52.0
2026-05-11T14:25:44,677.88,43.19,27.19,25.37,298.0,51.0
2026-05-11T14:25:45,679.14,43.13,27.25,25.44,295.0,51.0
2026-05-11T14:25:47,680.39,43.13,27.25,25.44,314.0,55.0
2026-05-11T14:25:48,681.64,43.13,27.25,25.44,340.0,61.0
2026-05-11T14:25:49,682.89,43.13,27.25,25.44,302.0,52.0
2026-05-11T14:25:50,684.14,43.13,27.25,25.37,347.0,63.0
2026-05-11T14:25:52,685.4,43.06,27.19,25.44,311.0,55.0
2026-05-11T14:25:53,686.65,43.06,27.25,25.44,315.0,55.0
2026-05-11T14:25:54,687.9,43.06,27.25,25.37,335.0,60.0
2026-05-11T14:25:55,689.15,43.0,27.25,25.44,314.0,55.0
2026-05-11T14:25:57,690.4,43.0,27.25,25.44,328.0,59.0
2026-05-11T14:25:58,691.65,43.0,27.25,25.44,280.0,47.0
2026-05-11T14:25:59,692.9,42.94,27.19,25.44,319.0,56.0
2026-05-11T14:26:00,694.16,42.94,27.25,25.37,303.0,53.0
2026-05-11T14:26:02,695.41,42.94,27.25,25.44,323.0,57.0
2026-05-11T14:26:03,696.66,42.88,27.25,25.44,317.0,56.0
2026-05-11T14:26:04,697.91,42.88,27.25,25.44,324.0,58.0
2026-05-11T14:26:05,699.16,42.81,27.25,25.37,291.0,50.0
2026-05-11T14:26:07,700.42,42.81,27.25,25.44,299.0,52.0
2026-05-11T14:26:08,701.67,42.75,27.25,25.44,321.0,57.0
2026-05-11T14:26:09,702.92,42.75,27.25,25.44,300.0,52.0
2026-05-11T14:26:10,704.17,42.69,27.25,25.44,306.0,53.0
2026-05-11T14:26:12,705.42,42.69,27.25,25.44,279.0,47.0
2026-05-11T14:26:13,706.67,42.69,27.25,25.44,312.0,55.0
2026-05-11T14:26:14,707.93,42.63,27.25,25.44,282.0,48.0
2026-05-11T14:26:15,709.18,42.56,27.25,25.44,288.0,49.0
2026-05-11T14:26:17,710.43,42.5,27.25,25.44,323.0,57.0
2026-05-11T14:26:18,711.68,42.5,27.25,25.37,305.0,53.0
2026-05-11T14:26:19,712.93,42.44,27.25,25.44,321.0,57.0
2026-05-11T14:26:20,714.18,42.44,27.25,25.44,291.0,50.0
2026-05-11T14:26:22,715.44,42.38,27.25,25.44,302.0,52.0
2026-05-11T14:26:23,716.69,42.38,27.25,25.44,315.0,55.0
2026-05-11T14:26:24,717.94,42.31,27.25,25.44,316.0,56.0
2026-05-11T14:26:25,719.19,42.31,27.25,25.44,306.0,53.0
2026-05-11T14:26:27,720.44,42.25,27.25,25.44,290.0,50.0
2026-05-11T14:26:28,721.7,42.19,27.25,25.44,328.0,59.0
2026-05-11T14:26:29,722.95,42.19,27.25,25.44,244.0,39.0
2026-05-11T14:26:30,724.2,42.13,27.25,25.44,304.0,53.0
2026-05-11T14:26:32,725.45,42.13,27.25,25.44,333.0,60.0
2026-05-11T14:26:33,726.7,42.0,27.25,25.44,334.0,60.0
2026-05-11T14:26:34,727.95,42.0,27.25,25.44,301.0,52.0
2026-05-11T14:26:35,729.21,42.0,27.25,25.44,304.0,53.0
2026-05-11T14:26:37,730.46,41.94,27.25,25.44,337.0,61.0
2026-05-11T14:26:38,731.71,41.94,27.25,25.44,339.0,61.0
2026-05-11T14:26:39,732.96,41.88,27.25,25.44,315.0,55.0
2026-05-11T14:26:40,734.21,41.88,27.25,25.44,301.0,52.0
2026-05-11T14:26:42,735.46,41.81,27.25,25.44,290.0,50.0
2026-05-11T14:26:43,736.72,41.75,27.25,25.44,291.0,50.0
2026-05-11T14:26:44,737.97,41.75,27.25,25.44,291.0,50.0
2026-05-11T14:26:45,739.22,41.69,27.25,25.44,311.0,55.0
2026-05-11T14:26:47,740.47,41.63,27.25,25.44,320.0,57.0
2026-05-11T14:26:48,741.72,41.63,27.25,25.44,321.0,57.0
2026-05-11T14:26:49,742.98,41.56,27.25,25.44,333.0,60.0
2026-05-11T14:26:50,744.23,41.5,27.25,25.44,311.0,55.0
2026-05-11T14:26:52,745.48,41.5,27.25,25.44,326.0,58.0
2026-05-11T14:26:53,746.73,41.44,27.25,25.44,343.0,62.0
2026-05-11T14:26:54,747.98,41.44,27.25,25.44,318.0,56.0
2026-05-11T14:26:55,749.23,41.44,27.25,25.44,335.0,60.0
2026-05-11T14:26:57,750.49,41.38,27.25,25.44,332.0,60.0
2026-05-11T14:26:58,751.74,41.31,27.25,25.44,334.0,60.0
2026-05-11T14:26:59,752.99,41.25,27.25,25.44,306.0,53.0
2026-05-11T14:27:00,754.24,41.25,27.25,25.44,312.0,55.0
2026-05-11T14:27:02,755.49,41.19,27.25,25.44,315.0,55.0
2026-05-11T14:27:03,756.75,41.19,27.25,25.44,343.0,62.0
2026-05-11T14:27:04,758.0,41.13,27.31,25.44,334.0,60.0
2026-05-11T14:27:05,759.25,41.13,27.25,25.44,328.0,59.0
2026-05-11T14:27:07,760.5,41.06,27.31,25.44,338.0,61.0
2026-05-11T14:27:08,761.75,41.0,27.25,25.44,326.0,58.0
2026-05-11T14:27:09,763.0,41.0,27.25,25.44,312.0,55.0
2026-05-11T14:27:10,764.26,40.94,27.25,25.44,296.0,51.0
2026-05-11T14:27:12,765.51,40.94,27.25,25.44,295.0,51.0
2026-05-11T14:27:13,766.76,40.88,27.31,25.44,297.0,51.0
2026-05-11T14:27:14,768.01,40.88,27.25,25.44,322.0,57.0
2026-05-11T14:27:15,769.26,40.81,27.31,25.44,325.0,58.0
2026-05-11T14:27:17,770.51,40.81,27.31,25.44,313.0,55.0
2026-05-11T14:27:18,771.77,40.75,27.25,25.44,321.0,57.0
2026-05-11T14:27:19,773.02,40.75,27.31,25.44,312.0,55.0
2026-05-11T14:27:20,774.27,40.69,27.31,25.5,336.0,60.0
2026-05-11T14:27:22,775.52,40.69,27.25,25.44,323.0,57.0
2026-05-11T14:27:23,776.77,40.63,27.31,25.44,351.0,64.0
2026-05-11T14:27:24,778.03,40.63,27.31,25.44,317.0,56.0
2026-05-11T14:27:25,779.28,40.56,27.31,25.44,325.0,58.0
2026-05-11T14:27:27,780.53,40.5,27.31,25.44,339.0,61.0
2026-05-11T14:27:28,781.78,40.5,27.31,25.44,325.0,58.0
2026-05-11T14:27:29,783.03,40.44,27.31,25.44,306.0,53.0
2026-05-11T14:27:30,784.28,40.44,27.31,25.44,316.0,56.0
2026-05-11T14:27:32,785.53,40.44,27.31,25.44,304.0,53.0
2026-05-11T14:27:33,786.79,40.38,27.31,25.44,310.0,54.0
2026-05-11T14:27:34,788.04,40.38,27.31,25.44,316.0,56.0
2026-05-11T14:27:35,789.29,40.38,27.31,25.44,316.0,56.0
2026-05-11T14:27:37,790.54,40.31,27.31,25.44,320.0,57.0
2026-05-11T14:27:38,791.79,40.31,27.31,25.44,313.0,55.0
2026-05-11T14:27:39,793.05,40.31,27.31,25.44,318.0,56.0
2026-05-11T14:27:40,794.3,40.31,27.31,25.44,325.0,58.0
2026-05-11T14:27:42,795.55,40.31,27.31,25.44,334.0,60.0
2026-05-11T14:27:43,796.8,40.31,27.31,25.44,309.0,54.0
2026-05-11T14:27:44,798.05,40.31,27.31,25.44,326.0,58.0
2026-05-11T14:27:45,799.3,40.31,27.31,25.5,312.0,55.0
2026-05-11T14:27:47,800.56,40.31,27.31,25.5,316.0,56.0
2026-05-11T14:27:48,801.81,40.38,27.31,25.44,333.0,60.0
2026-05-11T14:27:49,803.06,40.38,27.31,25.44,333.0,60.0
2026-05-11T14:27:50,804.31,40.38,27.31,25.5,318.0,56.0
2026-05-11T14:27:52,805.56,40.38,27.31,25.5,316.0,56.0
2026-05-11T14:27:53,806.82,40.38,27.31,25.5,329.0,59.0
2026-05-11T14:27:54,808.07,40.44,27.31,25.5,309.0,54.0
2026-05-11T14:27:55,809.32,40.44,27.31,25.5,328.0,59.0
2026-05-11T14:27:57,810.57,40.44,27.31,25.5,324.0,58.0
2026-05-11T14:27:58,811.82,40.44,27.31,25.5,301.0,52.0
2026-05-11T14:27:59,813.07,40.5,27.31,25.5,328.0,59.0
2026-05-11T14:28:00,814.33,40.5,27.31,25.5,309.0,54.0
2026-05-11T14:28:02,815.58,40.56,27.31,25.5,330.0,59.0
2026-05-11T14:28:03,816.83,40.56,27.31,25.5,317.0,56.0
2026-05-11T14:28:04,818.08,40.56,27.31,25.5,323.0,57.0
2026-05-11T14:28:05,819.33,40.63,27.31,25.5,334.0,60.0
2026-05-11T14:28:07,820.59,40.63,27.31,25.44,305.0,53.0
2026-05-11T14:28:08,821.84,40.69,27.37,25.5,284.0,48.0
2026-05-11T14:28:09,823.09,40.69,27.37,25.5,340.0,61.0
2026-05-11T14:28:10,824.34,40.75,27.31,25.5,342.0,62.0
2026-05-11T14:28:12,825.59,40.75,27.37,25.44,316.0,56.0
2026-05-11T14:28:13,826.84,40.75,27.31,25.5,314.0,55.0
2026-05-11T14:28:14,828.09,40.81,27.37,25.5,324.0,58.0
2026-05-11T14:28:15,829.35,40.88,27.37,25.5,295.0,51.0
2026-05-11T14:28:17,830.6,40.88,27.37,25.5,315.0,55.0
2026-05-11T14:28:18,831.85,40.88,27.37,25.5,312.0,55.0
2026-05-11T14:28:19,833.1,40.94,27.37,25.5,336.0,60.0
2026-05-11T14:28:20,834.35,40.94,27.31,25.5,300.0,52.0
2026-05-11T14:28:22,835.61,41.0,27.37,25.5,294.0,50.0
2026-05-11T14:28:23,836.86,41.0,27.37,25.5,333.0,60.0
2026-05-11T14:28:24,838.11,41.0,27.37,25.5,323.0,57.0
2026-05-11T14:28:26,839.36,41.13,27.37,25.5,318.0,56.0
2026-05-11T14:28:27,840.61,41.13,27.37,25.5,305.0,53.0
2026-05-11T14:28:28,841.86,41.19,27.37,25.5,318.0,56.0
2026-05-11T14:28:29,843.12,41.19,27.37,25.5,309.0,54.0
2026-05-11T14:28:31,844.37,41.25,27.37,25.5,296.0,51.0
2026-05-11T14:28:32,845.62,41.25,27.37,25.5,322.0,57.0
2026-05-11T14:28:33,846.87,41.31,27.37,25.5,327.0,58.0
2026-05-11T14:28:34,848.12,41.31,27.37,25.5,335.0,60.0
2026-05-11T14:28:36,849.37,41.38,27.37,25.5,316.0,56.0
2026-05-11T14:28:37,850.63,41.38,27.37,25.5,270.0,45.0
2026-05-11T14:28:38,851.88,41.44,27.37,25.5,302.0,52.0
2026-05-11T14:28:39,853.13,41.44,27.37,25.5,309.0,54.0
2026-05-11T14:28:41,854.38,41.5,27.37,25.5,312.0,55.0
2026-05-11T14:28:42,855.63,41.5,27.37,25.5,302.0,52.0
2026-05-11T14:28:43,856.89,41.56,27.37,25.5,300.0,52.0
2026-05-11T14:28:44,858.14,41.63,27.37,25.5,227.0,35.0
2026-05-11T14:28:46,859.39,41.63,27.37,25.5,339.0,61.0
2026-05-11T14:28:47,860.64,41.63,27.37,25.5,302.0,52.0
2026-05-11T14:28:48,861.89,41.69,27.37,25.5,352.0,64.0
2026-05-11T14:28:49,863.14,41.69,27.37,25.5,322.0,57.0
2026-05-11T14:28:51,864.4,41.75,27.37,25.5,317.0,56.0
2026-05-11T14:28:52,865.65,41.75,27.37,25.5,337.0,61.0
2026-05-11T14:28:53,866.9,41.81,27.37,25.5,279.0,47.0
2026-05-11T14:28:54,868.15,41.88,27.37,25.5,328.0,59.0
2026-05-11T14:28:56,869.4,41.88,27.37,25.5,278.0,47.0
2026-05-11T14:28:57,870.65,41.94,27.37,25.5,320.0,57.0
2026-05-11T14:28:58,871.91,41.94,27.37,25.5,283.0,48.0
2026-05-11T14:28:59,873.16,42.0,27.44,25.5,317.0,56.0
2026-05-11T14:29:01,874.41,42.0,27.37,25.5,310.0,54.0
2026-05-11T14:29:02,875.66,42.06,27.37,25.5,320.0,57.0
2026-05-11T14:29:03,876.91,42.06,27.44,25.5,254.0,41.0
2026-05-11T14:29:04,878.16,42.13,27.37,25.5,298.0,51.0
2026-05-11T14:29:06,879.42,42.19,27.37,25.5,321.0,57.0
2026-05-11T14:29:07,880.67,42.19,27.37,25.5,322.0,57.0
2026-05-11T14:29:08,881.92,42.25,27.37,25.5,322.0,57.0
2026-05-11T14:29:09,883.17,42.25,27.37,25.5,305.0,53.0
2026-05-11T14:29:11,884.42,42.25,27.37,25.5,317.0,56.0
2026-05-11T14:29:12,885.68,42.31,27.37,25.5,329.0,59.0
2026-05-11T14:29:13,886.93,42.38,27.37,25.5,308.0,54.0
2026-05-11T14:29:14,888.18,42.38,27.44,25.5,305.0,53.0
2026-05-11T14:29:16,889.43,42.44,27.37,25.5,308.0,54.0
2026-05-11T14:29:17,890.68,42.44,27.37,25.5,315.0,55.0
2026-05-11T14:29:18,891.93,42.5,27.37,25.5,315.0,55.0
2026-05-11T14:29:19,893.19,42.5,27.44,25.5,299.0,52.0
2026-05-11T14:29:21,894.44,42.5,27.44,25.5,339.0,61.0
2026-05-11T14:29:22,895.69,42.56,27.44,25.5,337.0,61.0
2026-05-11T14:29:23,896.94,42.63,27.44,25.5,336.0,60.0
2026-05-11T14:29:24,898.19,42.69,27.44,25.5,290.0,50.0
2026-05-11T14:29:26,899.45,42.69,27.37,25.5,299.0,52.0
2026-05-11T14:29:27,900.7,42.69,27.44,25.5,304.0,53.0
2026-05-11T14:29:28,901.95,42.75,27.37,25.5,337.0,61.0
2026-05-11T14:29:29,903.2,42.75,27.37,25.5,288.0,49.0
2026-05-11T14:29:31,904.45,42.75,27.44,25.5,336.0,60.0
2026-05-11T14:29:32,905.7,42.81,27.44,25.5,308.0,54.0
2026-05-11T14:29:33,906.96,42.88,27.44,25.5,335.0,60.0
2026-05-11T14:29:34,908.21,42.88,27.44,25.5,337.0,61.0
2026-05-11T14:29:36,909.46,42.88,27.44,25.5,330.0,59.0
2026-05-11T14:29:37,910.71,42.94,27.44,25.5,265.0,44.0
2026-05-11T14:29:38,911.96,42.94,27.44,25.5,319.0,56.0
2026-05-11T14:29:39,913.21,43.0,27.44,25.5,333.0,60.0
2026-05-11T14:29:41,914.47,43.0,27.44,25.5,301.0,52.0
2026-05-11T14:29:42,915.72,43.06,27.44,25.5,299.0,52.0
2026-05-11T14:29:43,916.97,43.06,27.44,25.5,324.0,58.0
2026-05-11T14:29:44,918.22,43.13,27.37,25.5,355.0,65.0
2026-05-11T14:29:46,919.47,43.13,27.44,25.5,331.0,59.0
2026-05-11T14:29:47,920.73,43.19,27.44,25.5,313.0,55.0
2026-05-11T14:29:48,921.98,43.19,27.44,25.5,345.0,63.0
2026-05-11T14:29:49,923.23,43.19,27.44,25.5,327.0,58.0
2026-05-11T14:29:51,924.48,43.31,27.44,25.5,319.0,56.0
2026-05-11T14:29:52,925.73,43.31,27.44,25.5,324.0,58.0
2026-05-11T14:29:53,926.98,43.31,27.44,25.5,316.0,56.0
2026-05-11T14:29:54,928.24,43.31,27.37,25.5,313.0,55.0
2026-05-11T14:29:56,929.49,43.38,27.44,25.5,257.0,42.0
2026-05-11T14:29:57,930.74,43.44,27.44,25.5,315.0,55.0
2026-05-11T14:29:58,931.99,43.44,27.44,25.5,290.0,50.0
2026-05-11T14:29:59,933.24,43.44,27.44,25.5,322.0,57.0
2026-05-11T14:30:01,934.49,43.5,27.44,25.5,335.0,60.0
2026-05-11T14:30:02,935.75,43.5,27.44,25.5,331.0,59.0
2026-05-11T14:30:03,937.0,43.5,27.44,25.56,322.0,57.0
2026-05-11T14:30:04,938.25,43.5,27.44,25.5,320.0,57.0
2026-05-11T14:30:06,939.5,43.56,27.44,25.5,326.0,58.0
2026-05-11T14:30:07,940.75,43.63,27.44,25.5,319.0,56.0
2026-05-11T14:30:08,942.0,43.63,27.44,25.5,323.0,57.0
2026-05-11T14:30:09,943.26,43.63,27.44,25.5,342.0,62.0
2026-05-11T14:30:11,944.51,43.69,27.44,25.5,220.0,33.0
2026-05-11T14:30:12,945.76,43.69,27.44,25.5,322.0,57.0
2026-05-11T14:30:13,947.01,43.69,27.44,25.5,332.0,60.0
2026-05-11T14:30:14,948.26,43.75,27.44,25.5,323.0,57.0
2026-05-11T14:30:16,949.51,43.75,27.44,25.5,330.0,59.0
2026-05-11T14:30:17,950.77,43.81,27.44,25.5,289.0,49.0
2026-05-11T14:30:18,952.02,43.81,27.44,25.5,333.0,60.0
2026-05-11T14:30:19,953.27,43.88,27.44,25.5,273.0,45.0
2026-05-11T14:30:21,954.52,43.88,27.44,25.5,294.0,50.0
2026-05-11T14:30:22,955.77,43.88,27.44,25.5,332.0,60.0
2026-05-11T14:30:23,957.03,43.94,27.44,25.5,296.0,51.0
2026-05-11T14:30:24,958.28,43.88,27.44,25.5,313.0,55.0
2026-05-11T14:30:26,959.53,43.94,27.44,25.5,317.0,56.0
2026-05-11T14:30:27,960.78,44.0,27.44,25.5,288.0,49.0
2026-05-11T14:30:28,962.03,44.0,27.44,25.5,317.0,56.0
2026-05-11T14:30:29,963.28,44.0,27.44,25.5,303.0,53.0
2026-05-11T14:30:31,964.54,44.0,27.44,25.5,308.0,54.0
2026-05-11T14:30:32,965.79,44.06,27.44,25.5,335.0,60.0
2026-05-11T14:30:33,967.04,44.06,27.44,25.56,327.0,58.0
2026-05-11T14:30:34,968.29,44.06,27.44,25.5,275.0,46.0
2026-05-11T14:30:36,969.54,44.13,27.44,25.56,344.0,62.0
2026-05-11T14:30:37,970.79,44.13,27.44,25.5,307.0,54.0
2026-05-11T14:30:38,972.05,44.13,27.44,25.5,296.0,51.0
2026-05-11T14:30:39,973.3,44.19,27.44,25.5,330.0,59.0
2026-05-11T14:30:41,974.55,44.19,27.44,25.5,302.0,52.0
2026-05-11T14:30:42,975.8,44.25,27.5,25.5,332.0,60.0
2026-05-11T14:30:43,977.05,44.19,27.44,25.56,287.0,49.0
2026-05-11T14:30:44,978.31,44.25,27.44,25.56,325.0,58.0
2026-05-11T14:30:46,979.56,44.31,27.44,25.5,331.0,59.0
2026-05-11T14:30:47,980.81,44.31,27.44,25.5,333.0,60.0
2026-05-11T14:30:48,982.06,44.31,27.44,25.5,304.0,53.0
2026-05-11T14:30:49,983.31,44.31,27.44,25.56,295.0,51.0
2026-05-11T14:30:51,984.56,44.38,27.44,25.5,328.0,59.0
2026-05-11T14:30:52,985.82,44.38,27.44,25.5,296.0,51.0
2026-05-11T14:30:53,987.07,44.38,27.44,25.56,306.0,53.0
2026-05-11T14:30:54,988.32,44.38,27.44,25.5,320.0,57.0
2026-05-11T14:30:56,989.57,44.44,27.44,25.5,265.0,44.0
2026-05-11T14:30:57,990.82,44.44,27.44,25.5,312.0,55.0
2026-05-11T14:30:58,992.07,44.44,27.44,25.5,327.0,58.0
2026-05-11T14:30:59,993.33,44.44,27.44,25.5,301.0,52.0
2026-05-11T14:31:01,994.58,44.38,27.44,25.5,311.0,55.0
2026-05-11T14:31:02,995.83,44.38,27.44,25.5,308.0,54.0
2026-05-11T14:31:03,997.08,44.38,27.44,25.5,303.0,53.0
2026-05-11T14:31:04,998.33,44.38,27.44,25.5,344.0,62.0
2026-05-11T14:31:06,999.58,44.31,27.44,25.5,302.0,52.0
2026-05-11T14:31:07,1000.84,44.31,27.44,25.5,316.0,56.0
2026-05-11T14:31:08,1002.09,44.31,27.44,25.56,330.0,59.0
2026-05-11T14:31:09,1003.34,44.25,27.44,25.56,316.0,56.0
2026-05-11T14:31:11,1004.59,44.25,27.44,25.5,318.0,56.0
2026-05-11T14:31:12,1005.84,44.25,27.44,25.56,294.0,50.0
2026-05-11T14:31:13,1007.1,44.19,27.44,25.56,311.0,55.0
2026-05-11T14:31:14,1008.35,44.19,27.44,25.5,280.0,47.0
2026-05-11T14:31:16,1009.6,44.19,27.44,25.5,244.0,39.0
2026-05-11T14:31:17,1010.85,44.13,27.44,25.5,307.0,54.0
2026-05-11T14:31:18,1012.1,44.06,27.44,25.56,322.0,57.0
2026-05-11T14:31:19,1013.35,44.0,27.44,25.56,294.0,50.0
2026-05-11T14:31:21,1014.61,44.0,27.44,25.56,285.0,48.0
2026-05-11T14:31:22,1015.86,44.0,27.44,25.56,297.0,51.0
2026-05-11T14:31:23,1017.11,43.94,27.44,25.5,345.0,63.0
2026-05-11T14:31:25,1018.36,43.94,27.44,25.5,335.0,60.0
2026-05-11T14:31:26,1019.61,43.88,27.44,25.5,331.0,59.0
2026-05-11T14:31:27,1020.87,43.88,27.44,25.5,340.0,61.0
2026-05-11T14:31:28,1022.12,43.81,27.44,25.5,340.0,61.0
2026-05-11T14:31:30,1023.37,43.81,27.44,25.5,300.0,52.0
2026-05-11T14:31:31,1024.62,43.75,27.44,25.5,305.0,53.0
2026-05-11T14:31:32,1025.87,43.69,27.44,25.5,293.0,50.0
2026-05-11T14:31:33,1027.12,43.69,27.44,25.5,296.0,51.0
2026-05-11T14:31:35,1028.38,43.63,27.44,25.5,340.0,61.0
2026-05-11T14:31:36,1029.63,43.63,27.44,25.5,314.0,55.0
2026-05-11T14:31:37,1030.88,43.56,27.44,25.56,277.0,46.0
2026-05-11T14:31:38,1032.13,43.5,27.44,25.56,294.0,50.0
2026-05-11T14:31:40,1033.38,43.5,27.44,25.5,276.0,46.0
2026-05-11T14:31:41,1034.63,43.44,27.44,25.5,320.0,57.0
2026-05-11T14:31:42,1035.89,43.38,27.44,25.5,318.0,56.0
2026-05-11T14:31:43,1037.14,43.31,27.5,25.5,290.0,50.0
2026-05-11T14:31:45,1038.39,43.31,27.44,25.5,280.0,47.0
2026-05-11T14:31:46,1039.64,43.25,27.44,25.5,341.0,62.0
2026-05-11T14:31:47,1040.89,43.25,27.44,25.5,337.0,61.0
2026-05-11T14:31:48,1042.15,43.19,27.44,25.5,315.0,55.0
2026-05-11T14:31:50,1043.4,43.19,27.44,25.5,306.0,53.0
2026-05-11T14:31:51,1044.65,43.13,27.5,25.5,328.0,59.0
2026-05-11T14:31:52,1045.9,43.06,27.5,25.56,315.0,55.0
2026-05-11T14:31:53,1047.15,43.0,27.5,25.5,333.0,60.0
2026-05-11T14:31:55,1048.4,43.0,27.44,25.56,324.0,58.0
2026-05-11T14:31:56,1049.65,43.0,27.44,25.5,315.0,55.0
2026-05-11T14:31:57,1050.91,42.94,27.5,25.5,337.0,61.0
2026-05-11T14:31:58,1052.16,42.94,27.5,25.5,336.0,60.0
2026-05-11T14:32:00,1053.41,42.94,27.5,25.5,303.0,53.0
2026-05-11T14:32:01,1054.66,42.88,27.5,25.5,325.0,58.0
2026-05-11T14:32:02,1055.91,42.88,27.5,25.5,305.0,53.0
2026-05-11T14:32:03,1057.17,42.88,27.5,25.5,333.0,60.0
2026-05-11T14:32:05,1058.42,42.88,27.5,25.5,314.0,55.0
2026-05-11T14:32:06,1059.67,42.88,27.5,25.56,319.0,56.0
2026-05-11T14:32:07,1060.92,42.88,27.5,25.5,339.0,61.0
2026-05-11T14:32:08,1062.17,42.81,27.5,25.5,294.0,50.0
2026-05-11T14:32:10,1063.42,42.81,27.5,25.5,332.0,60.0
2026-05-11T14:32:11,1064.68,42.88,27.5,25.5,326.0,58.0
2026-05-11T14:32:12,1065.93,42.88,27.5,25.5,265.0,44.0
2026-05-11T14:32:13,1067.18,42.81,27.5,25.5,326.0,58.0
2026-05-11T14:32:15,1068.43,42.88,27.5,25.5,325.0,58.0
2026-05-11T14:32:16,1069.68,42.88,27.5,25.5,295.0,51.0
2026-05-11T14:32:17,1070.94,42.88,27.5,25.5,275.0,46.0
2026-05-11T14:32:18,1072.19,42.88,27.5,25.5,323.0,57.0
2026-05-11T14:32:20,1073.44,42.88,27.5,25.5,278.0,47.0
2026-05-11T14:32:21,1074.69,42.88,27.5,25.5,296.0,51.0
2026-05-11T14:32:22,1075.94,42.94,27.5,25.5,330.0,59.0
2026-05-11T14:32:23,1077.19,42.94,27.5,25.56,332.0,60.0
2026-05-11T14:32:25,1078.45,42.88,27.5,25.5,334.0,60.0
2026-05-11T14:32:26,1079.7,42.94,27.5,25.5,304.0,53.0
2026-05-11T14:32:27,1080.95,42.94,27.5,25.5,310.0,54.0
2026-05-11T14:32:28,1082.2,42.88,27.5,25.5,312.0,55.0
2026-05-11T14:32:30,1083.45,42.88,27.5,25.5,330.0,59.0
2026-05-11T14:32:31,1084.7,42.88,27.5,25.5,301.0,52.0
2026-05-11T14:32:32,1085.96,42.88,27.5,25.5,302.0,52.0
2026-05-11T14:32:33,1087.21,42.88,27.5,25.5,319.0,56.0
2026-05-11T14:32:35,1088.46,42.88,27.5,25.5,289.0,49.0
2026-05-11T14:32:36,1089.71,42.81,27.5,25.56,318.0,56.0
2026-05-11T14:32:37,1090.96,42.81,27.5,25.56,322.0,57.0
2026-05-11T14:32:38,1092.21,42.81,27.5,25.56,305.0,53.0
2026-05-11T14:32:40,1093.47,42.75,27.5,25.5,307.0,54.0
2026-05-11T14:32:41,1094.72,42.75,27.5,25.5,303.0,53.0
2026-05-11T14:32:42,1095.97,42.75,27.5,25.5,332.0,60.0
2026-05-11T14:32:43,1097.22,42.75,27.5,25.56,341.0,62.0
2026-05-11T14:32:45,1098.47,42.69,27.5,25.5,330.0,59.0
2026-05-11T14:32:46,1099.73,42.63,27.5,25.5,302.0,52.0
2026-05-11T14:32:47,1100.98,42.63,27.5,25.5,334.0,60.0
2026-05-11T14:32:48,1102.23,42.63,27.5,25.5,284.0,48.0
2026-05-11T14:32:50,1103.48,42.5,27.5,25.5,334.0,60.0
2026-05-11T14:32:51,1104.73,42.5,27.5,25.5,321.0,57.0
2026-05-11T14:32:52,1105.98,42.5,27.5,25.5,320.0,57.0
2026-05-11T14:32:53,1107.24,42.5,27.5,25.56,331.0,59.0
2026-05-11T14:32:55,1108.49,42.5,27.56,25.5,304.0,53.0
2026-05-11T14:32:56,1109.74,42.44,27.5,25.5,306.0,53.0
2026-05-11T14:32:57,1110.99,42.38,27.5,25.56,307.0,54.0
2026-05-11T14:32:58,1112.24,42.38,27.5,25.56,298.0,51.0
2026-05-11T14:33:00,1113.49,42.38,27.5,25.5,321.0,57.0
2026-05-11T14:33:01,1114.75,42.31,27.5,25.56,297.0,51.0
2026-05-11T14:33:02,1116.0,42.31,27.5,25.56,304.0,53.0
2026-05-11T14:33:03,1117.25,42.25,27.5,25.56,333.0,60.0
2026-05-11T14:33:05,1118.5,42.25,27.5,25.5,274.0,46.0
2026-05-11T14:33:06,1119.75,42.25,27.56,25.56,268.0,44.0
2026-05-11T14:33:07,1121.0,42.19,27.5,25.5,341.0,62.0
2026-05-11T14:33:08,1122.26,42.19,27.5,25.56,332.0,60.0
2026-05-11T14:33:10,1123.51,42.19,27.5,25.56,322.0,57.0
2026-05-11T14:33:11,1124.76,42.19,27.5,25.56,308.0,54.0
2026-05-11T14:33:12,1126.01,42.19,27.5,25.56,308.0,54.0
2026-05-11T14:33:13,1127.26,42.19,27.5,25.56,317.0,56.0
2026-05-11T14:33:15,1128.52,42.19,27.56,25.56,262.0,43.0
2026-05-11T14:33:16,1129.77,42.19,27.5,25.56,311.0,55.0
2026-05-11T14:33:17,1131.02,42.19,27.5,25.56,335.0,60.0
2026-05-11T14:33:18,1132.27,42.19,27.56,25.56,310.0,54.0
2026-05-11T14:33:20,1133.52,42.19,27.56,25.56,312.0,55.0
2026-05-11T14:33:21,1134.77,42.19,27.5,25.56,307.0,54.0
2026-05-11T14:33:22,1136.03,42.19,27.56,25.56,308.0,54.0
2026-05-11T14:33:23,1137.28,42.19,27.56,25.56,332.0,60.0
2026-05-11T14:33:25,1138.53,42.19,27.56,25.56,328.0,59.0
2026-05-11T14:33:26,1139.78,42.25,27.5,25.56,313.0,55.0
2026-05-11T14:33:27,1141.03,42.25,27.5,25.56,329.0,59.0
2026-05-11T14:33:28,1142.29,42.25,27.56,25.56,262.0,43.0
2026-05-11T14:33:30,1143.54,42.25,27.56,25.56,288.0,49.0
2026-05-11T14:33:31,1144.79,42.31,27.5,25.56,335.0,60.0
2026-05-11T14:33:32,1146.04,42.31,27.5,25.56,327.0,58.0
2026-05-11T14:33:33,1147.29,42.31,27.56,25.56,306.0,53.0
2026-05-11T14:33:35,1148.54,42.31,27.5,25.56,286.0,49.0
2026-05-11T14:33:36,1149.8,42.38,27.56,25.56,289.0,49.0
2026-05-11T14:33:37,1151.05,42.38,27.56,25.56,273.0,45.0
2026-05-11T14:33:38,1152.3,42.38,27.56,25.56,318.0,56.0
2026-05-11T14:33:40,1153.55,42.38,27.56,25.56,316.0,56.0
2026-05-11T14:33:41,1154.8,42.44,27.56,25.56,318.0,56.0
2026-05-11T14:33:42,1156.05,42.44,27.56,25.56,329.0,59.0
2026-05-11T14:33:43,1157.31,42.5,27.56,25.56,321.0,57.0
2026-05-11T14:33:45,1158.56,42.5,27.56,25.56,318.0,56.0
2026-05-11T14:33:46,1159.81,42.5,27.56,25.56,331.0,59.0
2026-05-11T14:33:47,1161.06,42.56,27.56,25.56,251.0,40.0
2026-05-11T14:33:48,1162.31,42.56,27.56,25.56,334.0,60.0
2026-05-11T14:33:50,1163.56,42.63,27.56,25.56,332.0,60.0
2026-05-11T14:33:51,1164.82,42.63,27.56,25.56,337.0,61.0
2026-05-11T14:33:52,1166.07,42.69,27.56,25.56,332.0,60.0
2026-05-11T14:33:53,1167.32,42.69,27.56,25.56,329.0,59.0
2026-05-11T14:33:55,1168.57,42.69,27.56,25.56,312.0,55.0
2026-05-11T14:33:56,1169.82,42.75,27.56,25.56,317.0,56.0
2026-05-11T14:33:57,1171.07,42.75,27.56,25.56,321.0,57.0
2026-05-11T14:33:58,1172.33,42.81,27.56,25.56,321.0,57.0
2026-05-11T14:34:00,1173.58,42.81,27.56,25.56,314.0,55.0
2026-05-11T14:34:01,1174.83,42.81,27.56,25.56,349.0,64.0
2026-05-11T14:34:02,1176.08,42.88,27.56,25.56,340.0,61.0
2026-05-11T14:34:03,1177.33,42.88,27.56,25.56,325.0,58.0
2026-05-11T14:34:05,1178.59,42.94,27.56,25.62,323.0,57.0
2026-05-11T14:34:06,1179.84,42.94,27.56,25.62,304.0,53.0
2026-05-11T14:34:07,1181.09,42.94,27.56,25.56,309.0,54.0
2026-05-11T14:34:08,1182.34,43.0,27.56,25.62,334.0,60.0
2026-05-11T14:34:10,1183.59,43.0,27.56,25.56,330.0,59.0
2026-05-11T14:34:11,1184.84,43.0,27.56,25.62,319.0,56.0
2026-05-11T14:34:12,1186.1,43.06,27.56,25.56,306.0,53.0
2026-05-11T14:34:13,1187.35,43.06,27.56,25.62,324.0,58.0
2026-05-11T14:34:15,1188.6,43.13,27.56,25.62,321.0,57.0
2026-05-11T14:34:16,1189.85,43.19,27.56,25.62,315.0,55.0
2026-05-11T14:34:17,1191.1,43.19,27.56,25.56,324.0,58.0
2026-05-11T14:34:18,1192.36,43.19,27.56,25.62,323.0,57.0
2026-05-11T14:34:20,1193.61,43.25,27.56,25.62,320.0,57.0
2026-05-11T14:34:21,1194.86,43.25,27.56,25.62,324.0,58.0
2026-05-11T14:34:22,1196.11,43.25,27.56,25.62,242.0,38.0
2026-05-11T14:34:24,1197.36,43.31,27.56,25.62,310.0,54.0
2026-05-11T14:34:25,1198.61,43.38,27.56,25.62,301.0,52.0
2026-05-11T14:34:26,1199.87,43.38,27.56,25.62,329.0,59.0
2026-05-11T14:34:27,1201.12,43.38,27.56,25.62,316.0,56.0
2026-05-11T14:34:29,1202.37,43.38,27.56,25.62,105.0,5.0
2026-05-11T14:34:30,1203.62,43.44,27.56,25.56,294.0,50.0
2026-05-11T14:34:31,1204.87,43.44,27.56,25.62,288.0,49.0
2026-05-11T14:34:32,1206.12,43.5,27.56,25.62,316.0,56.0
2026-05-11T14:34:34,1207.38,43.5,27.56,25.62,299.0,52.0
2026-05-11T14:34:35,1208.63,43.56,27.56,25.56,323.0,57.0
2026-05-11T14:34:36,1209.88,43.56,27.56,25.62,318.0,56.0
2026-05-11T14:34:37,1211.13,43.63,27.56,25.62,273.0,45.0
2026-05-11T14:34:39,1212.38,43.63,27.56,25.56,302.0,52.0
2026-05-11T14:34:40,1213.64,43.63,27.56,25.62,299.0,52.0
2026-05-11T14:34:41,1214.89,43.69,27.56,25.62,294.0,50.0
2026-05-11T14:34:42,1216.14,43.69,27.62,25.62,306.0,53.0
2026-05-11T14:34:44,1217.39,43.69,27.56,25.62,331.0,59.0
2026-05-11T14:34:45,1218.64,43.75,27.56,25.56,272.0,45.0
2026-05-11T14:34:46,1219.89,43.75,27.56,25.62,284.0,48.0
2026-05-11T14:34:47,1221.15,43.81,27.56,25.62,341.0,62.0
2026-05-11T14:34:49,1222.4,43.81,27.56,25.62,332.0,60.0
2026-05-11T14:34:50,1223.65,43.88,27.56,25.56,334.0,60.0
2026-05-11T14:34:51,1224.9,43.88,27.56,25.62,284.0,48.0
2026-05-11T14:34:52,1226.15,43.88,27.56,25.56,253.0,41.0
2026-05-11T14:34:54,1227.4,43.88,27.56,25.62,309.0,54.0
2026-05-11T14:34:55,1228.66,43.94,27.56,25.62,285.0,48.0
2026-05-11T14:34:56,1229.91,43.94,27.56,25.62,331.0,59.0
2026-05-11T14:34:57,1231.16,44.0,27.56,25.62,324.0,58.0
2026-05-11T14:34:59,1232.41,44.0,27.56,25.62,266.0,44.0
2026-05-11T14:35:00,1233.66,44.0,27.56,25.56,328.0,59.0
2026-05-11T14:35:01,1234.91,44.06,27.62,25.56,234.0,36.0
2026-05-11T14:35:02,1236.17,44.13,27.56,25.62,287.0,49.0
2026-05-11T14:35:04,1237.42,44.13,27.56,25.56,288.0,49.0
2026-05-11T14:35:05,1238.67,44.13,27.62,25.56,292.0,50.0
2026-05-11T14:35:06,1239.92,44.13,27.56,25.56,252.0,40.0
2026-05-11T14:35:07,1241.17,44.19,27.62,25.56,320.0,57.0
2026-05-11T14:35:09,1242.43,44.13,27.56,25.62,314.0,55.0
2026-05-11T14:35:10,1243.68,44.13,27.62,25.56,340.0,61.0
2026-05-11T14:35:11,1244.93,44.13,27.62,25.56,331.0,59.0
2026-05-11T14:35:12,1246.18,44.19,27.62,25.56,309.0,54.0
2026-05-11T14:35:14,1247.43,44.19,27.62,25.56,315.0,55.0
2026-05-11T14:35:15,1248.68,44.13,27.56,25.56,281.0,47.0
2026-05-11T14:35:16,1249.94,44.13,27.56,25.56,315.0,55.0
2026-05-11T14:35:17,1251.19,44.13,27.62,25.56,250.0,40.0
2026-05-11T14:35:19,1252.44,44.13,27.56,25.56,305.0,53.0
2026-05-11T14:35:20,1253.69,44.06,27.62,25.56,333.0,60.0
2026-05-11T14:35:21,1254.94,44.0,27.62,25.62,315.0,55.0
2026-05-11T14:35:22,1256.19,44.0,27.56,25.56,319.0,56.0
2026-05-11T14:35:24,1257.45,44.0,27.62,25.56,319.0,56.0
2026-05-11T14:35:25,1258.7,43.94,27.56,25.62,332.0,60.0
2026-05-11T14:35:26,1259.95,43.94,27.62,25.62,294.0,50.0
2026-05-11T14:35:27,1261.2,43.94,27.56,25.62,318.0,56.0
2026-05-11T14:35:29,1262.45,43.94,27.62,25.62,272.0,45.0
2026-05-11T14:35:30,1263.71,43.88,27.62,25.62,320.0,57.0
2026-05-11T14:35:31,1264.96,43.81,27.56,25.56,309.0,54.0
2026-05-11T14:35:32,1266.21,43.81,27.62,25.62,327.0,58.0
2026-05-11T14:35:34,1267.46,43.75,27.62,25.62,276.0,46.0
2026-05-11T14:35:35,1268.71,43.75,27.62,25.62,311.0,55.0
2026-05-11T14:35:36,1269.96,43.69,27.62,25.56,319.0,56.0
2026-05-11T14:35:37,1271.22,43.69,27.62,25.56,285.0,48.0
2026-05-11T14:35:39,1272.47,43.63,27.56,25.62,339.0,61.0
2026-05-11T14:35:40,1273.72,43.63,27.62,25.62,315.0,55.0
2026-05-11T14:35:41,1274.97,43.56,27.62,25.62,306.0,53.0
2026-05-11T14:35:42,1276.22,43.5,27.62,25.62,335.0,60.0
2026-05-11T14:35:44,1277.47,43.5,27.62,25.56,278.0,47.0
2026-05-11T14:35:45,1278.73,43.5,27.62,25.62,332.0,60.0
2026-05-11T14:35:46,1279.98,43.44,27.62,25.62,316.0,56.0
2026-05-11T14:35:47,1281.23,43.38,27.62,25.62,329.0,59.0
2026-05-11T14:35:49,1282.48,43.38,27.62,25.62,336.0,60.0
2026-05-11T14:35:50,1283.73,43.31,27.62,25.62,272.0,45.0
2026-05-11T14:35:51,1284.99,43.25,27.62,25.62,296.0,51.0
2026-05-11T14:35:52,1286.24,43.25,27.62,25.62,329.0,59.0
2026-05-11T14:35:54,1287.49,43.25,27.62,25.62,311.0,55.0
2026-05-11T14:35:55,1288.74,43.19,27.62,25.62,319.0,56.0
2026-05-11T14:35:56,1289.99,43.13,27.62,25.62,313.0,55.0
2026-05-11T14:35:57,1291.24,43.06,27.62,25.56,323.0,57.0
2026-05-11T14:35:59,1292.5,43.06,27.62,25.62,312.0,55.0
2026-05-11T14:36:00,1293.75,43.0,27.62,25.62,326.0,58.0
2026-05-11T14:36:01,1295.0,42.94,27.62,25.62,318.0,56.0
2026-05-11T14:36:02,1296.25,42.94,27.62,25.62,332.0,60.0
2026-05-11T14:36:04,1297.5,42.88,27.62,25.62,304.0,53.0
2026-05-11T14:36:05,1298.75,42.88,27.62,25.56,343.0,62.0
2026-05-11T14:36:06,1300.01,42.81,27.62,25.62,321.0,57.0
2026-05-11T14:36:07,1301.26,42.81,27.62,25.56,312.0,55.0
2026-05-11T14:36:09,1302.51,42.75,27.62,25.62,320.0,57.0
2026-05-11T14:36:10,1303.76,42.69,27.62,25.62,332.0,60.0
2026-05-11T14:36:11,1305.01,42.69,27.62,25.62,330.0,59.0
2026-05-11T14:36:12,1306.26,42.63,27.62,25.62,318.0,56.0
2026-05-11T14:36:14,1307.52,42.56,27.62,25.62,340.0,61.0
2026-05-11T14:36:15,1308.77,42.56,27.62,25.62,275.0,46.0
2026-05-11T14:36:16,1310.02,42.5,27.62,25.56,325.0,58.0
2026-05-11T14:36:17,1311.27,42.5,27.62,25.56,312.0,55.0
2026-05-11T14:36:19,1312.52,42.44,27.62,25.62,302.0,52.0
2026-05-11T14:36:20,1313.78,42.44,27.62,25.62,329.0,59.0
2026-05-11T14:36:21,1315.03,42.38,27.62,25.62,344.0,62.0
2026-05-11T14:36:22,1316.28,42.31,27.62,25.56,290.0,50.0
2026-05-11T14:36:24,1317.53,42.31,27.62,25.62,327.0,58.0
2026-05-11T14:36:25,1318.78,42.25,27.62,25.62,333.0,60.0
2026-05-11T14:36:26,1320.03,42.25,27.62,25.62,310.0,54.0
2026-05-11T14:36:27,1321.29,42.19,27.62,25.62,317.0,56.0
2026-05-11T14:36:29,1322.54,42.13,27.62,25.62,323.0,57.0
2026-05-11T14:36:30,1323.79,42.13,27.62,25.62,314.0,55.0
2026-05-11T14:36:31,1325.04,42.06,27.62,25.62,289.0,49.0
2026-05-11T14:36:32,1326.29,42.0,27.62,25.62,329.0,59.0
2026-05-11T14:36:34,1327.55,42.0,27.62,25.62,308.0,54.0
2026-05-11T14:36:35,1328.8,41.94,27.62,25.62,312.0,55.0
2026-05-11T14:36:36,1330.05,41.94,27.62,25.62,331.0,59.0
2026-05-11T14:36:37,1331.3,41.88,27.62,25.62,324.0,58.0
2026-05-11T14:36:39,1332.55,41.88,27.62,25.62,271.0,45.0
2026-05-11T14:36:40,1333.8,41.81,27.62,25.62,320.0,57.0
2026-05-11T14:36:41,1335.06,41.75,27.62,25.62,329.0,59.0
2026-05-11T14:36:42,1336.31,41.75,27.62,25.62,294.0,50.0
2026-05-11T14:36:44,1337.56,41.75,27.62,25.62,308.0,54.0
2026-05-11T14:36:45,1338.81,41.69,27.62,25.62,306.0,53.0
2026-05-11T14:36:46,1340.06,41.63,27.62,25.62,329.0,59.0
2026-05-11T14:36:47,1341.31,41.63,27.62,25.62,316.0,56.0
2026-05-11T14:36:49,1342.57,41.63,27.62,25.62,333.0,60.0
2026-05-11T14:36:50,1343.82,41.5,27.62,25.62,287.0,49.0
2026-05-11T14:36:51,1345.07,41.5,27.62,25.62,286.0,49.0
2026-05-11T14:36:52,1346.32,41.44,27.62,25.62,316.0,56.0
2026-05-11T14:36:54,1347.57,41.44,27.62,25.62,299.0,52.0
2026-05-11T14:36:55,1348.83,41.44,27.62,25.62,348.0,63.0
2026-05-11T14:36:56,1350.08,41.38,27.62,25.62,321.0,57.0
2026-05-11T14:36:57,1351.33,41.38,27.62,25.62,296.0,51.0
2026-05-11T14:36:59,1352.58,41.31,27.62,25.62,326.0,58.0
2026-05-11T14:37:00,1353.83,41.31,27.62,25.62,310.0,54.0
2026-05-11T14:37:01,1355.08,41.25,27.62,25.62,278.0,47.0
2026-05-11T14:37:02,1356.34,41.25,27.62,25.62,295.0,51.0
2026-05-11T14:37:04,1357.59,41.19,27.62,25.62,309.0,54.0
2026-05-11T14:37:05,1358.84,41.19,27.62,25.62,297.0,51.0
2026-05-11T14:37:06,1360.09,41.13,27.62,25.62,310.0,54.0
2026-05-11T14:37:07,1361.34,41.13,27.62,25.62,324.0,58.0
2026-05-11T14:37:09,1362.59,41.13,27.62,25.62,286.0,49.0
2026-05-11T14:37:10,1363.85,41.06,27.62,25.62,349.0,64.0
2026-05-11T14:37:11,1365.1,41.0,27.62,25.62,322.0,57.0
2026-05-11T14:37:12,1366.35,41.0,27.62,25.62,285.0,48.0
2026-05-11T14:37:14,1367.6,40.94,27.62,25.62,287.0,49.0
2026-05-11T14:37:15,1368.85,40.94,27.62,25.62,329.0,59.0
2026-05-11T14:37:16,1370.11,40.88,27.62,25.62,283.0,48.0
2026-05-11T14:37:18,1371.36,40.88,27.62,25.62,329.0,59.0
2026-05-11T14:37:19,1372.61,40.88,27.62,25.62,306.0,53.0
2026-05-11T14:37:20,1373.86,40.81,27.62,25.62,331.0,59.0
2026-05-11T14:37:21,1375.11,40.81,27.62,25.62,305.0,53.0
2026-05-11T14:37:23,1376.36,40.75,27.62,25.62,308.0,54.0
2026-05-11T14:37:24,1377.62,40.75,27.62,25.62,323.0,57.0
2026-05-11T14:37:25,1378.87,40.75,27.62,25.62,310.0,54.0
2026-05-11T14:37:26,1380.12,40.69,27.62,25.62,281.0,47.0
2026-05-11T14:37:28,1381.37,40.69,27.62,25.62,320.0,57.0
2026-05-11T14:37:29,1382.62,40.63,27.62,25.62,326.0,58.0
2026-05-11T14:37:30,1383.87,40.63,27.62,25.62,333.0,60.0
2026-05-11T14:37:31,1385.13,40.56,27.62,25.62,282.0,48.0
2026-05-11T14:37:33,1386.38,40.56,27.69,25.62,311.0,55.0
2026-05-11T14:37:34,1387.63,40.5,27.62,25.62,318.0,56.0
2026-05-11T14:37:35,1388.88,40.5,27.62,25.62,289.0,49.0
2026-05-11T14:37:36,1390.13,40.5,27.62,25.62,316.0,56.0
2026-05-11T14:37:38,1391.38,40.5,27.62,25.62,312.0,55.0
2026-05-11T14:37:39,1392.64,40.44,27.69,25.62,324.0,58.0
2026-05-11T14:37:40,1393.89,40.44,27.62,25.62,329.0,59.0
2026-05-11T14:37:41,1395.14,40.38,27.62,25.62,321.0,57.0
2026-05-11T14:37:43,1396.39,40.38,27.62,25.62,309.0,54.0
2026-05-11T14:37:44,1397.64,40.38,27.62,25.62,337.0,61.0
2026-05-11T14:37:45,1398.9,40.31,27.62,25.69,310.0,54.0
2026-05-11T14:37:46,1400.15,40.31,27.69,25.62,324.0,58.0
2026-05-11T14:37:48,1401.4,40.25,27.62,25.62,292.0,50.0
2026-05-11T14:37:49,1402.65,40.25,27.62,25.62,309.0,54.0
2026-05-11T14:37:50,1403.9,40.19,27.69,25.62,317.0,56.0
2026-05-11T14:37:51,1405.15,40.25,27.69,25.62,309.0,54.0
2026-05-11T14:37:53,1406.41,40.19,27.69,25.62,318.0,56.0
2026-05-11T14:37:54,1407.66,40.19,27.69,25.62,330.0,59.0
2026-05-11T14:37:55,1408.91,40.13,27.69,25.62,314.0,55.0
2026-05-11T14:37:56,1410.16,40.13,27.69,25.62,262.0,43.0
2026-05-11T14:37:58,1411.41,40.06,27.69,25.56,298.0,51.0
2026-05-11T14:37:59,1412.66,40.06,27.69,25.62,310.0,54.0
2026-05-11T14:38:00,1413.92,40.0,27.69,25.62,330.0,59.0
2026-05-11T14:38:01,1415.17,40.0,27.69,25.56,303.0,53.0
2026-05-11T14:38:03,1416.42,40.0,27.69,25.56,286.0,49.0
2026-05-11T14:38:04,1417.67,40.0,27.69,25.62,313.0,55.0
2026-05-11T14:38:05,1418.92,39.94,27.75,25.62,300.0,52.0
2026-05-11T14:38:06,1420.18,39.94,27.69,25.62,302.0,52.0
2026-05-11T14:38:08,1421.43,39.88,27.75,25.56,313.0,55.0
2026-05-11T14:38:09,1422.68,39.88,27.69,25.62,306.0,53.0
2026-05-11T14:38:10,1423.93,39.88,27.69,25.62,231.0,35.0
2026-05-11T14:38:11,1425.18,39.81,27.69,25.62,302.0,52.0
2026-05-11T14:38:13,1426.43,39.81,27.69,25.62,293.0,50.0
2026-05-11T14:38:14,1427.69,39.81,27.75,25.62,308.0,54.0
2026-05-11T14:38:15,1428.94,39.75,27.75,25.62,317.0,56.0
2026-05-11T14:38:16,1430.19,39.75,27.75,25.62,306.0,53.0
2026-05-11T14:38:18,1431.44,39.75,27.75,25.62,327.0,58.0
2026-05-11T14:38:19,1432.69,39.69,27.75,25.56,296.0,51.0
2026-05-11T14:38:20,1433.95,39.69,27.75,25.56,259.0,42.0
2026-05-11T14:38:21,1435.2,39.69,27.75,25.62,339.0,61.0
2026-05-11T14:38:23,1436.45,39.69,27.75,25.62,326.0,58.0
2026-05-11T14:38:24,1437.7,39.63,27.75,25.56,326.0,58.0
2026-05-11T14:38:25,1438.95,39.63,27.75,25.56,330.0,59.0
2026-05-11T14:38:26,1440.2,39.63,27.75,25.62,330.0,59.0
2026-05-11T14:38:28,1441.46,39.56,27.75,25.62,301.0,52.0
2026-05-11T14:38:29,1442.71,39.56,27.75,25.56,344.0,62.0
2026-05-11T14:38:30,1443.96,39.5,27.75,25.62,336.0,60.0
2026-05-11T14:38:31,1445.21,39.5,27.75,25.62,299.0,52.0
2026-05-11T14:38:33,1446.46,39.5,27.75,25.62,258.0,42.0
2026-05-11T14:38:34,1447.71,39.5,27.75,25.62,341.0,62.0
2026-05-11T14:38:35,1448.97,39.5,27.75,25.62,302.0,52.0
2026-05-11T14:38:36,1450.22,39.44,27.75,25.62,324.0,58.0
2026-05-11T14:38:38,1451.47,39.44,27.75,25.62,322.0,57.0
2026-05-11T14:38:39,1452.72,39.44,27.75,25.62,322.0,57.0
2026-05-11T14:38:40,1453.97,39.38,27.75,25.62,326.0,58.0
2026-05-11T14:38:41,1455.22,39.38,27.75,25.62,307.0,54.0
2026-05-11T14:38:43,1456.48,39.38,27.75,25.62,330.0,59.0
2026-05-11T14:38:44,1457.73,39.38,27.75,25.62,322.0,57.0
2026-05-11T14:38:45,1458.98,39.31,27.75,25.62,336.0,60.0
2026-05-11T14:38:46,1460.23,39.31,27.75,25.62,327.0,58.0
2026-05-11T14:38:48,1461.48,39.31,27.75,25.62,295.0,51.0
2026-05-11T14:38:49,1462.74,39.25,27.75,25.62,313.0,55.0
2026-05-11T14:38:50,1463.99,39.25,27.75,25.62,291.0,50.0
2026-05-11T14:38:51,1465.24,39.25,27.75,25.62,314.0,55.0
2026-05-11T14:38:53,1466.49,39.25,27.75,25.62,327.0,58.0
2026-05-11T14:38:54,1467.74,39.19,27.75,25.62,313.0,55.0
2026-05-11T14:38:55,1468.99,39.19,27.75,25.62,316.0,56.0
2026-05-11T14:38:56,1470.25,39.19,27.75,25.62,308.0,54.0
2026-05-11T14:38:58,1471.5,39.19,27.75,25.62,337.0,61.0
2026-05-11T14:38:59,1472.75,39.13,27.75,25.62,286.0,49.0
2026-05-11T14:39:00,1474.0,39.13,27.75,25.62,280.0,47.0
2026-05-11T14:39:01,1475.25,39.13,27.75,25.62,309.0,54.0
2026-05-11T14:39:03,1476.5,39.13,27.75,25.62,327.0,58.0
2026-05-11T14:39:04,1477.76,39.06,27.75,25.62,288.0,49.0
2026-05-11T14:39:05,1479.01,39.06,27.75,25.62,352.0,64.0
2026-05-11T14:39:06,1480.26,39.0,27.75,25.62,331.0,59.0
2026-05-11T14:39:08,1481.51,39.06,27.75,25.62,296.0,51.0
2026-05-11T14:39:09,1482.76,39.0,27.75,25.62,343.0,62.0
2026-05-11T14:39:10,1484.02,39.0,27.81,25.62,290.0,50.0
2026-05-11T14:39:11,1485.27,39.0,27.75,25.62,305.0,53.0
2026-05-11T14:39:13,1486.52,38.94,27.75,25.62,296.0,51.0
2026-05-11T14:39:14,1487.77,38.94,27.81,25.62,319.0,56.0
2026-05-11T14:39:15,1489.02,38.94,27.75,25.69,317.0,56.0
2026-05-11T14:39:16,1490.27,38.94,27.75,25.62,288.0,49.0
2026-05-11T14:39:18,1491.53,38.94,27.75,25.62,323.0,57.0
2026-05-11T14:39:19,1492.78,38.88,27.75,25.62,337.0,61.0
2026-05-11T14:39:20,1494.03,38.88,27.75,25.62,324.0,58.0
2026-05-11T14:39:21,1495.28,38.88,27.75,25.62,290.0,50.0
2026-05-11T14:39:23,1496.53,38.88,27.75,25.62,314.0,55.0
2026-05-11T14:39:24,1497.78,38.88,27.81,25.62,295.0,51.0
2026-05-11T14:39:25,1499.04,38.81,27.81,25.62,328.0,59.0
2026-05-11T14:39:26,1500.29,38.81,27.75,25.62,283.0,48.0
2026-05-11T14:39:28,1501.54,38.81,27.75,25.62,319.0,56.0
2026-05-11T14:39:29,1502.79,38.81,27.75,25.62,296.0,51.0
2026-05-11T14:39:30,1504.04,38.75,27.75,25.62,326.0,58.0
2026-05-11T14:39:31,1505.29,38.75,27.75,25.62,318.0,56.0
2026-05-11T14:39:33,1506.55,38.75,27.75,25.69,311.0,55.0
2026-05-11T14:39:34,1507.8,38.69,27.75,25.62,323.0,57.0
2026-05-11T14:39:35,1509.05,38.69,27.75,25.69,289.0,49.0
2026-05-11T14:39:36,1510.3,38.69,27.81,25.62,310.0,54.0
2026-05-11T14:39:38,1511.55,38.69,27.75,25.62,321.0,57.0
2026-05-11T14:39:39,1512.81,38.69,27.75,25.62,294.0,50.0
2026-05-11T14:39:40,1514.06,38.69,27.75,25.62,331.0,59.0
2026-05-11T14:39:41,1515.31,38.63,27.75,25.62,307.0,54.0
2026-05-11T14:39:43,1516.56,38.63,27.75,25.62,320.0,57.0
2026-05-11T14:39:44,1517.81,38.63,27.75,25.62,317.0,56.0
2026-05-11T14:39:45,1519.06,38.63,27.75,25.62,294.0,50.0
2026-05-11T14:39:46,1520.32,38.63,27.81,25.62,322.0,57.0
2026-05-11T14:39:48,1521.57,38.63,27.75,25.62,334.0,60.0
2026-05-11T14:39:49,1522.82,38.63,27.75,25.62,280.0,47.0
2026-05-11T14:39:50,1524.07,38.63,27.75,25.62,291.0,50.0
2026-05-11T14:39:51,1525.32,38.56,27.81,25.62,286.0,49.0
2026-05-11T14:39:53,1526.58,38.56,27.81,25.62,332.0,60.0
2026-05-11T14:39:54,1527.83,38.56,27.81,25.62,326.0,58.0
2026-05-11T14:39:55,1529.08,38.56,27.81,25.62,339.0,61.0
2026-05-11T14:39:56,1530.33,38.5,27.81,25.62,317.0,56.0
2026-05-11T14:39:58,1531.58,38.5,27.81,25.62,296.0,51.0
2026-05-11T14:39:59,1532.83,38.5,27.81,25.62,332.0,60.0
2026-05-11T14:40:00,1534.09,38.5,27.81,25.62,290.0,50.0
2026-05-11T14:40:01,1535.34,38.5,27.81,25.62,328.0,59.0
2026-05-11T14:40:03,1536.59,38.44,27.81,25.62,309.0,54.0
2026-05-11T14:40:04,1537.84,38.5,27.81,25.62,331.0,59.0
2026-05-11T14:40:05,1539.09,38.44,27.81,25.62,306.0,53.0
2026-05-11T14:40:06,1540.35,38.44,27.75,25.62,304.0,53.0
2026-05-11T14:40:08,1541.6,38.44,27.81,25.62,340.0,61.0
2026-05-11T14:40:09,1542.85,38.44,27.81,25.62,332.0,60.0
2026-05-11T14:40:10,1544.1,38.38,27.75,25.62,321.0,57.0
2026-05-11T14:40:11,1545.35,38.44,27.81,25.62,294.0,50.0
2026-05-11T14:40:13,1546.6,38.38,27.81,25.62,300.0,52.0
2026-05-11T14:40:14,1547.85,38.38,27.81,25.62,333.0,60.0
2026-05-11T14:40:15,1549.11,38.38,27.81,25.62,314.0,55.0
2026-05-11T14:40:17,1550.36,38.38,27.81,25.62,263.0,43.0
2026-05-11T14:40:18,1551.61,38.31,27.81,25.62,340.0,61.0
2026-05-11T14:40:19,1552.86,38.38,27.81,25.62,317.0,56.0
2026-05-11T14:40:20,1554.11,38.31,27.81,25.62,327.0,58.0
2026-05-11T14:40:22,1555.37,38.31,27.81,25.62,297.0,51.0
2026-05-11T14:40:23,1556.62,38.31,27.81,25.62,334.0,60.0
2026-05-11T14:40:24,1557.87,38.31,27.81,25.62,251.0,40.0
2026-05-11T14:40:25,1559.12,38.25,27.81,25.62,308.0,54.0
2026-05-11T14:40:27,1560.37,38.31,27.81,25.62,289.0,49.0
2026-05-11T14:40:28,1561.62,38.25,27.81,25.62,329.0,59.0
2026-05-11T14:40:29,1562.88,38.25,27.81,25.62,326.0,58.0
2026-05-11T14:40:30,1564.13,38.25,27.81,25.62,319.0,56.0
2026-05-11T14:40:32,1565.38,38.25,27.81,25.62,330.0,59.0
2026-05-11T14:40:33,1566.63,38.25,27.81,25.62,295.0,51.0
2026-05-11T14:40:34,1567.88,38.25,27.81,25.62,335.0,60.0
2026-05-11T14:40:35,1569.14,38.19,27.81,25.62,316.0,56.0
2026-05-11T14:40:37,1570.39,38.19,27.81,25.62,339.0,61.0
2026-05-11T14:40:38,1571.64,38.25,27.81,25.62,300.0,52.0
2026-05-11T14:40:39,1572.89,38.19,27.81,25.69,297.0,51.0
2026-05-11T14:40:40,1574.14,38.19,27.81,25.62,347.0,63.0
2026-05-11T14:40:42,1575.39,38.19,27.81,25.62,327.0,58.0
2026-05-11T14:40:43,1576.65,38.19,27.81,25.62,319.0,56.0
2026-05-11T14:40:44,1577.9,38.19,27.81,25.62,309.0,54.0
2026-05-11T14:40:45,1579.15,38.13,27.81,25.62,300.0,52.0
2026-05-11T14:40:47,1580.4,38.13,27.81,25.62,302.0,52.0
2026-05-11T14:40:48,1581.65,38.13,27.81,25.62,268.0,44.0
2026-05-11T14:40:49,1582.9,38.13,27.81,25.62,277.0,46.0
2026-05-11T14:40:50,1584.16,38.13,27.81,25.62,326.0,58.0
2026-05-11T14:40:52,1585.41,38.13,27.81,25.62,281.0,47.0
2026-05-11T14:40:53,1586.66,38.13,27.81,25.62,336.0,60.0
2026-05-11T14:40:54,1587.91,38.13,27.81,25.69,307.0,54.0
2026-05-11T14:40:55,1589.16,38.13,27.81,25.69,258.0,42.0
2026-05-11T14:40:57,1590.41,38.06,27.81,25.62,328.0,59.0
2026-05-11T14:40:58,1591.67,38.06,27.81,25.69,312.0,55.0
2026-05-11T14:40:59,1592.92,38.06,27.81,25.69,309.0,54.0
2026-05-11T14:41:00,1594.17,38.06,27.81,25.69,336.0,60.0
2026-05-11T14:41:02,1595.42,38.06,27.87,25.69,294.0,50.0
2026-05-11T14:41:03,1596.67,38.06,27.81,25.62,324.0,58.0
2026-05-11T14:41:04,1597.93,38.0,27.81,25.62,318.0,56.0
2026-05-11T14:41:05,1599.18,38.0,27.87,25.62,318.0,56.0
2026-05-11T14:41:07,1600.43,38.0,27.87,25.62,315.0,55.0
2026-05-11T14:41:08,1601.68,38.06,27.87,25.69,312.0,55.0
2026-05-11T14:41:09,1602.93,38.0,27.87,25.62,278.0,47.0
2026-05-11T14:41:10,1604.18,38.0,27.81,25.62,309.0,54.0
2026-05-11T14:41:12,1605.44,38.0,27.87,25.69,322.0,57.0
2026-05-11T14:41:13,1606.69,38.0,27.81,25.62,327.0,58.0
2026-05-11T14:41:14,1607.94,38.0,27.81,25.62,324.0,58.0
2026-05-11T14:41:15,1609.19,38.0,27.87,25.62,335.0,60.0
2026-05-11T14:41:17,1610.44,38.0,27.87,25.69,281.0,47.0
2026-05-11T14:41:18,1611.69,38.0,27.87,25.69,314.0,55.0
2026-05-11T14:41:19,1612.95,37.94,27.87,25.69,335.0,60.0
2026-05-11T14:41:20,1614.2,38.0,27.87,25.62,297.0,51.0
2026-05-11T14:41:22,1615.45,37.94,27.87,25.69,311.0,55.0
2026-05-11T14:41:23,1616.7,37.94,27.87,25.69,285.0,48.0
2026-05-11T14:41:24,1617.95,37.94,27.87,25.69,277.0,46.0
2026-05-11T14:41:25,1619.21,37.94,27.87,25.69,307.0,54.0
2026-05-11T14:41:27,1620.46,37.94,27.87,25.69,300.0,52.0
2026-05-11T14:41:28,1621.71,37.94,27.81,25.69,280.0,47.0
2026-05-11T14:41:29,1622.96,37.94,27.87,25.69,299.0,52.0
2026-05-11T14:41:30,1624.21,37.88,27.87,25.69,317.0,56.0
2026-05-11T14:41:32,1625.46,37.88,27.87,25.69,300.0,52.0
2026-05-11T14:41:33,1626.72,37.88,27.87,25.69,288.0,49.0
2026-05-11T14:41:34,1627.97,37.94,27.87,25.69,327.0,58.0
2026-05-11T14:41:35,1629.22,37.88,27.87,25.69,322.0,57.0
2026-05-11T14:41:37,1630.47,37.88,27.87,25.69,307.0,54.0
2026-05-11T14:41:38,1631.72,37.88,27.87,25.69,302.0,52.0
2026-05-11T14:41:39,1632.98,37.88,27.87,25.62,324.0,58.0
2026-05-11T14:41:40,1634.23,37.88,27.87,25.69,317.0,56.0
2026-05-11T14:41:42,1635.48,37.88,27.87,25.69,319.0,56.0
2026-05-11T14:41:43,1636.73,37.88,27.87,25.69,308.0,54.0
2026-05-11T14:41:44,1637.98,37.88,27.87,25.69,317.0,56.0
2026-05-11T14:41:45,1639.23,37.88,27.87,25.69,251.0,40.0
2026-05-11T14:41:47,1640.49,37.81,27.87,25.69,300.0,52.0
2026-05-11T14:41:48,1641.74,37.81,27.87,25.69,299.0,52.0
2026-05-11T14:41:49,1642.99,37.81,27.87,25.69,335.0,60.0
2026-05-11T14:41:50,1644.24,37.81,27.87,25.69,314.0,55.0
2026-05-11T14:41:52,1645.49,37.81,27.87,25.69,318.0,56.0
2026-05-11T14:41:53,1646.74,37.81,27.87,25.69,302.0,52.0
2026-05-11T14:41:54,1648.0,37.81,27.87,25.69,342.0,62.0
2026-05-11T14:41:55,1649.25,37.81,27.87,25.69,264.0,43.0
2026-05-11T14:41:57,1650.5,37.81,27.87,25.69,308.0,54.0
2026-05-11T14:41:58,1651.75,37.81,27.87,25.69,295.0,51.0
2026-05-11T14:41:59,1653.0,37.81,27.87,25.69,319.0,56.0
2026-05-11T14:42:00,1654.26,37.81,27.87,25.69,285.0,48.0
2026-05-11T14:42:02,1655.51,37.81,27.87,25.69,288.0,49.0
2026-05-11T14:42:03,1656.76,37.75,27.87,25.69,312.0,55.0
2026-05-11T14:42:04,1658.01,37.81,27.87,25.69,340.0,61.0
2026-05-11T14:42:05,1659.26,37.75,27.87,25.69,300.0,52.0
2026-05-11T14:42:07,1660.51,37.75,27.87,25.69,300.0,52.0
2026-05-11T14:42:08,1661.77,37.75,27.87,25.75,327.0,58.0
2026-05-11T14:42:09,1663.02,37.75,27.87,25.69,340.0,61.0
2026-05-11T14:42:10,1664.27,37.75,27.87,25.69,314.0,55.0
2026-05-11T14:42:12,1665.52,37.75,27.87,25.69,329.0,59.0
2026-05-11T14:42:13,1666.77,37.75,27.87,25.69,297.0,51.0
2026-05-11T14:42:14,1668.02,37.75,27.87,25.69,304.0,53.0
2026-05-11T14:42:15,1669.28,37.75,27.87,25.69,318.0,56.0
2026-05-11T14:42:17,1670.53,37.69,27.87,25.69,303.0,53.0
2026-05-11T14:42:18,1671.78,37.75,27.87,25.69,317.0,56.0
2026-05-11T14:42:19,1673.03,37.75,27.87,25.69,322.0,57.0
2026-05-11T14:42:20,1674.28,37.69,27.87,25.69,306.0,53.0
2026-05-11T14:42:22,1675.54,37.69,27.87,25.69,335.0,60.0
2026-05-11T14:42:23,1676.79,37.69,27.87,25.69,344.0,62.0
2026-05-11T14:42:24,1678.04,37.75,27.87,25.69,308.0,54.0
2026-05-11T14:42:25,1679.29,37.69,27.87,25.69,311.0,55.0
2026-05-11T14:42:27,1680.54,37.69,27.87,25.69,321.0,57.0
2026-05-11T14:42:28,1681.79,37.69,27.87,25.69,307.0,54.0
2026-05-11T14:42:29,1683.05,37.69,27.87,25.69,312.0,55.0
2026-05-11T14:42:30,1684.3,37.69,27.87,25.69,322.0,57.0
2026-05-11T14:42:32,1685.55,37.69,27.87,25.69,318.0,56.0
2026-05-11T14:42:33,1686.8,37.69,27.87,25.69,318.0,56.0
2026-05-11T14:42:34,1688.05,37.63,27.87,25.69,319.0,56.0
2026-05-11T14:42:35,1689.3,37.63,27.87,25.69,347.0,63.0
2026-05-11T14:42:37,1690.56,37.63,27.87,25.69,322.0,57.0
2026-05-11T14:42:38,1691.81,37.63,27.87,25.69,313.0,55.0
2026-05-11T14:42:39,1693.06,37.63,27.87,25.69,330.0,59.0
2026-05-11T14:42:40,1694.31,37.63,27.87,25.69,312.0,55.0
2026-05-11T14:42:42,1695.56,37.63,27.87,25.69,279.0,47.0
2026-05-11T14:42:43,1696.81,37.63,27.87,25.69,311.0,55.0
2026-05-11T14:42:44,1698.07,37.63,27.87,25.69,281.0,47.0
2026-05-11T14:42:45,1699.32,37.63,27.87,25.69,327.0,58.0
2026-05-11T14:42:47,1700.57,37.63,27.87,25.69,338.0,61.0
2026-05-11T14:42:48,1701.82,37.63,27.87,25.69,336.0,60.0
2026-05-11T14:42:49,1703.07,37.63,27.87,25.69,315.0,55.0
2026-05-11T14:42:50,1704.32,37.56,27.94,25.69,296.0,51.0
2026-05-11T14:42:52,1705.58,37.56,27.87,25.69,294.0,50.0
2026-05-11T14:42:53,1706.83,37.63,27.87,25.69,311.0,55.0
2026-05-11T14:42:54,1708.08,37.63,27.87,25.69,309.0,54.0
2026-05-11T14:42:55,1709.33,37.56,27.94,25.69,323.0,57.0
2026-05-11T14:42:57,1710.58,37.56,27.94,25.69,316.0,56.0
2026-05-11T14:42:58,1711.84,37.56,27.87,25.69,310.0,54.0
2026-05-11T14:42:59,1713.09,37.56,27.87,25.69,308.0,54.0
2026-05-11T14:43:00,1714.34,37.5,27.87,25.69,331.0,59.0
2026-05-11T14:43:02,1715.59,37.56,27.87,25.69,331.0,59.0
2026-05-11T14:43:03,1716.84,37.56,27.87,25.69,281.0,47.0
2026-05-11T14:43:04,1718.09,37.5,27.87,25.69,280.0,47.0
2026-05-11T14:43:05,1719.35,37.5,27.94,25.69,328.0,59.0
2026-05-11T14:43:07,1720.6,37.5,27.87,25.69,325.0,58.0
2026-05-11T14:43:08,1721.85,37.5,27.87,25.69,310.0,54.0
2026-05-11T14:43:09,1723.1,37.5,27.87,25.69,351.0,64.0
2026-05-11T14:43:10,1724.35,37.5,27.87,25.69,311.0,55.0
2026-05-11T14:43:12,1725.61,37.5,27.87,25.69,294.0,50.0
2026-05-11T14:43:13,1726.86,37.5,27.87,25.69,302.0,52.0
2026-05-11T14:43:14,1728.11,37.5,27.87,25.69,327.0,58.0
2026-05-11T14:43:16,1729.36,37.5,27.87,25.69,296.0,51.0
2026-05-11T14:43:17,1730.61,37.5,27.87,25.69,281.0,47.0
2026-05-11T14:43:18,1731.86,37.5,27.94,25.69,319.0,56.0
2026-05-11T14:43:19,1733.12,37.5,27.87,25.69,340.0,61.0
2026-05-11T14:43:21,1734.37,37.5,27.87,25.69,323.0,57.0
2026-05-11T14:43:22,1735.62,37.5,27.94,25.69,352.0,64.0
2026-05-11T14:43:23,1736.87,37.5,27.94,25.69,282.0,48.0
2026-05-11T14:43:24,1738.12,37.5,27.87,25.69,313.0,55.0
2026-05-11T14:43:26,1739.37,37.5,27.94,25.69,340.0,61.0
2026-05-11T14:43:27,1740.63,37.44,27.87,25.69,318.0,56.0
2026-05-11T14:43:28,1741.88,37.5,27.94,25.69,333.0,60.0
2026-05-11T14:43:29,1743.13,37.5,27.87,25.69,313.0,55.0
2026-05-11T14:43:31,1744.38,37.5,27.94,25.69,310.0,54.0
2026-05-11T14:43:32,1745.63,37.5,27.94,25.69,326.0,58.0
2026-05-11T14:43:33,1746.88,37.44,27.94,25.69,329.0,59.0
2026-05-11T14:43:34,1748.14,37.44,27.87,25.69,312.0,55.0
2026-05-11T14:43:36,1749.39,37.44,27.87,25.69,305.0,53.0
2026-05-11T14:43:37,1750.64,37.44,27.94,25.69,331.0,59.0
2026-05-11T14:43:38,1751.89,37.44,27.94,25.69,328.0,59.0
2026-05-11T14:43:39,1753.14,37.44,27.94,25.69,313.0,55.0
2026-05-11T14:43:41,1754.4,37.44,27.94,25.69,325.0,58.0
2026-05-11T14:43:42,1755.65,37.44,27.94,25.69,289.0,49.0
2026-05-11T14:43:43,1756.9,37.44,27.94,25.69,328.0,59.0
2026-05-11T14:43:44,1758.15,37.44,27.94,25.69,287.0,49.0
2026-05-11T14:43:46,1759.4,37.44,27.94,25.69,312.0,55.0
2026-05-11T14:43:47,1760.65,37.44,27.94,25.69,313.0,55.0
2026-05-11T14:43:48,1761.91,37.44,27.94,25.69,283.0,48.0
2026-05-11T14:43:49,1763.16,37.44,27.94,25.69,338.0,61.0
2026-05-11T14:43:51,1764.41,37.44,27.94,25.69,311.0,55.0
2026-05-11T14:43:52,1765.66,37.44,27.94,25.69,323.0,57.0
2026-05-11T14:43:53,1766.91,37.44,27.94,25.75,338.0,61.0
2026-05-11T14:43:54,1768.16,37.44,27.94,25.69,322.0,57.0
2026-05-11T14:43:56,1769.42,37.38,27.94,25.69,327.0,58.0
2026-05-11T14:43:57,1770.67,37.38,27.94,25.69,334.0,60.0
2026-05-11T14:43:58,1771.92,37.44,27.94,25.75,335.0,60.0
2026-05-11T14:43:59,1773.17,37.38,27.94,25.69,309.0,54.0
2026-05-11T14:44:01,1774.42,37.38,27.94,25.69,342.0,62.0
2026-05-11T14:44:02,1775.68,37.38,27.87,25.69,308.0,54.0
2026-05-11T14:44:03,1776.93,37.38,27.94,25.69,322.0,57.0
2026-05-11T14:44:04,1778.18,37.38,27.94,25.69,267.0,44.0
2026-05-11T14:44:06,1779.43,37.38,27.94,25.69,320.0,57.0
2026-05-11T14:44:07,1780.68,37.44,27.94,25.69,314.0,55.0
2026-05-11T14:44:08,1781.93,37.38,27.94,25.69,327.0,58.0
2026-05-11T14:44:09,1783.19,37.38,27.94,25.69,285.0,48.0
2026-05-11T14:44:11,1784.44,37.38,27.94,25.69,333.0,60.0
2026-05-11T14:44:12,1785.69,37.38,27.94,25.69,327.0,58.0
2026-05-11T14:44:13,1786.94,37.38,27.94,25.69,308.0,54.0
2026-05-11T14:44:14,1788.19,37.38,27.94,25.69,338.0,61.0
2026-05-11T14:44:16,1789.44,37.38,27.94,25.69,320.0,57.0
2026-05-11T14:44:17,1790.7,37.38,27.94,25.69,316.0,56.0
2026-05-11T14:44:18,1791.95,37.38,27.94,25.69,332.0,60.0
2026-05-11T14:44:19,1793.2,37.38,27.94,25.69,251.0,40.0
2026-05-11T14:44:21,1794.45,37.38,27.94,25.69,321.0,57.0
2026-05-11T14:44:22,1795.7,37.38,27.94,25.69,342.0,62.0
2026-05-11T14:44:23,1796.96,37.38,27.94,25.69,324.0,58.0
2026-05-11T14:44:24,1798.21,37.38,27.94,25.69,315.0,55.0
2026-05-11T14:44:26,1799.46,37.38,27.94,25.69,317.0,56.0
2026-05-11T14:44:27,1800.71,37.31,27.94,25.69,285.0,48.0
2026-05-11T14:44:28,1801.96,37.38,27.94,25.69,300.0,52.0
2026-05-11T14:44:29,1803.21,37.38,27.94,25.69,290.0,50.0
2026-05-11T14:44:31,1804.47,37.31,27.94,25.69,322.0,57.0
2026-05-11T14:44:32,1805.72,37.38,27.94,25.69,325.0,58.0
2026-05-11T14:44:33,1806.97,37.31,27.94,25.69,327.0,58.0
2026-05-11T14:44:34,1808.22,37.31,27.94,25.69,282.0,48.0
2026-05-11T14:44:36,1809.47,37.31,27.94,25.69,333.0,60.0
2026-05-11T14:44:37,1810.72,37.31,27.94,25.69,332.0,60.0
2026-05-11T14:44:38,1811.98,37.38,27.94,25.69,321.0,57.0
2026-05-11T14:44:39,1813.23,37.38,27.94,25.69,314.0,55.0
2026-05-11T14:44:41,1814.48,37.31,27.94,25.69,328.0,59.0
2026-05-11T14:44:42,1815.73,37.31,27.94,25.69,326.0,58.0
2026-05-11T14:44:43,1816.98,37.31,27.94,25.75,305.0,53.0
2026-05-11T14:44:44,1818.24,37.31,27.94,25.75,318.0,56.0
2026-05-11T14:44:46,1819.49,37.31,27.94,25.69,306.0,53.0
2026-05-11T14:44:47,1820.74,37.31,27.94,25.69,315.0,55.0
2026-05-11T14:44:48,1821.99,37.31,27.94,25.75,253.0,41.0
2026-05-11T14:44:49,1823.24,37.31,27.94,25.69,290.0,50.0
2026-05-11T14:44:51,1824.49,37.31,27.94,25.75,306.0,53.0
2026-05-11T14:44:52,1825.75,37.31,27.94,25.75,328.0,59.0
2026-05-11T14:44:53,1827.0,37.31,27.94,25.75,308.0,54.0
2026-05-11T14:44:54,1828.25,37.31,27.94,25.69,317.0,56.0
2026-05-11T14:44:56,1829.5,37.31,27.94,25.69,267.0,44.0
2026-05-11T14:44:57,1830.75,37.31,27.94,25.69,324.0,58.0
2026-05-11T14:44:58,1832.0,37.31,27.94,25.69,266.0,44.0
2026-05-11T14:44:59,1833.26,37.31,27.94,25.69,313.0,55.0
2026-05-11T14:45:01,1834.51,37.31,28.0,25.75,276.0,46.0
2026-05-11T14:45:02,1835.76,37.31,27.94,25.69,311.0,55.0
2026-05-11T14:45:03,1837.01,37.25,27.94,25.69,330.0,59.0
2026-05-11T14:45:04,1838.26,37.25,28.0,25.69,331.0,59.0
2026-05-11T14:45:06,1839.52,37.25,28.0,25.69,305.0,53.0
2026-05-11T14:45:07,1840.77,37.25,27.94,25.69,345.0,63.0
2026-05-11T14:45:08,1842.02,37.25,27.94,25.75,312.0,55.0
2026-05-11T14:45:09,1843.27,37.25,28.0,25.69,286.0,49.0
2026-05-11T14:45:11,1844.52,37.25,27.94,25.69,303.0,53.0
2026-05-11T14:45:12,1845.77,37.25,27.94,25.69,316.0,56.0
2026-05-11T14:45:13,1847.03,37.25,27.94,25.69,313.0,55.0
2026-05-11T14:45:14,1848.28,37.25,27.94,25.75,339.0,61.0
2026-05-11T14:45:16,1849.53,37.25,27.94,25.69,319.0,56.0
2026-05-11T14:45:17,1850.78,37.25,27.94,25.69,291.0,50.0
2026-05-11T14:45:18,1852.03,37.19,27.94,25.69,326.0,58.0
2026-05-11T14:45:19,1853.28,37.25,27.94,25.69,272.0,45.0
2026-05-11T14:45:21,1854.54,37.19,28.0,25.75,315.0,55.0
2026-05-11T14:45:22,1855.79,37.19,27.94,25.75,324.0,58.0
2026-05-11T14:45:23,1857.04,37.19,28.0,25.69,323.0,57.0
2026-05-11T14:45:24,1858.29,37.19,27.94,25.75,319.0,56.0
2026-05-11T14:45:26,1859.54,37.19,28.0,25.69,328.0,59.0
2026-05-11T14:45:27,1860.8,37.19,28.0,25.69,309.0,54.0
2026-05-11T14:45:28,1862.05,37.19,28.0,25.69,324.0,58.0
2026-05-11T14:45:29,1863.3,37.19,28.0,25.69,333.0,60.0
2026-05-11T14:45:31,1864.55,37.19,28.0,25.69,345.0,63.0
2026-05-11T14:45:32,1865.8,37.19,27.94,25.69,306.0,53.0
2026-05-11T14:45:33,1867.05,37.19,28.0,25.69,274.0,46.0
2026-05-11T14:45:34,1868.3,37.19,27.94,25.69,294.0,50.0
2026-05-11T14:45:36,1869.56,37.19,28.0,25.69,317.0,56.0
2026-05-11T14:45:37,1870.81,37.13,28.0,25.69,292.0,50.0
2026-05-11T14:45:38,1872.06,37.13,28.0,25.69,303.0,53.0
2026-05-11T14:45:39,1873.31,37.19,28.0,25.69,291.0,50.0
2026-05-11T14:45:41,1874.56,37.19,28.0,25.69,308.0,54.0
2026-05-11T14:45:42,1875.82,37.13,28.0,25.69,297.0,51.0
2026-05-11T14:45:43,1877.07,37.13,28.0,25.69,341.0,62.0
2026-05-11T14:45:44,1878.32,37.13,27.94,25.69,315.0,55.0
2026-05-11T14:45:46,1879.57,37.13,28.0,25.69,322.0,57.0
2026-05-11T14:45:47,1880.82,37.19,28.0,25.75,261.0,43.0
2026-05-11T14:45:48,1882.07,37.13,28.0,25.69,321.0,57.0
2026-05-11T14:45:49,1883.33,37.19,27.94,25.69,320.0,57.0
2026-05-11T14:45:51,1884.58,37.13,28.0,25.69,347.0,63.0
2026-05-11T14:45:52,1885.83,37.13,28.0,25.69,327.0,58.0
2026-05-11T14:45:53,1887.08,37.13,28.0,25.69,313.0,55.0
2026-05-11T14:45:54,1888.33,37.13,28.0,25.69,333.0,60.0
2026-05-11T14:45:56,1889.59,37.13,28.0,25.69,320.0,57.0
2026-05-11T14:45:57,1890.84,37.13,28.0,25.69,319.0,56.0
2026-05-11T14:45:58,1892.09,37.13,28.0,25.69,314.0,55.0
2026-05-11T14:45:59,1893.34,37.13,28.0,25.69,324.0,58.0
2026-05-11T14:46:01,1894.59,37.13,28.0,25.69,315.0,55.0
2026-05-11T14:46:02,1895.84,37.13,28.0,25.69,316.0,56.0
2026-05-11T14:46:03,1897.1,37.13,28.0,25.69,280.0,47.0
2026-05-11T14:46:04,1898.35,37.13,28.0,25.69,328.0,59.0
2026-05-11T14:46:06,1899.6,37.13,28.0,25.69,316.0,56.0
2026-05-11T14:46:07,1900.85,37.13,28.0,25.69,284.0,48.0
2026-05-11T14:46:08,1902.1,37.13,28.0,25.69,293.0,50.0
2026-05-11T14:46:09,1903.35,37.13,28.0,25.69,318.0,56.0
2026-05-11T14:46:11,1904.61,37.13,28.0,25.69,301.0,52.0
2026-05-11T14:46:12,1905.86,37.13,28.0,25.69,309.0,54.0
2026-05-11T14:46:13,1907.11,37.13,28.0,25.69,311.0,55.0
2026-05-11T14:46:15,1908.36,37.13,28.0,25.69,309.0,54.0
2026-05-11T14:46:16,1909.61,37.13,28.0,25.69,330.0,59.0
2026-05-11T14:46:17,1910.86,37.13,28.0,25.69,317.0,56.0
2026-05-11T14:46:18,1912.12,37.13,28.0,25.69,297.0,51.0
2026-05-11T14:46:20,1913.37,37.13,28.0,25.69,324.0,58.0
2026-05-11T14:46:21,1914.62,37.13,28.0,25.69,284.0,48.0
2026-05-11T14:46:22,1915.87,37.13,28.0,25.69,314.0,55.0
2026-05-11T14:46:23,1917.12,37.13,28.0,25.69,275.0,46.0
2026-05-11T14:46:25,1918.38,37.13,28.0,25.69,309.0,54.0
2026-05-11T14:46:26,1919.63,37.13,28.0,25.69,329.0,59.0
2026-05-11T14:46:27,1920.88,37.13,28.0,25.69,316.0,56.0
2026-05-11T14:46:28,1922.13,37.13,28.0,25.69,309.0,54.0
2026-05-11T14:46:30,1923.38,37.13,28.0,25.69,316.0,56.0
2026-05-11T14:46:31,1924.63,37.13,28.0,25.69,325.0,58.0
2026-05-11T14:46:32,1925.89,37.13,28.0,25.75,295.0,51.0
2026-05-11T14:46:33,1927.14,37.13,28.0,25.69,320.0,57.0
2026-05-11T14:46:35,1928.39,37.13,28.0,25.75,310.0,54.0
2026-05-11T14:46:36,1929.64,37.13,28.0,25.69,249.0,40.0
2026-05-11T14:46:37,1930.89,37.13,28.0,25.75,306.0,53.0
2026-05-11T14:46:38,1932.15,37.13,28.0,25.75,308.0,54.0
2026-05-11T14:46:40,1933.4,37.13,28.0,25.75,309.0,54.0
2026-05-11T14:46:41,1934.65,37.13,28.0,25.75,322.0,57.0
2026-05-11T14:46:42,1935.9,37.13,28.0,25.75,332.0,60.0
2026-05-11T14:46:43,1937.15,37.13,28.0,25.81,317.0,56.0
2026-05-11T14:46:45,1938.4,37.13,28.0,25.75,325.0,58.0
2026-05-11T14:46:46,1939.66,37.13,28.0,25.81,290.0,50.0
2026-05-11T14:46:47,1940.91,37.13,28.0,25.75,329.0,59.0
2026-05-11T14:46:48,1942.16,37.13,28.0,25.75,302.0,52.0
2026-05-11T14:46:50,1943.41,37.13,28.0,25.75,303.0,53.0
2026-05-11T14:46:51,1944.66,37.06,28.0,25.81,298.0,51.0
2026-05-11T14:46:52,1945.91,37.13,28.0,25.75,308.0,54.0
2026-05-11T14:46:53,1947.17,37.13,28.0,25.81,310.0,54.0
2026-05-11T14:46:55,1948.42,37.13,28.0,25.81,289.0,49.0
2026-05-11T14:46:56,1949.67,37.13,28.0,25.75,302.0,52.0
2026-05-11T14:46:57,1950.92,37.13,28.0,25.81,313.0,55.0
2026-05-11T14:46:58,1952.17,37.13,28.0,25.81,323.0,57.0
2026-05-11T14:47:00,1953.42,37.13,28.0,25.75,333.0,60.0
2026-05-11T14:47:01,1954.68,37.13,28.0,25.75,310.0,54.0
2026-05-11T14:47:02,1955.93,37.13,28.0,25.75,298.0,51.0
2026-05-11T14:47:03,1957.18,37.06,28.0,25.75,303.0,53.0
2026-05-11T14:47:05,1958.43,37.06,28.0,25.81,329.0,59.0
2026-05-11T14:47:06,1959.68,37.13,28.0,25.81,317.0,56.0
2026-05-11T14:47:07,1960.94,37.06,28.0,25.81,315.0,55.0
2026-05-11T14:47:08,1962.19,37.06,28.0,25.75,304.0,53.0
2026-05-11T14:47:10,1963.44,37.06,28.0,25.75,308.0,54.0
2026-05-11T14:47:11,1964.69,37.06,28.06,25.75,326.0,58.0
2026-05-11T14:47:12,1965.94,37.06,28.0,25.81,318.0,56.0
2026-05-11T14:47:13,1967.19,37.06,28.06,25.75,316.0,56.0
2026-05-11T14:47:15,1968.45,37.13,28.06,25.81,321.0,57.0
2026-05-11T14:47:16,1969.7,37.13,28.06,25.81,286.0,49.0
2026-05-11T14:47:17,1970.95,37.13,28.06,25.75,304.0,53.0
2026-05-11T14:47:18,1972.2,37.13,28.06,25.75,312.0,55.0
2026-05-11T14:47:20,1973.45,37.06,28.06,25.75,327.0,58.0
2026-05-11T14:47:21,1974.7,37.13,28.06,25.81,318.0,56.0
2026-05-11T14:47:22,1975.96,37.06,28.06,25.75,258.0,42.0
2026-05-11T14:47:23,1977.21,37.13,28.06,25.75,330.0,59.0
2026-05-11T14:47:25,1978.46,37.13,28.0,25.81,325.0,58.0
2026-05-11T14:47:26,1979.71,37.13,28.06,25.81,329.0,59.0
2026-05-11T14:47:27,1980.96,37.13,28.06,25.81,303.0,53.0
2026-05-11T14:47:28,1982.22,37.06,28.06,25.81,349.0,64.0
2026-05-11T14:47:30,1983.47,37.06,28.06,25.81,286.0,49.0
2026-05-11T14:47:31,1984.72,37.06,28.06,25.75,331.0,59.0
2026-05-11T14:47:32,1985.97,37.06,28.06,25.75,301.0,52.0
2026-05-11T14:47:33,1987.22,37.06,28.06,25.81,323.0,57.0
2026-05-11T14:47:35,1988.47,37.06,28.06,25.81,302.0,52.0
2026-05-11T14:47:36,1989.73,37.06,28.06,25.81,335.0,60.0
2026-05-11T14:47:37,1990.98,37.06,28.06,25.81,301.0,52.0
2026-05-11T14:47:38,1992.23,37.0,28.06,25.75,312.0,55.0
2026-05-11T14:47:40,1993.48,37.13,28.06,25.81,307.0,54.0
2026-05-11T14:47:41,1994.73,37.0,28.06,25.81,300.0,52.0
2026-05-11T14:47:42,1995.98,37.06,28.06,25.81,287.0,49.0
2026-05-11T14:47:43,1997.24,37.0,28.06,25.75,304.0,53.0
2026-05-11T14:47:45,1998.49,37.06,28.06,25.81,349.0,64.0
2026-05-11T14:47:46,1999.74,37.06,28.06,25.75,334.0,60.0
2026-05-11T14:47:47,2000.99,37.0,28.06,25.75,332.0,60.0
2026-05-11T14:47:48,2002.24,37.0,28.06,25.75,286.0,49.0
2026-05-11T14:47:50,2003.49,37.06,28.06,25.75,203.0,29.0
2026-05-11T14:47:51,2004.75,37.0,28.06,25.81,316.0,56.0
2026-05-11T14:47:52,2006.0,37.0,28.06,25.81,316.0,56.0
2026-05-11T14:47:53,2007.25,37.0,28.06,25.75,272.0,45.0
2026-05-11T14:47:55,2008.5,37.0,28.06,25.81,256.0,41.0
2026-05-11T14:47:56,2009.75,37.06,28.06,25.75,293.0,50.0
2026-05-11T14:47:57,2011.01,37.0,28.06,25.75,331.0,59.0
2026-05-11T14:47:58,2012.26,37.0,28.06,25.75,257.0,42.0
2026-05-11T14:48:00,2013.51,37.0,28.06,25.75,291.0,50.0
2026-05-11T14:48:01,2014.76,37.0,28.06,25.81,334.0,60.0
2026-05-11T14:48:02,2016.01,37.0,28.06,25.75,320.0,57.0
2026-05-11T14:48:03,2017.26,37.0,28.06,25.75,341.0,62.0
2026-05-11T14:48:05,2018.52,37.0,28.06,25.75,301.0,52.0
2026-05-11T14:48:06,2019.77,37.0,28.06,25.75,325.0,58.0
2026-05-11T14:48:07,2021.02,37.0,28.06,25.75,301.0,52.0
2026-05-11T14:48:08,2022.27,37.0,28.06,25.75,320.0,57.0
2026-05-11T14:48:10,2023.52,37.0,28.06,25.81,290.0,50.0
2026-05-11T14:48:11,2024.77,37.0,28.06,25.75,321.0,57.0
2026-05-11T14:48:12,2026.03,37.0,28.12,25.75,316.0,56.0
2026-05-11T14:48:13,2027.28,37.0,28.06,25.75,315.0,55.0
2026-05-11T14:48:15,2028.53,37.0,28.06,25.75,259.0,42.0
2026-05-11T14:48:16,2029.78,37.0,28.06,25.81,339.0,61.0
2026-05-11T14:48:17,2031.03,37.0,28.06,25.75,330.0,59.0
2026-05-11T14:48:18,2032.28,37.0,28.06,25.81,293.0,50.0
2026-05-11T14:48:20,2033.54,37.0,28.06,25.81,301.0,52.0
2026-05-11T14:48:21,2034.79,37.0,28.06,25.75,329.0,59.0
2026-05-11T14:48:22,2036.04,37.0,28.06,25.81,351.0,64.0
2026-05-11T14:48:23,2037.29,37.0,28.06,25.75,322.0,57.0
2026-05-11T14:48:25,2038.54,37.0,28.06,25.81,318.0,56.0
2026-05-11T14:48:26,2039.8,37.0,28.06,25.81,302.0,52.0
2026-05-11T14:48:27,2041.05,37.0,28.06,25.81,326.0,58.0
2026-05-11T14:48:28,2042.3,37.0,28.06,25.75,322.0,57.0
2026-05-11T14:48:30,2043.55,37.0,28.06,25.81,339.0,61.0
2026-05-11T14:48:31,2044.8,37.0,28.06,25.81,335.0,60.0
2026-05-11T14:48:32,2046.05,37.0,28.06,25.75,318.0,56.0
2026-05-11T14:48:33,2047.31,37.0,28.12,25.75,318.0,56.0
2026-05-11T14:48:35,2048.56,37.0,28.06,25.75,307.0,54.0
2026-05-11T14:48:36,2049.81,37.0,28.06,25.75,342.0,62.0
2026-05-11T14:48:37,2051.06,37.0,28.06,25.75,311.0,55.0
2026-05-11T14:48:38,2052.31,37.0,28.12,25.81,315.0,55.0
2026-05-11T14:48:40,2053.56,37.0,28.06,25.75,319.0,56.0
2026-05-11T14:48:41,2054.82,37.0,28.12,25.81,293.0,50.0
2026-05-11T14:48:42,2056.07,37.0,28.06,25.75,337.0,61.0
2026-05-11T14:48:43,2057.32,37.0,28.12,25.75,327.0,58.0
2026-05-11T14:48:45,2058.57,37.0,28.12,25.75,310.0,54.0
2026-05-11T14:48:46,2059.82,37.0,28.12,25.75,294.0,50.0
2026-05-11T14:48:47,2061.08,37.0,28.12,25.75,350.0,64.0
2026-05-11T14:48:48,2062.33,37.0,28.12,25.75,290.0,50.0
2026-05-11T14:48:50,2063.58,37.0,28.06,25.75,326.0,58.0
2026-05-11T14:48:51,2064.83,37.0,28.06,25.81,311.0,55.0
2026-05-11T14:48:52,2066.08,37.0,28.06,25.75,298.0,51.0
2026-05-11T14:48:53,2067.33,37.0,28.06,25.75,302.0,52.0
2026-05-11T14:48:55,2068.59,37.0,28.12,25.75,319.0,56.0
2026-05-11T14:48:56,2069.84,37.0,28.12,25.75,311.0,55.0
2026-05-11T14:48:57,2071.09,37.0,28.12,25.75,297.0,51.0
2026-05-11T14:48:58,2072.34,37.0,28.06,25.75,301.0,52.0
2026-05-11T14:49:00,2073.59,37.0,28.12,25.75,308.0,54.0
2026-05-11T14:49:01,2074.84,37.0,28.12,25.75,278.0,47.0
2026-05-11T14:49:02,2076.1,37.0,28.12,25.75,328.0,59.0
2026-05-11T14:49:03,2077.35,37.0,28.12,25.75,311.0,55.0
2026-05-11T14:49:05,2078.6,37.0,28.12,25.75,324.0,58.0
2026-05-11T14:49:06,2079.85,37.0,28.06,25.75,324.0,58.0
2026-05-11T14:49:07,2081.1,37.0,28.12,25.75,325.0,58.0
2026-05-11T14:49:08,2082.35,37.0,28.12,25.81,300.0,52.0
2026-05-11T14:49:10,2083.61,37.0,28.12,25.75,294.0,50.0
2026-05-11T14:49:11,2084.86,37.0,28.12,25.75,244.0,39.0
2026-05-11T14:49:12,2086.11,37.0,28.12,25.75,328.0,59.0
2026-05-11T14:49:14,2087.36,37.0,28.12,25.81,324.0,58.0
2026-05-11T14:49:15,2088.61,37.0,28.12,25.75,319.0,56.0
2026-05-11T14:49:16,2089.86,37.0,28.12,25.81,282.0,48.0
2026-05-11T14:49:17,2091.12,37.0,28.12,25.75,301.0,52.0
2026-05-11T14:49:19,2092.37,37.0,28.12,25.81,301.0,52.0
2026-05-11T14:49:20,2093.62,36.94,28.12,25.81,334.0,60.0
2026-05-11T14:49:21,2094.87,37.0,28.12,25.81,298.0,51.0
2026-05-11T14:49:22,2096.12,37.0,28.12,25.75,315.0,55.0
2026-05-11T14:49:24,2097.37,37.0,28.12,25.81,300.0,52.0
2026-05-11T14:49:25,2098.63,37.0,28.12,25.81,329.0,59.0
2026-05-11T14:49:26,2099.88,37.0,28.12,25.81,327.0,58.0
2026-05-11T14:49:27,2101.13,37.0,28.12,25.81,307.0,54.0
2026-05-11T14:49:29,2102.38,36.94,28.12,25.81,331.0,59.0
2026-05-11T14:49:30,2103.63,37.0,28.12,25.81,262.0,43.0
2026-05-11T14:49:31,2104.89,37.0,28.12,25.81,306.0,53.0
2026-05-11T14:49:32,2106.14,37.0,28.12,25.81,311.0,55.0
2026-05-11T14:49:34,2107.39,37.0,28.12,25.81,294.0,50.0
2026-05-11T14:49:35,2108.64,37.0,28.12,25.81,306.0,53.0
2026-05-11T14:49:36,2109.89,36.94,28.12,25.81,330.0,59.0
2026-05-11T14:49:37,2111.14,37.0,28.12,25.81,299.0,52.0
2026-05-11T14:49:39,2112.4,36.94,28.12,25.75,302.0,52.0
2026-05-11T14:49:40,2113.65,36.94,28.12,25.81,316.0,56.0
2026-05-11T14:49:41,2114.9,37.0,28.12,25.81,280.0,47.0
2026-05-11T14:49:42,2116.15,36.94,28.12,25.81,276.0,46.0
2026-05-11T14:49:44,2117.4,36.94,28.12,25.81,328.0,59.0
2026-05-11T14:49:45,2118.66,37.0,28.12,25.81,320.0,57.0
2026-05-11T14:49:46,2119.91,36.94,28.12,25.81,278.0,47.0
2026-05-11T14:49:47,2121.16,36.94,28.12,25.81,319.0,56.0
2026-05-11T14:49:49,2122.41,36.94,28.12,25.81,338.0,61.0
2026-05-11T14:49:50,2123.66,36.94,28.12,25.81,312.0,55.0
2026-05-11T14:49:51,2124.91,36.94,28.12,25.81,293.0,50.0
2026-05-11T14:49:52,2126.17,36.94,28.12,25.81,292.0,50.0
2026-05-11T14:49:54,2127.42,36.94,28.12,25.81,317.0,56.0
2026-05-11T14:49:55,2128.67,36.94,28.12,25.81,315.0,55.0
2026-05-11T14:49:56,2129.92,36.94,28.12,25.81,279.0,47.0
2026-05-11T14:49:57,2131.17,36.94,28.12,25.81,305.0,53.0
2026-05-11T14:49:59,2132.42,36.94,28.12,25.81,318.0,56.0
2026-05-11T14:50:00,2133.68,36.94,28.12,25.81,310.0,54.0
2026-05-11T14:50:01,2134.93,36.94,28.12,25.81,332.0,60.0
2026-05-11T14:50:02,2136.18,36.94,28.12,25.81,327.0,58.0
2026-05-11T14:50:04,2137.43,36.94,28.12,25.81,325.0,58.0
2026-05-11T14:50:05,2138.68,36.94,28.12,25.81,314.0,55.0
2026-05-11T14:50:06,2139.94,37.0,28.12,25.81,309.0,54.0
2026-05-11T14:50:07,2141.19,36.94,28.12,25.81,347.0,63.0
2026-05-11T14:50:09,2142.44,37.0,28.12,25.81,294.0,50.0
2026-05-11T14:50:10,2143.69,37.0,28.12,25.81,319.0,56.0
2026-05-11T14:50:11,2144.94,37.0,28.12,25.81,269.0,45.0
2026-05-11T14:50:12,2146.19,37.06,28.12,25.81,312.0,55.0
2026-05-11T14:50:14,2147.45,37.06,28.12,25.81,321.0,57.0
2026-05-11T14:50:15,2148.7,37.13,28.12,25.81,307.0,54.0
2026-05-11T14:50:16,2149.95,37.13,28.12,25.75,309.0,54.0
2026-05-11T14:50:17,2151.2,37.19,28.12,25.81,332.0,60.0
2026-05-11T14:50:19,2152.45,37.19,28.12,25.81,276.0,46.0
2026-05-11T14:50:20,2153.7,37.25,28.12,25.81,319.0,56.0
2026-05-11T14:50:21,2154.96,37.31,28.12,25.81,335.0,60.0
2026-05-11T14:50:22,2156.21,37.38,28.12,25.81,345.0,63.0
2026-05-11T14:50:24,2157.46,37.38,28.19,25.81,330.0,59.0
2026-05-11T14:50:25,2158.71,37.44,28.12,25.81,335.0,60.0
2026-05-11T14:50:26,2159.96,37.5,28.12,25.81,294.0,50.0
2026-05-11T14:50:27,2161.22,37.5,28.12,25.81,271.0,45.0
2026-05-11T14:50:29,2162.47,37.56,28.12,25.81,229.0,35.0
2026-05-11T14:50:30,2163.72,37.63,28.12,25.81,314.0,55.0
2026-05-11T14:50:31,2164.97,37.63,28.12,25.81,322.0,57.0
2026-05-11T14:50:32,2166.22,37.69,28.12,25.81,297.0,51.0
2026-05-11T14:50:34,2167.47,37.75,28.19,25.81,325.0,58.0
2026-05-11T14:50:35,2168.73,37.81,28.19,25.81,297.0,51.0
2026-05-11T14:50:36,2169.98,37.88,28.19,25.81,320.0,57.0
2026-05-11T14:50:37,2171.23,37.94,28.12,25.81,275.0,46.0
2026-05-11T14:50:39,2172.48,37.94,28.12,25.81,306.0,53.0
2026-05-11T14:50:40,2173.73,38.0,28.19,25.81,344.0,62.0
2026-05-11T14:50:41,2174.98,38.06,28.19,25.81,329.0,59.0
2026-05-11T14:50:42,2176.24,38.13,28.19,25.81,321.0,57.0
2026-05-11T14:50:44,2177.49,38.19,28.12,25.81,334.0,60.0
2026-05-11T14:50:45,2178.74,38.19,28.12,25.81,316.0,56.0
2026-05-11T14:50:46,2179.99,38.25,28.12,25.81,335.0,60.0
2026-05-11T14:50:47,2181.24,38.31,28.19,25.81,305.0,53.0
2026-05-11T14:50:49,2182.5,38.38,28.19,25.81,266.0,44.0
2026-05-11T14:50:50,2183.75,38.44,28.19,25.81,307.0,54.0
2026-05-11T14:50:51,2185.0,38.44,28.12,25.81,326.0,58.0
2026-05-11T14:50:52,2186.25,38.5,28.12,25.81,332.0,60.0
2026-05-11T14:50:54,2187.5,38.56,28.19,25.81,302.0,52.0
2026-05-11T14:50:55,2188.75,38.63,28.12,25.81,330.0,59.0
2026-05-11T14:50:56,2190.01,38.69,28.19,25.81,340.0,61.0
2026-05-11T14:50:57,2191.26,38.75,28.19,25.81,326.0,58.0
2026-05-11T14:50:59,2192.51,38.81,28.19,25.81,340.0,61.0
2026-05-11T14:51:00,2193.76,38.88,28.12,25.81,314.0,55.0
2026-05-11T14:51:01,2195.01,38.94,28.19,25.81,337.0,61.0
2026-05-11T14:51:02,2196.27,38.94,28.19,25.81,322.0,57.0
2026-05-11T14:51:04,2197.52,39.0,28.19,25.81,354.0,65.0
2026-05-11T14:51:05,2198.77,39.06,28.19,25.81,299.0,52.0
2026-05-11T14:51:06,2200.02,39.13,28.19,25.81,347.0,63.0
2026-05-11T14:51:07,2201.27,39.19,28.19,25.81,328.0,59.0
2026-05-11T14:51:09,2202.52,39.25,28.19,25.81,316.0,56.0
2026-05-11T14:51:10,2203.78,39.25,28.19,25.81,311.0,55.0
2026-05-11T14:51:11,2205.03,39.31,28.19,25.75,327.0,58.0
2026-05-11T14:51:12,2206.28,39.38,28.19,25.81,329.0,59.0
2026-05-11T14:51:14,2207.53,39.44,28.19,25.81,346.0,63.0
2026-05-11T14:51:15,2208.78,39.5,28.19,25.81,316.0,56.0
2026-05-11T14:51:16,2210.03,39.56,28.19,25.81,326.0,58.0
2026-05-11T14:51:17,2211.29,39.63,28.19,25.75,325.0,58.0
2026-05-11T14:51:19,2212.54,39.63,28.19,25.81,311.0,55.0
2026-05-11T14:51:20,2213.79,39.69,28.19,25.75,340.0,61.0
2026-05-11T14:51:21,2215.04,39.75,28.19,25.75,329.0,59.0
2026-05-11T14:51:22,2216.29,39.81,28.19,25.81,282.0,48.0
2026-05-11T14:51:24,2217.54,39.81,28.19,25.81,327.0,58.0
2026-05-11T14:51:25,2218.8,39.88,28.12,25.75,303.0,53.0
2026-05-11T14:51:26,2220.05,39.94,28.19,25.81,329.0,59.0
2026-05-11T14:51:27,2221.3,40.0,28.19,25.81,332.0,60.0
2026-05-11T14:51:29,2222.55,40.06,28.19,25.75,338.0,61.0
2026-05-11T14:51:30,2223.8,40.13,28.19,25.81,325.0,58.0
2026-05-11T14:51:31,2225.06,40.13,28.19,25.75,311.0,55.0
2026-05-11T14:51:32,2226.31,40.19,28.19,25.81,298.0,51.0
2026-05-11T14:51:34,2227.56,40.25,28.19,25.75,312.0,55.0
2026-05-11T14:51:35,2228.81,40.31,28.19,25.75,296.0,51.0
2026-05-11T14:51:36,2230.06,40.38,28.19,25.81,326.0,58.0
2026-05-11T14:51:37,2231.31,40.38,28.19,25.75,265.0,44.0
2026-05-11T14:51:39,2232.57,40.44,28.12,25.81,329.0,59.0
2026-05-11T14:51:40,2233.82,40.5,28.12,25.75,317.0,56.0
2026-05-11T14:51:41,2235.07,40.5,28.12,25.75,339.0,61.0
2026-05-11T14:51:42,2236.32,40.56,28.12,25.75,293.0,50.0
2026-05-11T14:51:44,2237.57,40.63,28.19,25.75,315.0,55.0
2026-05-11T14:51:45,2238.83,40.69,28.19,25.81,320.0,57.0
2026-05-11T14:51:46,2240.08,40.75,28.12,25.75,307.0,54.0
2026-05-11T14:51:47,2241.33,40.75,28.19,25.75,303.0,53.0
2026-05-11T14:51:49,2242.58,40.81,28.19,25.75,313.0,55.0
2026-05-11T14:51:50,2243.83,40.88,28.12,25.75,291.0,50.0
2026-05-11T14:51:51,2245.08,40.88,28.19,25.75,291.0,50.0
2026-05-11T14:51:52,2246.34,40.94,28.12,25.75,321.0,57.0
2026-05-11T14:51:54,2247.59,41.0,28.19,25.75,329.0,59.0
2026-05-11T14:51:55,2248.84,41.0,28.12,25.75,324.0,58.0
2026-05-11T14:51:56,2250.09,41.06,28.19,25.81,321.0,57.0
2026-05-11T14:51:57,2251.34,41.13,28.12,25.75,287.0,49.0
2026-05-11T14:51:59,2252.59,41.19,28.19,25.75,329.0,59.0
2026-05-11T14:52:00,2253.85,41.25,28.12,25.75,304.0,53.0
2026-05-11T14:52:01,2255.1,41.25,28.12,25.75,295.0,51.0
2026-05-11T14:52:02,2256.35,41.31,28.12,25.75,263.0,43.0
2026-05-11T14:52:04,2257.6,41.38,28.12,25.75,326.0,58.0
2026-05-11T14:52:05,2258.85,41.38,28.12,25.75,324.0,58.0
2026-05-11T14:52:06,2260.1,41.44,28.12,25.75,321.0,57.0
2026-05-11T14:52:08,2261.36,41.5,28.12,25.75,293.0,50.0
2026-05-11T14:52:09,2262.61,41.5,28.12,25.75,342.0,62.0
2026-05-11T14:52:10,2263.86,41.56,28.12,25.75,333.0,60.0
2026-05-11T14:52:11,2265.11,41.56,28.12,25.75,316.0,56.0
2026-05-11T14:52:13,2266.36,41.63,28.12,25.75,292.0,50.0
2026-05-11T14:52:14,2267.61,41.69,28.12,25.75,332.0,60.0
2026-05-11T14:52:15,2268.87,41.75,28.06,25.75,323.0,57.0
2026-05-11T14:52:16,2270.12,41.75,28.12,25.75,332.0,60.0
2026-05-11T14:52:18,2271.37,41.81,28.06,25.75,318.0,56.0
2026-05-11T14:52:19,2272.62,41.88,28.12,25.75,304.0,53.0
2026-05-11T14:52:20,2273.87,41.94,28.12,25.75,315.0,55.0
2026-05-11T14:52:21,2275.13,41.94,28.12,25.75,294.0,50.0
2026-05-11T14:52:23,2276.38,42.0,28.12,25.75,296.0,51.0
2026-05-11T14:52:24,2277.63,42.0,28.12,25.75,314.0,55.0
2026-05-11T14:52:25,2278.88,42.06,28.06,25.75,328.0,59.0
2026-05-11T14:52:26,2280.13,42.13,28.12,25.81,330.0,59.0
2026-05-11T14:52:28,2281.38,42.13,28.12,25.81,328.0,59.0
2026-05-11T14:52:29,2282.64,42.19,28.12,25.75,315.0,55.0
2026-05-11T14:52:30,2283.89,42.25,28.12,25.81,292.0,50.0
2026-05-11T14:52:31,2285.14,42.25,28.12,25.81,328.0,59.0
2026-05-11T14:52:33,2286.39,42.25,28.12,25.75,294.0,50.0
2026-05-11T14:52:34,2287.64,42.31,28.12,25.75,321.0,57.0
2026-05-11T14:52:35,2288.89,42.38,28.12,25.75,332.0,60.0
2026-05-11T14:52:36,2290.15,42.38,28.12,25.75,275.0,46.0
2026-05-11T14:52:38,2291.4,42.44,28.12,25.75,313.0,55.0
2026-05-11T14:52:39,2292.65,42.44,28.12,25.81,304.0,53.0
2026-05-11T14:52:40,2293.9,42.5,28.12,25.75,300.0,52.0
2026-05-11T14:52:41,2295.15,42.5,28.12,25.81,338.0,61.0
2026-05-11T14:52:43,2296.41,42.56,28.12,25.75,315.0,55.0
2026-05-11T14:52:44,2297.66,42.63,28.12,25.75,331.0,59.0
2026-05-11T14:52:45,2298.91,42.63,28.06,25.75,321.0,57.0
2026-05-11T14:52:46,2300.16,42.69,28.12,25.75,307.0,54.0
2026-05-11T14:52:48,2301.41,42.69,28.12,25.75,299.0,52.0
2026-05-11T14:52:49,2302.66,42.69,28.12,25.75,311.0,55.0
2026-05-11T14:52:50,2303.92,42.75,28.12,25.75,306.0,53.0
2026-05-11T14:52:51,2305.17,42.81,28.12,25.75,326.0,58.0
2026-05-11T14:52:53,2306.42,42.81,28.12,25.81,318.0,56.0
2026-05-11T14:52:54,2307.67,42.88,28.12,25.81,311.0,55.0
2026-05-11T14:52:55,2308.92,42.88,28.12,25.75,295.0,51.0
2026-05-11T14:52:56,2310.18,42.88,28.12,25.81,301.0,52.0
2026-05-11T14:52:58,2311.43,42.94,28.12,25.81,335.0,60.0
2026-05-11T14:52:59,2312.68,42.94,28.12,25.81,336.0,60.0
2026-05-11T14:53:00,2313.93,43.0,28.12,25.75,331.0,59.0
2026-05-11T14:53:01,2315.18,43.06,28.12,25.75,323.0,57.0
2026-05-11T14:53:03,2316.43,43.06,28.12,25.81,340.0,61.0
2026-05-11T14:53:04,2317.69,43.13,28.12,25.81,312.0,55.0
2026-05-11T14:53:05,2318.94,43.13,28.12,25.81,337.0,61.0
2026-05-11T14:53:06,2320.19,43.19,28.12,25.81,324.0,58.0
2026-05-11T14:53:08,2321.44,43.19,28.12,25.75,318.0,56.0
2026-05-11T14:53:09,2322.69,43.19,28.12,25.75,297.0,51.0
2026-05-11T14:53:10,2323.94,43.25,28.12,25.81,305.0,53.0
2026-05-11T14:53:11,2325.2,43.25,28.12,25.81,299.0,52.0
2026-05-11T14:53:13,2326.45,43.31,28.06,25.81,312.0,55.0
2026-05-11T14:53:14,2327.7,43.38,28.12,25.81,326.0,58.0
2026-05-11T14:53:15,2328.95,43.38,28.12,25.81,254.0,41.0
2026-05-11T14:53:16,2330.2,43.38,28.12,25.81,316.0,56.0
2026-05-11T14:53:18,2331.46,43.44,28.12,25.81,323.0,57.0
2026-05-11T14:53:19,2332.71,43.44,28.12,25.81,331.0,59.0
2026-05-11T14:53:20,2333.96,43.5,28.12,25.81,315.0,55.0
2026-05-11T14:53:21,2335.21,43.5,28.06,25.81,310.0,54.0
2026-05-11T14:53:23,2336.46,43.5,28.12,25.81,318.0,56.0
2026-05-11T14:53:24,2337.71,43.5,28.12,25.81,318.0,56.0
2026-05-11T14:53:25,2338.97,43.63,28.12,25.81,328.0,59.0
2026-05-11T14:53:26,2340.22,43.63,28.12,25.81,311.0,55.0
2026-05-11T14:53:28,2341.47,43.69,28.06,25.81,309.0,54.0
2026-05-11T14:53:29,2342.72,43.69,28.12,25.81,324.0,58.0
2026-05-11T14:53:30,2343.97,43.69,28.06,25.81,327.0,58.0
2026-05-11T14:53:31,2345.22,43.69,28.12,25.81,315.0,55.0
2026-05-11T14:53:33,2346.48,43.75,28.12,25.81,342.0,62.0
2026-05-11T14:53:34,2347.73,43.75,28.12,25.81,344.0,62.0
2026-05-11T14:53:35,2348.98,43.81,28.12,25.81,340.0,61.0
2026-05-11T14:53:36,2350.23,43.81,28.12,25.81,344.0,62.0
2026-05-11T14:53:38,2351.48,43.88,28.12,25.81,301.0,52.0
2026-05-11T14:53:39,2352.73,43.88,28.12,25.81,305.0,53.0
2026-05-11T14:53:40,2353.99,43.88,28.12,25.75,319.0,56.0
2026-05-11T14:53:41,2355.24,43.88,28.12,25.81,303.0,53.0
2026-05-11T14:53:43,2356.49,43.94,28.06,25.81,300.0,52.0
2026-05-11T14:53:44,2357.74,43.94,28.06,25.81,308.0,54.0
2026-05-11T14:53:45,2358.99,44.0,28.12,25.81,336.0,60.0
2026-05-11T14:53:46,2360.25,44.0,28.12,25.81,333.0,60.0
2026-05-11T14:53:48,2361.5,44.06,28.06,25.81,308.0,54.0
2026-05-11T14:53:49,2362.75,44.06,28.06,25.81,310.0,54.0
2026-05-11T14:53:50,2364.0,44.06,28.06,25.81,320.0,57.0
2026-05-11T14:53:51,2365.25,44.13,28.12,25.81,342.0,62.0
2026-05-11T14:53:53,2366.5,44.13,28.06,25.81,326.0,58.0
2026-05-11T14:53:54,2367.76,44.13,28.06,25.81,294.0,50.0
2026-05-11T14:53:55,2369.01,44.19,28.06,25.81,323.0,57.0
2026-05-11T14:53:56,2370.26,44.19,28.12,25.81,312.0,55.0
2026-05-11T14:53:58,2371.51,44.25,28.12,25.81,338.0,61.0
2026-05-11T14:53:59,2372.76,44.25,28.06,25.81,332.0,60.0
2026-05-11T14:54:00,2374.01,44.25,28.06,25.81,326.0,58.0
2026-05-11T14:54:01,2375.27,44.25,28.12,25.81,293.0,50.0
2026-05-11T14:54:03,2376.52,44.31,28.06,25.81,342.0,62.0
2026-05-11T14:54:04,2377.77,44.31,28.06,25.81,300.0,52.0
2026-05-11T14:54:05,2379.02,44.38,28.06,25.81,321.0,57.0
2026-05-11T14:54:06,2380.27,44.38,28.06,25.81,302.0,52.0
2026-05-11T14:54:08,2381.53,44.38,28.06,25.81,320.0,57.0
2026-05-11T14:54:09,2382.78,44.38,28.06,25.81,323.0,57.0
2026-05-11T14:54:10,2384.03,44.44,28.06,25.81,279.0,47.0
2026-05-11T14:54:11,2385.28,44.44,28.06,25.81,304.0,53.0
2026-05-11T14:54:13,2386.53,44.44,28.06,25.81,292.0,50.0
2026-05-11T14:54:14,2387.78,44.5,28.06,25.81,265.0,44.0
2026-05-11T14:54:15,2389.04,44.5,28.06,25.81,318.0,56.0
2026-05-11T14:54:16,2390.29,44.5,28.06,25.81,345.0,63.0
2026-05-11T14:54:18,2391.54,44.56,28.06,25.81,347.0,63.0
2026-05-11T14:54:19,2392.79,44.56,28.06,25.81,339.0,61.0
2026-05-11T14:54:20,2394.04,44.56,28.06,25.81,309.0,54.0
2026-05-11T14:54:21,2395.29,44.56,28.06,25.81,308.0,54.0
2026-05-11T14:54:23,2396.55,44.63,28.06,25.81,316.0,56.0
2026-05-11T14:54:24,2397.8,44.63,28.06,25.81,270.0,45.0
2026-05-11T14:54:25,2399.05,44.69,28.06,25.81,291.0,50.0
2026-05-11T14:54:26,2400.3,44.69,28.06,25.81,311.0,55.0
2026-05-11T14:54:28,2401.55,44.69,28.06,25.81,337.0,61.0
2026-05-11T14:54:29,2402.81,44.69,28.06,25.81,321.0,57.0
2026-05-11T14:54:30,2404.06,44.75,28.06,25.81,334.0,60.0
2026-05-11T14:54:31,2405.31,44.75,28.06,25.81,319.0,56.0
2026-05-11T14:54:33,2406.56,44.81,28.12,25.81,306.0,53.0
2026-05-11T14:54:34,2407.81,44.81,28.06,25.75,338.0,61.0
2026-05-11T14:54:35,2409.06,44.81,28.06,25.81,288.0,49.0
2026-05-11T14:54:36,2410.32,44.81,28.06,25.81,291.0,50.0
2026-05-11T14:54:38,2411.57,44.81,28.06,25.81,330.0,59.0
2026-05-11T14:54:39,2412.82,44.88,28.06,25.81,298.0,51.0
2026-05-11T14:54:40,2414.07,44.88,28.06,25.81,340.0,61.0
2026-05-11T14:54:41,2415.32,44.88,28.06,25.81,325.0,58.0
2026-05-11T14:54:43,2416.57,44.94,28.06,25.81,303.0,53.0
2026-05-11T14:54:44,2417.83,44.94,28.06,25.81,268.0,44.0
2026-05-11T14:54:45,2419.08,44.94,28.06,25.81,342.0,62.0
2026-05-11T14:54:46,2420.33,44.94,28.06,25.81,318.0,56.0
2026-05-11T14:54:48,2421.58,45.0,28.12,25.81,321.0,57.0
2026-05-11T14:54:49,2422.83,45.0,28.06,25.81,273.0,45.0
2026-05-11T14:54:50,2424.09,45.0,28.06,25.81,290.0,50.0
2026-05-11T14:54:51,2425.34,45.0,28.06,25.81,289.0,49.0
2026-05-11T14:54:53,2426.59,45.0,28.06,25.81,325.0,58.0
2026-05-11T14:54:54,2427.84,45.06,28.06,25.81,325.0,58.0
2026-05-11T14:54:55,2429.09,45.06,28.06,25.81,315.0,55.0
2026-05-11T14:54:56,2430.34,45.06,28.06,25.81,318.0,56.0
2026-05-11T14:54:58,2431.6,45.06,28.06,25.81,309.0,54.0
2026-05-11T14:54:59,2432.85,45.13,28.06,25.81,302.0,52.0
2026-05-11T14:55:00,2434.1,45.13,28.06,25.81,337.0,61.0
2026-05-11T14:55:01,2435.35,45.19,28.06,25.81,338.0,61.0
2026-05-11T14:55:03,2436.6,45.19,28.06,25.81,300.0,52.0
2026-05-11T14:55:04,2437.85,45.19,28.06,25.81,323.0,57.0
2026-05-11T14:55:05,2439.11,45.19,28.06,25.81,334.0,60.0
2026-05-11T14:55:07,2440.36,45.19,28.06,25.81,324.0,58.0
2026-05-11T14:55:08,2441.61,45.25,28.06,25.81,296.0,51.0
2026-05-11T14:55:09,2442.86,45.19,28.06,25.81,306.0,53.0
2026-05-11T14:55:10,2444.11,45.25,28.06,25.81,292.0,50.0
2026-05-11T14:55:12,2445.37,45.25,28.06,25.81,330.0,59.0
2026-05-11T14:55:13,2446.62,45.31,28.06,25.81,312.0,55.0
2026-05-11T14:55:14,2447.87,45.31,28.06,25.81,290.0,50.0
2026-05-11T14:55:15,2449.12,45.31,28.06,25.81,281.0,47.0
2026-05-11T14:55:17,2450.37,45.31,28.0,25.81,294.0,50.0
2026-05-11T14:55:18,2451.62,45.38,28.06,25.81,312.0,55.0
2026-05-11T14:55:19,2452.88,45.38,28.06,25.81,335.0,60.0
2026-05-11T14:55:20,2454.13,45.38,28.06,25.81,333.0,60.0
2026-05-11T14:55:22,2455.38,45.38,28.06,25.81,301.0,52.0
2026-05-11T14:55:23,2456.63,45.38,28.06,25.81,302.0,52.0
2026-05-11T14:55:24,2457.88,45.44,28.06,25.81,337.0,61.0
2026-05-11T14:55:25,2459.13,45.44,28.06,25.81,307.0,54.0
2026-05-11T14:55:27,2460.39,45.44,28.06,25.81,313.0,55.0
2026-05-11T14:55:28,2461.64,45.44,28.06,25.81,335.0,60.0
2026-05-11T14:55:29,2462.89,45.5,28.06,25.81,295.0,51.0
2026-05-11T14:55:30,2464.14,45.5,28.06,25.75,303.0,53.0
2026-05-11T14:55:32,2465.39,45.5,28.06,25.81,320.0,57.0
2026-05-11T14:55:33,2466.64,45.5,28.06,25.81,321.0,57.0
2026-05-11T14:55:34,2467.9,45.5,28.0,25.81,334.0,60.0
2026-05-11T14:55:35,2469.15,45.5,28.06,25.81,305.0,53.0
2026-05-11T14:55:37,2470.4,45.5,28.06,25.81,336.0,60.0
2026-05-11T14:55:38,2471.65,45.56,28.06,25.75,331.0,59.0
2026-05-11T14:55:39,2472.9,45.63,28.06,25.81,337.0,61.0
2026-05-11T14:55:40,2474.16,45.63,28.0,25.81,322.0,57.0
2026-05-11T14:55:42,2475.41,45.63,28.06,25.81,334.0,60.0
2026-05-11T14:55:43,2476.66,45.63,28.0,25.81,311.0,55.0
2026-05-11T14:55:44,2477.91,45.63,28.06,25.81,297.0,51.0
2026-05-11T14:55:45,2479.16,45.63,28.0,25.81,253.0,41.0
2026-05-11T14:55:47,2480.41,45.63,28.06,25.81,286.0,49.0
2026-05-11T14:55:48,2481.67,45.69,28.06,25.81,347.0,63.0
2026-05-11T14:55:49,2482.92,45.69,28.06,25.81,325.0,58.0
2026-05-11T14:55:50,2484.17,45.69,28.06,25.81,311.0,55.0
2026-05-11T14:55:52,2485.42,45.69,28.0,25.81,333.0,60.0
2026-05-11T14:55:53,2486.67,45.75,28.06,25.81,310.0,54.0
2026-05-11T14:55:54,2487.92,45.75,28.06,25.81,263.0,43.0
2026-05-11T14:55:55,2489.18,45.69,28.0,25.81,322.0,57.0
2026-05-11T14:55:57,2490.43,45.69,28.0,25.81,292.0,50.0
2026-05-11T14:55:58,2491.68,45.75,28.06,25.81,331.0,59.0
2026-05-11T14:55:59,2492.93,45.75,28.0,25.81,330.0,59.0
2026-05-11T14:56:00,2494.18,45.75,28.0,25.81,313.0,55.0
2026-05-11T14:56:02,2495.43,45.75,28.0,25.81,323.0,57.0
2026-05-11T14:56:03,2496.69,45.81,28.0,25.81,280.0,47.0
2026-05-11T14:56:04,2497.94,45.81,28.06,25.81,311.0,55.0
2026-05-11T14:56:05,2499.19,45.81,28.06,25.81,285.0,48.0
2026-05-11T14:56:07,2500.44,45.81,28.0,25.81,323.0,57.0
2026-05-11T14:56:08,2501.69,45.81,28.0,25.81,325.0,58.0
2026-05-11T14:56:09,2502.95,45.88,28.06,25.87,331.0,59.0
2026-05-11T14:56:10,2504.2,45.88,28.0,25.81,318.0,56.0
2026-05-11T14:56:12,2505.45,45.88,28.0,25.81,337.0,61.0
2026-05-11T14:56:13,2506.7,45.88,28.0,25.81,274.0,46.0
2026-05-11T14:56:14,2507.95,45.88,28.0,25.81,315.0,55.0
2026-05-11T14:56:15,2509.2,45.88,28.0,25.81,322.0,57.0
2026-05-11T14:56:17,2510.46,45.94,28.0,25.81,340.0,61.0
2026-05-11T14:56:18,2511.71,45.94,28.0,25.81,290.0,50.0
2026-05-11T14:56:19,2512.96,45.94,28.06,25.81,318.0,56.0
2026-05-11T14:56:20,2514.21,45.94,28.06,25.81,288.0,49.0
2026-05-11T14:56:22,2515.46,45.94,28.0,25.81,342.0,62.0
2026-05-11T14:56:23,2516.72,45.94,28.0,25.81,321.0,57.0
2026-05-11T14:56:24,2517.97,46.0,28.0,25.81,326.0,58.0
2026-05-11T14:56:25,2519.22,46.0,28.06,25.81,330.0,59.0
2026-05-11T14:56:27,2520.47,46.0,28.0,25.81,321.0,57.0
2026-05-11T14:56:28,2521.72,46.0,28.0,25.81,329.0,59.0
2026-05-11T14:56:29,2522.97,46.0,28.0,25.81,326.0,58.0
2026-05-11T14:56:30,2524.23,46.0,28.0,25.87,259.0,42.0
2026-05-11T14:56:32,2525.48,46.0,28.0,25.81,293.0,50.0
2026-05-11T14:56:33,2526.73,46.0,28.0,25.81,325.0,58.0
2026-05-11T14:56:34,2527.98,46.0,28.0,25.81,303.0,53.0
2026-05-11T14:56:35,2529.23,46.06,28.0,25.81,316.0,56.0
2026-05-11T14:56:37,2530.48,46.06,28.0,25.81,249.0,40.0
2026-05-11T14:56:38,2531.74,46.06,28.06,25.81,296.0,51.0
2026-05-11T14:56:39,2532.99,46.13,28.0,25.87,333.0,60.0
2026-05-11T14:56:40,2534.24,46.06,28.0,25.81,330.0,59.0
2026-05-11T14:56:42,2535.49,46.13,28.0,25.81,217.0,32.0
2026-05-11T14:56:43,2536.74,46.13,28.06,25.81,325.0,58.0
2026-05-11T14:56:44,2537.99,46.13,28.06,25.81,304.0,53.0
2026-05-11T14:56:45,2539.25,46.13,28.0,25.81,312.0,55.0
2026-05-11T14:56:47,2540.5,46.13,28.0,25.81,300.0,52.0
2026-05-11T14:56:48,2541.75,46.13,28.0,25.81,287.0,49.0
2026-05-11T14:56:49,2543.0,46.19,28.06,25.81,289.0,49.0
2026-05-11T14:56:50,2544.25,46.19,28.0,25.81,330.0,59.0
2026-05-11T14:56:52,2545.51,46.19,28.0,25.81,334.0,60.0
2026-05-11T14:56:53,2546.76,46.19,28.0,25.81,328.0,59.0
2026-05-11T14:56:54,2548.01,46.19,28.0,25.81,340.0,61.0
2026-05-11T14:56:55,2549.26,46.19,28.0,25.81,276.0,46.0
2026-05-11T14:56:57,2550.51,46.19,28.0,25.81,277.0,46.0
2026-05-11T14:56:58,2551.76,46.19,28.0,25.81,352.0,64.0
2026-05-11T14:56:59,2553.02,46.19,28.0,25.81,326.0,58.0
2026-05-11T14:57:00,2554.27,46.19,28.0,25.81,305.0,53.0
2026-05-11T14:57:02,2555.52,46.25,28.0,25.81,263.0,43.0
2026-05-11T14:57:03,2556.77,46.25,28.0,25.81,343.0,62.0
2026-05-11T14:57:04,2558.02,46.25,28.0,25.81,336.0,60.0
2026-05-11T14:57:05,2559.27,46.25,28.0,25.81,310.0,54.0
2026-05-11T14:57:07,2560.53,46.25,28.0,25.81,349.0,64.0
2026-05-11T14:57:08,2561.78,46.25,28.0,25.81,319.0,56.0
2026-05-11T14:57:09,2563.03,46.31,28.06,25.81,299.0,52.0
2026-05-11T14:57:10,2564.28,46.31,28.0,25.81,309.0,54.0
2026-05-11T14:57:12,2565.53,46.31,28.0,25.81,304.0,53.0
2026-05-11T14:57:13,2566.79,46.31,28.0,25.81,313.0,55.0
2026-05-11T14:57:14,2568.04,46.31,28.06,25.81,324.0,58.0
2026-05-11T14:57:15,2569.29,46.31,28.0,25.81,284.0,48.0
2026-05-11T14:57:17,2570.54,46.31,28.0,25.81,319.0,56.0
2026-05-11T14:57:18,2571.79,46.31,28.0,25.81,312.0,55.0
2026-05-11T14:57:19,2573.04,46.38,28.06,25.81,246.0,39.0
2026-05-11T14:57:20,2574.29,46.31,28.06,25.81,326.0,58.0
2026-05-11T14:57:22,2575.55,46.38,28.0,25.81,299.0,52.0
2026-05-11T14:57:23,2576.8,46.38,28.0,25.81,340.0,61.0
2026-05-11T14:57:24,2578.05,46.38,28.0,25.81,313.0,55.0
2026-05-11T14:57:25,2579.3,46.38,28.0,25.81,274.0,46.0
2026-05-11T14:57:27,2580.55,46.38,28.0,25.81,327.0,58.0
2026-05-11T14:57:28,2581.81,46.38,28.0,25.81,308.0,54.0
2026-05-11T14:57:29,2583.06,46.44,28.0,25.81,252.0,40.0
2026-05-11T14:57:30,2584.31,46.44,28.0,25.81,323.0,57.0
2026-05-11T14:57:32,2585.56,46.44,28.0,25.81,324.0,58.0
2026-05-11T14:57:33,2586.81,46.44,28.0,25.81,289.0,49.0
2026-05-11T14:57:34,2588.06,46.44,28.0,25.81,301.0,52.0
2026-05-11T14:57:35,2589.32,46.44,28.0,25.81,335.0,60.0
2026-05-11T14:57:37,2590.57,46.44,28.0,25.81,343.0,62.0
2026-05-11T14:57:38,2591.82,46.44,28.06,25.81,315.0,55.0
2026-05-11T14:57:39,2593.07,46.44,28.0,25.81,290.0,50.0
2026-05-11T14:57:40,2594.32,46.44,28.0,25.81,309.0,54.0
2026-05-11T14:57:42,2595.58,46.5,28.0,25.81,336.0,60.0
2026-05-11T14:57:43,2596.83,46.5,28.0,25.75,319.0,56.0
2026-05-11T14:57:44,2598.08,46.5,28.0,25.81,333.0,60.0
2026-05-11T14:57:45,2599.33,46.5,28.0,25.81,289.0,49.0
2026-05-11T14:57:47,2600.58,46.5,28.0,25.81,336.0,60.0
2026-05-11T14:57:48,2601.83,46.5,28.0,25.81,292.0,50.0
2026-05-11T14:57:49,2603.08,46.5,28.0,25.81,332.0,60.0
2026-05-11T14:57:50,2604.34,46.5,28.0,25.75,322.0,57.0
2026-05-11T14:57:52,2605.59,46.5,28.0,25.81,322.0,57.0
2026-05-11T14:57:53,2606.84,46.56,28.0,25.81,303.0,53.0
2026-05-11T14:57:54,2608.09,46.56,28.0,25.81,310.0,54.0
2026-05-11T14:57:55,2609.34,46.56,28.0,25.81,320.0,57.0
2026-05-11T14:57:57,2610.6,46.56,28.0,25.81,308.0,54.0
2026-05-11T14:57:58,2611.85,46.56,28.0,25.81,326.0,58.0
2026-05-11T14:57:59,2613.1,46.56,28.0,25.81,322.0,57.0
2026-05-11T14:58:00,2614.35,46.56,28.0,25.81,315.0,55.0
2026-05-11T14:58:02,2615.6,46.56,28.0,25.81,338.0,61.0
2026-05-11T14:58:03,2616.85,46.63,28.0,25.81,299.0,52.0
2026-05-11T14:58:04,2618.11,46.63,28.0,25.81,305.0,53.0
2026-05-11T14:58:06,2619.36,46.63,28.0,25.81,318.0,56.0
2026-05-11T14:58:07,2620.61,46.63,28.0,25.81,301.0,52.0
2026-05-11T14:58:08,2621.86,46.63,28.0,25.81,308.0,54.0
2026-05-11T14:58:09,2623.11,46.63,28.0,25.81,333.0,60.0
2026-05-11T14:58:11,2624.37,46.63,28.0,25.81,318.0,56.0
2026-05-11T14:58:12,2625.62,46.63,28.0,25.81,310.0,54.0
2026-05-11T14:58:13,2626.87,46.63,28.0,25.81,271.0,45.0
2026-05-11T14:58:14,2628.12,46.69,28.0,25.81,341.0,62.0
2026-05-11T14:58:16,2629.37,46.69,28.0,25.81,316.0,56.0
2026-05-11T14:58:17,2630.62,46.63,28.0,25.81,309.0,54.0
2026-05-11T14:58:18,2631.88,46.69,28.0,25.81,314.0,55.0
2026-05-11T14:58:19,2633.13,46.69,28.0,25.81,334.0,60.0
2026-05-11T14:58:21,2634.38,46.69,28.0,25.81,317.0,56.0
2026-05-11T14:58:22,2635.63,46.69,28.0,25.81,305.0,53.0
2026-05-11T14:58:23,2636.88,46.69,28.0,25.81,324.0,58.0
2026-05-11T14:58:24,2638.13,46.69,28.0,25.81,302.0,52.0
2026-05-11T14:58:26,2639.39,46.69,28.0,25.81,313.0,55.0
2026-05-11T14:58:27,2640.64,46.69,28.0,25.81,323.0,57.0
2026-05-11T14:58:28,2641.89,46.69,28.0,25.81,316.0,56.0
2026-05-11T14:58:29,2643.14,46.69,28.0,25.81,317.0,56.0
2026-05-11T14:58:31,2644.39,46.69,28.0,25.81,334.0,60.0
2026-05-11T14:58:32,2645.64,46.75,28.0,25.81,324.0,58.0
2026-05-11T14:58:33,2646.9,46.75,28.0,25.81,316.0,56.0
2026-05-11T14:58:34,2648.15,46.75,28.0,25.81,318.0,56.0
2026-05-11T14:58:36,2649.4,46.75,28.0,25.81,322.0,57.0
2026-05-11T14:58:37,2650.65,46.75,28.0,25.81,309.0,54.0
2026-05-11T14:58:38,2651.9,46.75,28.0,25.81,286.0,49.0
2026-05-11T14:58:39,2653.16,46.75,28.0,25.81,290.0,50.0
2026-05-11T14:58:41,2654.41,46.75,28.0,25.81,343.0,62.0
2026-05-11T14:58:42,2655.66,46.75,28.0,25.81,283.0,48.0
2026-05-11T14:58:43,2656.91,46.75,28.0,25.81,315.0,55.0
2026-05-11T14:58:44,2658.16,46.81,28.0,25.81,305.0,53.0
2026-05-11T14:58:46,2659.41,46.81,28.0,25.81,312.0,55.0
2026-05-11T14:58:47,2660.67,46.81,28.0,25.81,304.0,53.0
2026-05-11T14:58:48,2661.92,46.81,28.0,25.81,343.0,62.0
2026-05-11T14:58:49,2663.17,46.81,28.0,25.81,305.0,53.0
2026-05-11T14:58:51,2664.42,46.81,28.0,25.81,302.0,52.0
2026-05-11T14:58:52,2665.67,46.81,28.0,25.81,332.0,60.0
2026-05-11T14:58:53,2666.92,46.81,28.0,25.81,329.0,59.0
2026-05-11T14:58:54,2668.18,46.81,28.0,25.81,301.0,52.0
2026-05-11T14:58:56,2669.43,46.81,28.0,25.81,283.0,48.0
2026-05-11T14:58:57,2670.68,46.81,28.0,25.81,329.0,59.0
2026-05-11T14:58:58,2671.93,46.81,28.0,25.75,318.0,56.0
2026-05-11T14:58:59,2673.18,46.88,28.0,25.81,324.0,58.0
2026-05-11T14:59:01,2674.43,46.88,28.0,25.81,319.0,56.0
2026-05-11T14:59:02,2675.69,46.88,28.0,25.81,308.0,54.0
2026-05-11T14:59:03,2676.94,46.88,28.0,25.81,300.0,52.0
2026-05-11T14:59:04,2678.19,46.88,28.0,25.75,314.0,55.0
2026-05-11T14:59:06,2679.44,46.88,28.0,25.81,286.0,49.0
2026-05-11T14:59:07,2680.69,46.88,28.0,25.81,303.0,53.0
2026-05-11T14:59:08,2681.95,46.88,28.0,25.81,313.0,55.0
2026-05-11T14:59:09,2683.2,46.88,28.0,25.75,309.0,54.0
2026-05-11T14:59:11,2684.45,46.88,28.0,25.81,335.0,60.0
2026-05-11T14:59:12,2685.7,46.88,28.0,25.81,301.0,52.0
2026-05-11T14:59:13,2686.95,46.88,28.0,25.81,322.0,57.0
2026-05-11T14:59:14,2688.2,46.88,28.0,25.81,326.0,58.0
2026-05-11T14:59:16,2689.46,46.94,28.0,25.81,307.0,54.0
2026-05-11T14:59:17,2690.71,46.88,28.0,25.81,284.0,48.0
2026-05-11T14:59:18,2691.96,46.94,28.0,25.81,319.0,56.0
2026-05-11T14:59:19,2693.21,46.94,28.0,25.81,335.0,60.0
2026-05-11T14:59:21,2694.46,46.94,28.0,25.75,333.0,60.0
2026-05-11T14:59:22,2695.71,46.94,28.0,25.81,224.0,34.0
2026-05-11T14:59:23,2696.97,46.94,28.0,25.75,279.0,47.0
2026-05-11T14:59:24,2698.22,46.94,28.0,25.81,322.0,57.0
2026-05-11T14:59:26,2699.47,46.94,28.0,25.75,314.0,55.0
2026-05-11T14:59:27,2700.72,46.94,28.0,25.75,338.0,61.0
2026-05-11T14:59:28,2701.97,46.94,28.0,25.75,305.0,53.0
2026-05-11T14:59:29,2703.23,47.0,28.0,25.81,314.0,55.0
2026-05-11T14:59:31,2704.48,47.0,28.0,25.81,338.0,61.0
2026-05-11T14:59:32,2705.73,46.94,28.0,25.75,294.0,50.0
2026-05-11T14:59:33,2706.98,46.94,28.0,25.75,341.0,62.0
2026-05-11T14:59:34,2708.23,46.94,28.0,25.75,330.0,59.0
2026-05-11T14:59:36,2709.48,47.0,28.0,25.75,284.0,48.0
2026-05-11T14:59:37,2710.74,47.0,28.0,25.75,320.0,57.0
2026-05-11T14:59:38,2711.99,47.0,28.0,25.75,321.0,57.0
2026-05-11T14:59:39,2713.24,47.0,28.0,25.75,311.0,55.0
2026-05-11T14:59:41,2714.49,47.0,28.0,25.81,345.0,63.0
2026-05-11T14:59:42,2715.74,47.0,28.0,25.75,319.0,56.0
2026-05-11T14:59:43,2716.99,47.0,28.0,25.81,330.0,59.0
2026-05-11T14:59:44,2718.25,47.0,28.0,25.75,314.0,55.0
2026-05-11T14:59:46,2719.5,47.0,28.0,25.75,281.0,47.0
2026-05-11T14:59:47,2720.75,47.0,28.0,25.75,330.0,59.0
2026-05-11T14:59:48,2722.0,47.0,28.0,25.75,321.0,57.0
2026-05-11T14:59:49,2723.25,47.0,28.0,25.81,323.0,57.0
2026-05-11T14:59:51,2724.51,47.0,28.0,25.75,323.0,57.0
2026-05-11T14:59:52,2725.76,47.0,28.0,25.75,319.0,56.0
2026-05-11T14:59:53,2727.01,47.06,28.0,25.75,326.0,58.0
2026-05-11T14:59:54,2728.26,47.0,28.0,25.81,335.0,60.0
2026-05-11T14:59:56,2729.51,47.0,28.0,25.75,330.0,59.0
2026-05-11T14:59:57,2730.76,47.0,28.0,25.75,326.0,58.0
2026-05-11T14:59:58,2732.02,47.06,28.0,25.75,288.0,49.0
2026-05-11T14:59:59,2733.27,47.06,28.0,25.75,332.0,60.0
2026-05-11T15:00:01,2734.52,47.06,28.0,25.75,278.0,47.0
2026-05-11T15:00:02,2735.77,47.06,28.0,25.75,317.0,56.0
2026-05-11T15:00:03,2737.02,47.06,28.0,25.75,319.0,56.0
2026-05-11T15:00:04,2738.27,47.06,28.0,25.75,290.0,50.0
2026-05-11T15:00:06,2739.53,47.06,28.0,25.81,311.0,55.0
2026-05-11T15:00:07,2740.78,47.06,28.0,25.75,331.0,59.0
2026-05-11T15:00:08,2742.03,47.06,28.0,25.75,285.0,48.0
2026-05-11T15:00:09,2743.28,47.06,28.0,25.75,344.0,62.0
2026-05-11T15:00:11,2744.53,47.06,28.0,25.81,311.0,55.0
2026-05-11T15:00:12,2745.78,47.13,28.0,25.75,298.0,51.0
2026-05-11T15:00:13,2747.04,47.13,28.0,25.75,324.0,58.0
2026-05-11T15:00:14,2748.29,47.13,28.0,25.75,312.0,55.0
2026-05-11T15:00:16,2749.54,47.13,28.0,25.75,318.0,56.0
2026-05-11T15:00:17,2750.79,47.13,28.0,25.75,331.0,59.0
2026-05-11T15:00:18,2752.04,47.13,28.0,25.75,339.0,61.0
2026-05-11T15:00:19,2753.29,47.13,28.0,25.75,289.0,49.0
2026-05-11T15:00:21,2754.55,47.13,28.0,25.81,272.0,45.0
2026-05-11T15:00:22,2755.8,47.13,28.0,25.75,335.0,60.0
2026-05-11T15:00:23,2757.05,47.13,28.0,25.75,319.0,56.0
2026-05-11T15:00:24,2758.3,47.13,28.0,25.75,294.0,50.0
2026-05-11T15:00:26,2759.55,47.13,28.0,25.75,285.0,48.0
2026-05-11T15:00:27,2760.81,47.13,28.0,25.75,323.0,57.0
2026-05-11T15:00:28,2762.06,47.19,28.0,25.75,330.0,59.0
2026-05-11T15:00:29,2763.31,47.13,28.0,25.75,318.0,56.0
2026-05-11T15:00:31,2764.56,47.13,28.0,25.75,332.0,60.0
2026-05-11T15:00:32,2765.81,47.19,28.0,25.75,338.0,61.0
2026-05-11T15:00:33,2767.06,47.19,28.0,25.75,323.0,57.0
2026-05-11T15:00:34,2768.32,47.19,28.0,25.75,296.0,51.0
2026-05-11T15:00:36,2769.57,47.19,28.0,25.75,327.0,58.0
2026-05-11T15:00:37,2770.82,47.19,28.0,25.75,314.0,55.0
2026-05-11T15:00:38,2772.07,47.19,28.0,25.75,324.0,58.0
2026-05-11T15:00:39,2773.32,47.19,28.0,25.75,318.0,56.0
2026-05-11T15:00:41,2774.57,47.19,28.0,25.75,319.0,56.0
2026-05-11T15:00:42,2775.83,47.19,28.0,25.75,309.0,54.0
2026-05-11T15:00:43,2777.08,47.19,28.0,25.75,241.0,38.0
2026-05-11T15:00:44,2778.33,47.19,28.0,25.75,313.0,55.0
2026-05-11T15:00:46,2779.58,47.19,28.0,25.75,325.0,58.0
2026-05-11T15:00:47,2780.83,47.19,28.0,25.75,254.0,41.0
2026-05-11T15:00:48,2782.09,47.19,28.0,25.75,308.0,54.0
2026-05-11T15:00:49,2783.34,47.19,28.0,25.75,326.0,58.0
2026-05-11T15:00:51,2784.59,47.19,28.0,25.75,322.0,57.0
2026-05-11T15:00:52,2785.84,47.19,28.0,25.75,294.0,50.0
2026-05-11T15:00:53,2787.09,47.19,28.0,25.75,321.0,57.0
2026-05-11T15:00:54,2788.34,47.19,28.0,25.75,299.0,52.0
2026-05-11T15:00:56,2789.6,47.19,28.0,25.75,320.0,57.0
2026-05-11T15:00:57,2790.85,47.25,28.0,25.75,325.0,58.0
2026-05-11T15:00:58,2792.1,47.25,28.0,25.75,313.0,55.0
2026-05-11T15:00:59,2793.35,47.25,28.0,25.75,322.0,57.0
2026-05-11T15:01:01,2794.6,47.25,28.0,25.75,321.0,57.0
2026-05-11T15:01:02,2795.85,47.25,28.0,25.75,292.0,50.0
2026-05-11T15:01:03,2797.11,47.25,28.0,25.75,321.0,57.0
2026-05-11T15:01:05,2798.36,47.25,28.0,25.75,328.0,59.0
2026-05-11T15:01:06,2799.61,47.25,28.0,25.75,315.0,55.0
2026-05-11T15:01:07,2800.86,47.25,28.0,25.75,303.0,53.0
2026-05-11T15:01:08,2802.11,47.25,28.0,25.75,300.0,52.0
2026-05-11T15:01:10,2803.36,47.25,28.0,25.75,336.0,60.0
2026-05-11T15:01:11,2804.62,47.25,28.0,25.75,303.0,53.0
2026-05-11T15:01:12,2805.87,47.25,28.0,25.75,288.0,49.0
2026-05-11T15:01:13,2807.12,47.25,28.0,25.75,334.0,60.0
2026-05-11T15:01:15,2808.37,47.25,28.0,25.75,334.0,60.0
2026-05-11T15:01:16,2809.62,47.31,28.0,25.75,320.0,57.0
2026-05-11T15:01:17,2810.88,47.25,28.0,25.75,272.0,45.0
2026-05-11T15:01:18,2812.13,47.31,28.0,25.75,327.0,58.0
2026-05-11T15:01:20,2813.38,47.31,28.0,25.75,303.0,53.0
2026-05-11T15:01:21,2814.63,47.31,28.0,25.75,277.0,46.0
2026-05-11T15:01:22,2815.88,47.31,28.0,25.75,274.0,46.0
2026-05-11T15:01:23,2817.13,47.31,28.0,25.75,337.0,61.0
2026-05-11T15:01:25,2818.39,47.31,28.0,25.75,261.0,43.0
2026-05-11T15:01:26,2819.64,47.31,28.0,25.75,323.0,57.0
2026-05-11T15:01:27,2820.89,47.31,28.0,25.75,300.0,52.0
2026-05-11T15:01:28,2822.14,47.31,28.0,25.75,328.0,59.0
2026-05-11T15:01:30,2823.39,47.31,28.0,25.75,311.0,55.0
2026-05-11T15:01:31,2824.64,47.38,28.0,25.75,254.0,41.0
2026-05-11T15:01:32,2825.9,47.38,28.0,25.75,279.0,47.0
2026-05-11T15:01:33,2827.15,47.38,28.0,25.75,321.0,57.0
2026-05-11T15:01:35,2828.4,47.38,28.0,25.75,300.0,52.0
2026-05-11T15:01:36,2829.65,47.38,28.0,25.75,318.0,56.0
2026-05-11T15:01:37,2830.9,47.38,28.0,25.75,275.0,46.0
2026-05-11T15:01:38,2832.16,47.38,28.0,25.75,276.0,46.0
2026-05-11T15:01:40,2833.41,47.38,28.0,25.75,320.0,57.0
2026-05-11T15:01:41,2834.66,47.38,28.0,25.75,310.0,54.0
2026-05-11T15:01:42,2835.91,47.38,28.0,25.75,337.0,61.0
2026-05-11T15:01:43,2837.16,47.38,28.0,25.75,331.0,59.0
2026-05-11T15:01:45,2838.41,47.38,28.0,25.75,311.0,55.0
2026-05-11T15:01:46,2839.67,47.38,28.0,25.75,286.0,49.0
2026-05-11T15:01:47,2840.92,47.38,28.0,25.75,312.0,55.0
2026-05-11T15:01:48,2842.17,47.38,28.0,25.75,296.0,51.0
2026-05-11T15:01:50,2843.42,47.38,28.0,25.75,302.0,52.0
2026-05-11T15:01:51,2844.67,47.44,28.0,25.75,300.0,52.0
2026-05-11T15:01:52,2845.92,47.44,28.0,25.75,295.0,51.0
2026-05-11T15:01:53,2847.18,47.38,28.0,25.75,334.0,60.0
2026-05-11T15:01:55,2848.43,47.44,28.0,25.75,305.0,53.0
2026-05-11T15:01:56,2849.68,47.38,28.0,25.75,295.0,51.0
2026-05-11T15:01:57,2850.93,47.38,28.0,25.75,310.0,54.0
2026-05-11T15:01:58,2852.18,47.44,28.0,25.75,292.0,50.0
2026-05-11T15:02:00,2853.44,47.44,28.0,25.75,333.0,60.0
2026-05-11T15:02:01,2854.69,47.44,28.0,25.75,320.0,57.0
2026-05-11T15:02:02,2855.94,47.44,28.0,25.75,348.0,63.0
2026-05-11T15:02:03,2857.19,47.44,28.0,25.75,326.0,58.0
2026-05-11T15:02:05,2858.44,47.44,28.0,25.75,283.0,48.0
2026-05-11T15:02:06,2859.69,47.44,28.0,25.75,327.0,58.0
2026-05-11T15:02:07,2860.95,47.44,28.0,25.75,335.0,60.0
2026-05-11T15:02:08,2862.2,47.44,28.0,25.75,344.0,62.0
2026-05-11T15:02:10,2863.45,47.5,28.0,25.75,317.0,56.0
2026-05-11T15:02:11,2864.7,47.44,28.0,25.75,319.0,56.0
2026-05-11T15:02:12,2865.95,47.44,28.0,25.75,333.0,60.0
2026-05-11T15:02:13,2867.2,47.5,28.0,25.75,298.0,51.0
2026-05-11T15:02:15,2868.46,47.44,28.0,25.75,306.0,53.0
2026-05-11T15:02:16,2869.71,47.44,28.0,25.75,279.0,47.0
2026-05-11T15:02:17,2870.96,47.44,28.0,25.75,281.0,47.0
2026-05-11T15:02:18,2872.21,47.44,28.0,25.75,337.0,61.0
2026-05-11T15:02:20,2873.46,47.44,28.0,25.75,287.0,49.0
2026-05-11T15:02:21,2874.72,47.5,28.0,25.75,325.0,58.0
2026-05-11T15:02:22,2875.97,47.44,28.0,25.75,338.0,61.0
2026-05-11T15:02:23,2877.22,47.5,28.0,25.75,331.0,59.0
2026-05-11T15:02:25,2878.47,47.5,28.0,25.75,335.0,60.0
2026-05-11T15:02:26,2879.72,47.44,28.0,25.75,351.0,64.0
2026-05-11T15:02:27,2880.97,47.44,28.0,25.75,313.0,55.0
2026-05-11T15:02:28,2882.23,47.44,28.0,25.69,342.0,62.0
2026-05-11T15:02:30,2883.48,47.5,28.0,25.75,330.0,59.0
2026-05-11T15:02:31,2884.73,47.5,28.0,25.75,269.0,45.0
2026-05-11T15:02:32,2885.98,47.5,28.0,25.75,311.0,55.0
2026-05-11T15:02:33,2887.23,47.5,28.0,25.75,300.0,52.0
2026-05-11T15:02:35,2888.48,47.5,27.94,25.75,255.0,41.0
2026-05-11T15:02:36,2889.74,47.5,28.0,25.75,308.0,54.0
2026-05-11T15:02:37,2890.99,47.5,28.0,25.75,308.0,54.0
2026-05-11T15:02:38,2892.24,47.5,28.0,25.75,294.0,50.0
2026-05-11T15:02:40,2893.49,47.5,28.0,25.75,323.0,57.0
2026-05-11T15:02:41,2894.74,47.5,28.0,25.75,318.0,56.0
2026-05-11T15:02:42,2895.99,47.5,28.0,25.75,304.0,53.0
2026-05-11T15:02:43,2897.25,47.5,28.0,25.75,315.0,55.0
2026-05-11T15:02:45,2898.5,47.5,28.0,25.75,319.0,56.0
2026-05-11T15:02:46,2899.75,47.5,28.0,25.75,329.0,59.0
2026-05-11T15:02:47,2901.0,47.5,28.0,25.75,291.0,50.0
2026-05-11T15:02:48,2902.25,47.56,28.0,25.75,335.0,60.0
2026-05-11T15:02:50,2903.51,47.5,28.0,25.75,267.0,44.0
2026-05-11T15:02:51,2904.76,47.56,28.0,25.75,336.0,60.0
2026-05-11T15:02:52,2906.01,47.5,28.0,25.75,325.0,58.0
2026-05-11T15:02:53,2907.26,47.5,28.0,25.75,341.0,62.0
2026-05-11T15:02:55,2908.51,47.56,28.0,25.75,326.0,58.0
2026-05-11T15:02:56,2909.76,47.56,28.0,25.75,318.0,56.0
2026-05-11T15:02:57,2911.02,47.56,28.0,25.75,328.0,59.0
2026-05-11T15:02:58,2912.27,47.5,28.0,25.75,307.0,54.0
2026-05-11T15:03:00,2913.52,47.5,28.0,25.75,333.0,60.0
2026-05-11T15:03:01,2914.77,47.56,28.0,25.75,320.0,57.0
2026-05-11T15:03:02,2916.02,47.56,28.0,25.75,313.0,55.0
2026-05-11T15:03:03,2917.27,47.56,28.0,25.75,297.0,51.0
2026-05-11T15:03:05,2918.53,47.56,28.0,25.75,317.0,56.0
2026-05-11T15:03:06,2919.78,47.56,28.0,25.75,339.0,61.0
2026-05-11T15:03:07,2921.03,47.56,28.0,25.75,331.0,59.0
2026-05-11T15:03:08,2922.28,47.56,28.0,25.75,314.0,55.0
2026-05-11T15:03:10,2923.53,47.56,28.0,25.75,285.0,48.0
2026-05-11T15:03:11,2924.78,47.56,28.0,25.75,331.0,59.0
2026-05-11T15:03:12,2926.04,47.56,28.0,25.75,329.0,59.0
2026-05-11T15:03:13,2927.29,47.56,28.0,25.75,327.0,58.0
2026-05-11T15:03:15,2928.54,47.56,28.0,25.75,298.0,51.0
2026-05-11T15:03:16,2929.79,47.56,28.0,25.75,292.0,50.0
2026-05-11T15:03:17,2931.04,47.56,28.0,25.75,303.0,53.0
2026-05-11T15:03:18,2932.3,47.56,28.0,25.75,276.0,46.0
2026-05-11T15:03:20,2933.55,47.56,28.0,25.75,264.0,43.0
2026-05-11T15:03:21,2934.8,47.63,28.0,25.75,314.0,55.0
2026-05-11T15:03:22,2936.05,47.63,28.0,25.75,342.0,62.0
2026-05-11T15:03:23,2937.3,47.63,28.0,25.75,348.0,63.0
2026-05-11T15:03:25,2938.55,47.63,28.0,25.75,304.0,53.0
2026-05-11T15:03:26,2939.81,47.56,28.0,25.75,336.0,60.0
2026-05-11T15:03:27,2941.06,47.63,28.0,25.75,305.0,53.0
2026-05-11T15:03:28,2942.31,47.56,28.0,25.75,324.0,58.0
2026-05-11T15:03:30,2943.56,47.63,28.0,25.75,330.0,59.0
2026-05-11T15:03:31,2944.81,47.63,28.0,25.75,282.0,48.0
2026-05-11T15:03:32,2946.06,47.63,28.0,25.75,314.0,55.0
2026-05-11T15:03:33,2947.32,47.63,28.0,25.75,308.0,54.0
2026-05-11T15:03:35,2948.57,47.63,28.0,25.75,327.0,58.0
2026-05-11T15:03:36,2949.82,47.63,28.0,25.75,324.0,58.0
2026-05-11T15:03:37,2951.07,47.63,28.0,25.75,324.0,58.0
2026-05-11T15:03:38,2952.32,47.63,28.0,25.75,294.0,50.0
2026-05-11T15:03:40,2953.58,47.63,28.0,25.75,259.0,42.0
2026-05-11T15:03:41,2954.83,47.63,28.0,25.75,323.0,57.0
2026-05-11T15:03:42,2956.08,47.63,28.0,25.75,326.0,58.0
2026-05-11T15:03:43,2957.33,47.63,28.0,25.75,294.0,50.0
2026-05-11T15:03:45,2958.58,47.63,28.0,25.75,319.0,56.0
2026-05-11T15:03:46,2959.83,47.63,28.0,25.75,349.0,64.0
2026-05-11T15:03:47,2961.09,47.63,28.0,25.75,329.0,59.0
2026-05-11T15:03:48,2962.34,47.63,28.0,25.75,337.0,61.0
2026-05-11T15:03:50,2963.59,47.63,28.0,25.75,313.0,55.0
2026-05-11T15:03:51,2964.84,47.63,28.0,25.75,295.0,51.0
2026-05-11T15:03:52,2966.09,47.63,28.0,25.75,312.0,55.0
2026-05-11T15:03:53,2967.34,47.63,28.0,25.75,306.0,53.0
2026-05-11T15:03:55,2968.6,47.63,28.0,25.75,302.0,52.0
2026-05-11T15:03:56,2969.85,47.63,28.0,25.75,342.0,62.0
2026-05-11T15:03:57,2971.1,47.63,28.0,25.75,285.0,48.0
2026-05-11T15:03:58,2972.35,47.63,28.0,25.75,307.0,54.0
2026-05-11T15:04:00,2973.6,47.63,28.0,25.75,341.0,62.0
2026-05-11T15:04:01,2974.85,47.63,28.0,25.75,334.0,60.0
2026-05-11T15:04:02,2976.11,47.63,28.0,25.75,278.0,47.0
2026-05-11T15:04:04,2977.36,47.63,28.0,25.75,336.0,60.0
2026-05-11T15:04:05,2978.61,47.63,28.0,25.75,319.0,56.0
2026-05-11T15:04:06,2979.86,47.63,28.0,25.75,326.0,58.0
2026-05-11T15:04:07,2981.11,47.69,28.0,25.75,311.0,55.0
2026-05-11T15:04:09,2982.37,47.63,28.0,25.75,334.0,60.0
2026-05-11T15:04:10,2983.62,47.63,28.0,25.75,276.0,46.0
2026-05-11T15:04:11,2984.87,47.69,28.0,25.75,303.0,53.0
2026-05-11T15:04:12,2986.12,47.69,28.0,25.75,310.0,54.0
2026-05-11T15:04:14,2987.37,47.69,28.0,25.75,308.0,54.0
2026-05-11T15:04:15,2988.62,47.63,28.0,25.75,305.0,53.0
2026-05-11T15:04:16,2989.88,47.69,28.0,25.75,329.0,59.0
2026-05-11T15:04:17,2991.13,47.63,28.0,25.75,349.0,64.0
2026-05-11T15:04:19,2992.38,47.63,28.0,25.75,289.0,49.0
2026-05-11T15:04:20,2993.63,47.69,28.0,25.75,314.0,55.0
2026-05-11T15:04:21,2994.88,47.69,28.0,25.75,308.0,54.0
2026-05-11T15:04:22,2996.13,47.69,28.0,25.75,322.0,57.0
2026-05-11T15:04:24,2997.39,47.69,28.0,25.75,300.0,52.0
2026-05-11T15:04:25,2998.64,47.69,28.0,25.75,338.0,61.0
2026-05-11T15:04:26,2999.89,47.69,28.0,25.75,289.0,49.0
2026-05-11T15:04:27,3001.14,47.69,28.0,25.75,314.0,55.0
2026-05-11T15:04:29,3002.39,47.69,28.0,25.75,318.0,56.0
2026-05-11T15:04:30,3003.65,47.69,28.0,25.75,299.0,52.0
2026-05-11T15:04:31,3004.9,47.69,28.0,25.75,331.0,59.0
2026-05-11T15:04:32,3006.15,47.69,28.0,25.75,272.0,45.0
2026-05-11T15:04:34,3007.4,47.69,28.0,25.75,321.0,57.0
2026-05-11T15:04:35,3008.65,47.69,28.0,25.75,333.0,60.0
2026-05-11T15:04:36,3009.9,47.69,28.0,25.75,300.0,52.0
2026-05-11T15:04:37,3011.16,47.69,28.0,25.75,308.0,54.0
2026-05-11T15:04:39,3012.41,47.69,28.0,25.75,300.0,52.0
2026-05-11T15:04:40,3013.66,47.69,28.0,25.75,303.0,53.0
2026-05-11T15:04:41,3014.91,47.69,28.0,25.75,324.0,58.0
2026-05-11T15:04:42,3016.16,47.69,28.0,25.75,298.0,51.0
2026-05-11T15:04:44,3017.41,47.69,28.0,25.75,272.0,45.0
2026-05-11T15:04:45,3018.67,47.69,28.0,25.75,273.0,45.0
2026-05-11T15:04:46,3019.92,47.69,28.0,25.75,330.0,59.0
2026-05-11T15:04:47,3021.17,47.69,28.0,25.75,312.0,55.0
2026-05-11T15:04:49,3022.42,47.69,28.0,25.75,316.0,56.0
2026-05-11T15:04:50,3023.67,47.75,28.0,25.75,308.0,54.0
2026-05-11T15:04:51,3024.92,47.69,28.0,25.75,233.0,36.0
2026-05-11T15:04:52,3026.18,47.75,28.0,25.75,318.0,56.0
2026-05-11T15:04:54,3027.43,47.69,28.0,25.75,330.0,59.0
2026-05-11T15:04:55,3028.68,47.69,28.0,25.75,275.0,46.0
2026-05-11T15:04:56,3029.93,47.75,28.0,25.75,342.0,62.0
2026-05-11T15:04:57,3031.18,47.75,28.0,25.75,303.0,53.0
2026-05-11T15:04:59,3032.44,47.75,28.0,25.75,325.0,58.0
2026-05-11T15:05:00,3033.69,47.75,28.0,25.75,314.0,55.0
2026-05-11T15:05:01,3034.94,47.75,28.0,25.75,319.0,56.0
2026-05-11T15:05:02,3036.19,47.75,28.0,25.75,228.0,35.0
2026-05-11T15:05:04,3037.44,47.69,28.0,25.75,315.0,55.0
2026-05-11T15:05:05,3038.69,47.75,28.0,25.75,315.0,55.0
2026-05-11T15:05:06,3039.95,47.69,28.0,25.75,267.0,44.0
2026-05-11T15:05:07,3041.2,47.69,28.0,25.75,332.0,60.0
2026-05-11T15:05:09,3042.45,47.69,28.0,25.75,283.0,48.0
2026-05-11T15:05:10,3043.7,47.69,28.0,25.75,332.0,60.0
2026-05-11T15:05:11,3044.95,47.63,28.0,25.75,274.0,46.0
2026-05-11T15:05:12,3046.2,47.63,28.0,25.75,326.0,58.0
2026-05-11T15:05:14,3047.46,47.56,28.0,25.75,323.0,57.0
2026-05-11T15:05:15,3048.71,47.56,28.0,25.75,273.0,45.0
2026-05-11T15:05:16,3049.96,47.5,28.0,25.75,350.0,64.0
2026-05-11T15:05:17,3051.21,47.5,28.0,25.75,321.0,57.0
2026-05-11T15:05:19,3052.46,47.44,28.0,25.75,302.0,52.0
2026-05-11T15:05:20,3053.72,47.38,28.0,25.75,317.0,56.0
2026-05-11T15:05:21,3054.97,47.38,28.0,25.75,323.0,57.0
2026-05-11T15:05:22,3056.22,47.31,28.0,25.75,342.0,62.0
2026-05-11T15:05:24,3057.47,47.31,28.0,25.75,314.0,55.0
2026-05-11T15:05:25,3058.72,47.25,28.0,25.75,323.0,57.0
2026-05-11T15:05:26,3059.97,47.19,28.06,25.75,286.0,49.0
2026-05-11T15:05:27,3061.22,47.13,28.0,25.75,317.0,56.0
2026-05-11T15:05:29,3062.48,47.13,28.0,25.75,349.0,64.0
2026-05-11T15:05:30,3063.73,47.06,28.0,25.75,334.0,60.0
2026-05-11T15:05:31,3064.98,47.0,28.0,25.75,331.0,59.0
2026-05-11T15:05:32,3066.23,47.0,28.0,25.75,320.0,57.0
2026-05-11T15:05:34,3067.48,46.88,28.06,25.75,276.0,46.0
2026-05-11T15:05:35,3068.74,46.88,28.0,25.75,318.0,56.0
2026-05-11T15:05:36,3069.99,46.81,28.06,25.75,283.0,48.0
2026-05-11T15:05:37,3071.24,46.75,28.0,25.75,290.0,50.0
2026-05-11T15:05:39,3072.49,46.69,28.06,25.75,318.0,56.0
2026-05-11T15:05:40,3073.74,46.69,28.0,25.75,302.0,52.0
2026-05-11T15:05:41,3074.99,46.63,28.0,25.75,331.0,59.0
2026-05-11T15:05:42,3076.25,46.56,28.0,25.75,276.0,46.0
2026-05-11T15:05:44,3077.5,46.5,28.0,25.75,331.0,59.0
2026-05-11T15:05:45,3078.75,46.44,28.0,25.75,301.0,52.0
2026-05-11T15:05:46,3080.0,46.38,28.0,25.75,307.0,54.0
2026-05-11T15:05:47,3081.25,46.31,28.0,25.75,322.0,57.0
2026-05-11T15:05:49,3082.5,46.25,28.0,25.75,299.0,52.0
2026-05-11T15:05:50,3083.76,46.25,28.0,25.75,321.0,57.0
2026-05-11T15:05:51,3085.01,46.19,28.0,25.75,320.0,57.0
2026-05-11T15:05:52,3086.26,46.13,28.0,25.75,328.0,59.0
2026-05-11T15:05:54,3087.51,46.06,28.0,25.75,336.0,60.0
2026-05-11T15:05:55,3088.76,46.0,28.0,25.75,304.0,53.0
2026-05-11T15:05:56,3090.02,46.0,28.0,25.75,334.0,60.0
2026-05-11T15:05:57,3091.27,45.94,28.0,25.75,334.0,60.0
2026-05-11T15:05:59,3092.52,45.88,28.0,25.75,312.0,55.0
2026-05-11T15:06:00,3093.77,45.75,28.0,25.75,332.0,60.0
2026-05-11T15:06:01,3095.02,45.75,28.0,25.75,321.0,57.0
2026-05-11T15:06:02,3096.27,45.69,28.0,25.75,317.0,56.0
2026-05-11T15:06:04,3097.53,45.63,28.0,25.75,297.0,51.0
2026-05-11T15:06:05,3098.78,45.56,28.0,25.75,295.0,51.0
2026-05-11T15:06:06,3100.03,45.5,28.0,25.75,319.0,56.0
2026-05-11T15:06:07,3101.28,45.5,28.0,25.75,315.0,55.0
2026-05-11T15:06:09,3102.53,45.44,28.06,25.75,311.0,55.0
2026-05-11T15:06:10,3103.78,45.38,28.0,25.75,304.0,53.0
2026-05-11T15:06:11,3105.04,45.31,28.0,25.75,325.0,58.0
2026-05-11T15:06:12,3106.29,45.25,28.0,25.75,298.0,51.0
2026-05-11T15:06:14,3107.54,45.19,28.0,25.75,326.0,58.0
2026-05-11T15:06:15,3108.79,45.13,28.0,25.75,262.0,43.0
2026-05-11T15:06:16,3110.04,45.13,28.0,25.75,298.0,51.0
2026-05-11T15:06:17,3111.3,45.06,28.0,25.75,338.0,61.0
2026-05-11T15:06:19,3112.55,45.0,28.0,25.75,307.0,54.0
2026-05-11T15:06:20,3113.8,44.94,28.0,25.75,321.0,57.0
2026-05-11T15:06:21,3115.05,44.88,28.0,25.75,265.0,44.0
2026-05-11T15:06:22,3116.3,44.81,28.06,25.75,323.0,57.0
2026-05-11T15:06:24,3117.55,44.81,28.06,25.75,306.0,53.0
2026-05-11T15:06:25,3118.81,44.75,28.06,25.75,341.0,62.0
2026-05-11T15:06:26,3120.06,44.69,28.06,25.75,323.0,57.0
2026-05-11T15:06:27,3121.31,44.63,28.06,25.75,280.0,47.0
2026-05-11T15:06:29,3122.56,44.56,28.0,25.75,333.0,60.0
2026-05-11T15:06:30,3123.81,44.5,28.0,25.75,334.0,60.0
2026-05-11T15:06:31,3125.06,44.5,28.0,25.75,331.0,59.0
2026-05-11T15:06:32,3126.32,44.44,28.0,25.75,296.0,51.0
2026-05-11T15:06:34,3127.57,44.38,28.0,25.75,344.0,62.0
2026-05-11T15:06:35,3128.82,44.31,28.0,25.75,255.0,41.0
2026-05-11T15:06:36,3130.07,44.31,28.0,25.75,326.0,58.0
2026-05-11T15:06:37,3131.32,44.25,28.0,25.75,311.0,55.0
2026-05-11T15:06:39,3132.58,44.19,28.06,25.75,290.0,50.0
2026-05-11T15:06:40,3133.83,44.13,28.0,25.75,321.0,57.0
2026-05-11T15:06:41,3135.08,44.13,28.0,25.75,298.0,51.0
2026-05-11T15:06:42,3136.33,44.0,28.0,25.75,329.0,59.0
2026-05-11T15:06:44,3137.58,43.94,28.0,25.75,291.0,50.0
2026-05-11T15:06:45,3138.83,43.94,28.06,25.75,310.0,54.0
2026-05-11T15:06:46,3140.09,43.94,28.0,25.75,309.0,54.0
2026-05-11T15:06:47,3141.34,43.81,28.0,25.75,313.0,55.0
2026-05-11T15:06:49,3142.59,43.81,28.0,25.75,325.0,58.0
2026-05-11T15:06:50,3143.84,43.75,28.06,25.75,307.0,54.0
2026-05-11T15:06:51,3145.09,43.69,28.0,25.75,336.0,60.0
2026-05-11T15:06:52,3146.34,43.69,28.06,25.75,325.0,58.0
2026-05-11T15:06:54,3147.6,43.63,28.0,25.75,310.0,54.0
2026-05-11T15:06:55,3148.85,43.63,28.06,25.75,338.0,61.0
2026-05-11T15:06:56,3150.1,43.5,28.06,25.75,316.0,56.0
2026-05-11T15:06:57,3151.35,43.5,28.0,25.75,329.0,59.0
2026-05-11T15:06:59,3152.6,43.44,28.0,25.75,297.0,51.0
2026-05-11T15:07:00,3153.85,43.44,28.06,25.75,301.0,52.0
2026-05-11T15:07:01,3155.11,43.38,28.0,25.69,341.0,62.0
2026-05-11T15:07:03,3156.36,43.38,28.0,25.75,276.0,46.0
2026-05-11T15:07:04,3157.61,43.25,28.0,25.75,279.0,47.0
2026-05-11T15:07:05,3158.86,43.25,28.0,25.75,318.0,56.0
2026-05-11T15:07:06,3160.11,43.25,28.0,25.75,319.0,56.0
2026-05-11T15:07:08,3161.37,43.19,28.0,25.75,322.0,57.0
2026-05-11T15:07:09,3162.62,43.13,28.0,25.75,307.0,54.0
2026-05-11T15:07:10,3163.87,43.13,28.0,25.75,310.0,54.0
2026-05-11T15:07:11,3165.12,43.0,28.06,25.75,324.0,58.0
2026-05-11T15:07:13,3166.37,43.0,28.0,25.75,297.0,51.0
2026-05-11T15:07:14,3167.62,42.94,28.0,25.75,279.0,47.0
2026-05-11T15:07:15,3168.88,42.94,28.06,25.75,317.0,56.0
2026-05-11T15:07:16,3170.13,42.88,28.0,25.75,294.0,50.0
2026-05-11T15:07:18,3171.38,42.88,28.0,25.75,283.0,48.0
2026-05-11T15:07:19,3172.63,42.81,28.0,25.75,324.0,58.0
2026-05-11T15:07:20,3173.88,42.75,28.0,25.75,320.0,57.0
2026-05-11T15:07:21,3175.13,42.69,28.0,25.75,336.0,60.0
2026-05-11T15:07:23,3176.39,42.69,28.0,25.75,323.0,57.0
2026-05-11T15:07:24,3177.64,42.69,28.0,25.75,303.0,53.0
2026-05-11T15:07:25,3178.89,42.63,28.0,25.75,286.0,49.0
2026-05-11T15:07:26,3180.14,42.63,28.0,25.75,340.0,61.0
2026-05-11T15:07:28,3181.39,42.5,28.0,25.75,338.0,61.0
2026-05-11T15:07:29,3182.64,42.5,28.0,25.75,313.0,55.0
2026-05-11T15:07:30,3183.9,42.5,28.0,25.75,312.0,55.0
2026-05-11T15:07:31,3185.15,42.44,28.0,25.75,334.0,60.0
2026-05-11T15:07:33,3186.4,42.38,28.0,25.69,327.0,58.0
2026-05-11T15:07:34,3187.65,42.38,28.0,25.75,320.0,57.0
2026-05-11T15:07:35,3188.9,42.31,28.0,25.75,320.0,57.0
2026-05-11T15:07:36,3190.16,42.31,28.0,25.75,311.0,55.0
2026-05-11T15:07:38,3191.41,42.25,28.06,25.75,278.0,47.0
2026-05-11T15:07:39,3192.66,42.19,28.0,25.75,307.0,54.0
2026-05-11T15:07:40,3193.91,42.19,28.0,25.75,308.0,54.0
2026-05-11T15:07:41,3195.16,42.19,28.0,25.75,287.0,49.0
2026-05-11T15:07:43,3196.42,42.13,28.0,25.75,306.0,53.0
2026-05-11T15:07:44,3197.67,42.13,28.0,25.75,297.0,51.0
2026-05-11T15:07:45,3198.92,42.06,28.0,25.75,297.0,51.0
2026-05-11T15:07:46,3200.17,42.0,28.0,25.75,332.0,60.0
2026-05-11T15:07:48,3201.42,42.0,28.0,25.75,300.0,52.0
2026-05-11T15:07:49,3202.67,41.94,28.0,25.75,294.0,50.0
2026-05-11T15:07:50,3203.92,41.88,28.0,25.75,313.0,55.0
2026-05-11T15:07:51,3205.18,41.88,28.0,25.75,299.0,52.0
2026-05-11T15:07:53,3206.43,41.88,28.0,25.75,338.0,61.0
2026-05-11T15:07:54,3207.68,41.81,28.0,25.75,322.0,57.0
2026-05-11T15:07:55,3208.93,41.81,28.0,25.75,326.0,58.0
2026-05-11T15:07:56,3210.18,41.75,28.0,25.75,304.0,53.0
2026-05-11T15:07:58,3211.44,41.75,28.06,25.75,319.0,56.0
2026-05-11T15:07:59,3212.69,41.69,28.0,25.75,295.0,51.0
2026-05-11T15:08:00,3213.94,41.69,28.0,25.75,332.0,60.0
2026-05-11T15:08:01,3215.19,41.63,28.0,25.75,325.0,58.0
2026-05-11T15:08:03,3216.44,41.63,28.0,25.75,325.0,58.0
2026-05-11T15:08:04,3217.69,41.56,28.0,25.75,318.0,56.0
2026-05-11T15:08:05,3218.95,41.5,28.0,25.75,301.0,52.0
2026-05-11T15:08:06,3220.2,41.5,28.0,25.75,317.0,56.0
2026-05-11T15:08:08,3221.45,41.5,28.0,25.75,346.0,63.0
2026-05-11T15:08:09,3222.7,41.44,28.0,25.75,305.0,53.0
2026-05-11T15:08:10,3223.95,41.38,28.0,25.75,300.0,52.0
2026-05-11T15:08:11,3225.21,41.38,28.0,25.75,310.0,54.0
2026-05-11T15:08:13,3226.46,41.38,28.0,25.75,322.0,57.0
2026-05-11T15:08:14,3227.71,41.31,28.0,25.75,328.0,59.0
2026-05-11T15:08:15,3228.96,41.31,28.0,25.75,324.0,58.0
2026-05-11T15:08:16,3230.21,41.25,28.0,25.75,317.0,56.0
2026-05-11T15:08:18,3231.46,41.25,28.0,25.75,343.0,62.0
2026-05-11T15:08:19,3232.72,41.25,28.0,25.75,311.0,55.0
2026-05-11T15:08:20,3233.97,41.19,28.0,25.75,296.0,51.0
2026-05-11T15:08:21,3235.22,41.13,28.0,25.75,302.0,52.0
2026-05-11T15:08:23,3236.47,41.13,28.0,25.75,311.0,55.0
2026-05-11T15:08:24,3237.72,41.19,28.0,25.75,304.0,53.0
2026-05-11T15:08:25,3238.97,41.13,28.0,25.75,296.0,51.0
2026-05-11T15:08:26,3240.23,41.06,28.0,25.75,288.0,49.0
2026-05-11T15:08:28,3241.48,41.0,28.0,25.75,294.0,50.0
2026-05-11T15:08:29,3242.73,41.0,28.0,25.75,323.0,57.0
2026-05-11T15:08:30,3243.98,41.0,28.06,25.75,315.0,55.0
2026-05-11T15:08:31,3245.23,40.94,28.0,25.75,293.0,50.0
2026-05-11T15:08:33,3246.49,40.94,28.0,25.75,284.0,48.0
2026-05-11T15:08:34,3247.74,40.94,28.0,25.75,338.0,61.0
2026-05-11T15:08:35,3248.99,40.88,28.0,25.75,341.0,62.0
2026-05-11T15:08:36,3250.24,40.88,28.0,25.75,328.0,59.0
2026-05-11T15:08:38,3251.49,40.88,28.0,25.75,324.0,58.0
2026-05-11T15:08:39,3252.74,40.88,28.0,25.69,337.0,61.0
2026-05-11T15:08:40,3253.99,40.81,28.0,25.75,317.0,56.0
2026-05-11T15:08:41,3255.25,40.81,28.0,25.75,288.0,49.0
2026-05-11T15:08:43,3256.5,40.75,28.0,25.75,306.0,53.0
2026-05-11T15:08:44,3257.75,40.75,28.06,25.69,345.0,63.0
2026-05-11T15:08:45,3259.0,40.69,28.0,25.75,294.0,50.0
2026-05-11T15:08:46,3260.25,40.69,28.0,25.75,297.0,51.0
2026-05-11T15:08:48,3261.51,40.69,28.0,25.75,301.0,52.0
2026-05-11T15:08:49,3262.76,40.63,28.0,25.75,303.0,53.0
2026-05-11T15:08:50,3264.01,40.63,28.0,25.75,285.0,48.0
2026-05-11T15:08:51,3265.26,40.63,28.0,25.69,312.0,55.0
2026-05-11T15:08:53,3266.51,40.56,28.0,25.75,304.0,53.0
2026-05-11T15:08:54,3267.76,40.56,28.0,25.69,317.0,56.0
2026-05-11T15:08:55,3269.02,40.5,28.0,25.75,301.0,52.0
2026-05-11T15:08:56,3270.27,40.5,28.06,25.75,301.0,52.0
2026-05-11T15:08:58,3271.52,40.5,28.06,25.75,298.0,51.0
2026-05-11T15:08:59,3272.77,40.5,28.0,25.75,303.0,53.0
2026-05-11T15:09:00,3274.02,40.44,28.0,25.69,346.0,63.0
2026-05-11T15:09:01,3275.28,40.44,28.06,25.75,320.0,57.0
2026-05-11T15:09:03,3276.53,40.44,28.06,25.75,338.0,61.0
2026-05-11T15:09:04,3277.78,40.38,28.0,25.75,285.0,48.0
2026-05-11T15:09:05,3279.03,40.38,28.0,25.69,344.0,62.0
2026-05-11T15:09:06,3280.28,40.38,28.0,25.75,310.0,54.0
2026-05-11T15:09:08,3281.53,40.31,28.0,25.69,316.0,56.0
2026-05-11T15:09:09,3282.78,40.31,28.0,25.75,315.0,55.0
2026-05-11T15:09:10,3284.04,40.31,28.06,25.75,278.0,47.0
2026-05-11T15:09:11,3285.29,40.31,28.0,25.75,336.0,60.0
2026-05-11T15:09:13,3286.54,40.25,28.0,25.69,284.0,48.0
2026-05-11T15:09:14,3287.79,40.25,28.0,25.75,326.0,58.0
2026-05-11T15:09:15,3289.04,40.25,28.06,25.75,318.0,56.0
2026-05-11T15:09:16,3290.3,40.19,28.0,25.75,331.0,59.0
2026-05-11T15:09:18,3291.55,40.19,28.0,25.75,327.0,58.0
2026-05-11T15:09:19,3292.8,40.19,28.0,25.75,344.0,62.0
2026-05-11T15:09:20,3294.05,40.19,28.0,25.75,287.0,49.0
2026-05-11T15:09:21,3295.3,40.13,28.0,25.75,337.0,61.0
2026-05-11T15:09:23,3296.55,40.13,28.06,25.75,341.0,62.0
2026-05-11T15:09:24,3297.81,40.13,28.06,25.75,301.0,52.0
2026-05-11T15:09:25,3299.06,40.06,28.06,25.75,333.0,60.0
2026-05-11T15:09:26,3300.31,40.06,28.06,25.75,331.0,59.0
2026-05-11T15:09:28,3301.56,40.06,28.06,25.75,322.0,57.0
2026-05-11T15:09:29,3302.81,40.0,28.0,25.75,350.0,64.0
2026-05-11T15:09:30,3304.07,40.0,28.06,25.75,302.0,52.0
2026-05-11T15:09:31,3305.32,40.0,28.0,25.75,287.0,49.0
2026-05-11T15:09:33,3306.57,40.0,28.06,25.75,327.0,58.0
2026-05-11T15:09:34,3307.82,39.94,28.06,25.75,339.0,61.0
2026-05-11T15:09:35,3309.07,39.94,28.0,25.75,301.0,52.0
2026-05-11T15:09:36,3310.32,39.94,28.06,25.75,310.0,54.0
2026-05-11T15:09:38,3311.58,39.88,28.0,25.75,302.0,52.0
2026-05-11T15:09:39,3312.83,39.94,28.06,25.75,294.0,50.0
2026-05-11T15:09:40,3314.08,39.88,28.06,25.75,296.0,51.0
2026-05-11T15:09:41,3315.33,39.88,28.06,25.75,321.0,57.0
2026-05-11T15:09:43,3316.58,39.88,28.06,25.75,273.0,45.0
2026-05-11T15:09:44,3317.83,39.81,28.06,25.75,291.0,50.0
2026-05-11T15:09:45,3319.09,39.81,28.06,25.75,317.0,56.0
2026-05-11T15:09:46,3320.34,39.81,28.06,25.75,320.0,57.0
2026-05-11T15:09:48,3321.59,39.81,28.06,25.75,328.0,59.0
2026-05-11T15:09:49,3322.84,39.81,28.06,25.75,314.0,55.0
2026-05-11T15:09:50,3324.09,39.75,28.0,25.75,322.0,57.0
2026-05-11T15:09:51,3325.35,39.75,28.06,25.75,285.0,48.0
2026-05-11T15:09:53,3326.6,39.69,28.06,25.75,340.0,61.0
2026-05-11T15:09:54,3327.85,39.69,28.06,25.75,327.0,58.0
2026-05-11T15:09:55,3329.1,39.69,28.06,25.75,324.0,58.0
2026-05-11T15:09:56,3330.35,39.69,28.06,25.75,318.0,56.0
2026-05-11T15:09:58,3331.6,39.69,28.06,25.75,319.0,56.0
2026-05-11T15:09:59,3332.85,39.63,28.06,25.75,300.0,52.0
2026-05-11T15:10:00,3334.11,39.63,28.06,25.75,308.0,54.0
2026-05-11T15:10:02,3335.36,39.63,28.06,25.75,333.0,60.0
2026-05-11T15:10:03,3336.61,39.63,28.06,25.75,277.0,46.0
2026-05-11T15:10:04,3337.86,39.63,28.0,25.75,320.0,57.0
2026-05-11T15:10:05,3339.11,39.63,28.06,25.75,270.0,45.0
2026-05-11T15:10:07,3340.37,39.56,28.06,25.75,310.0,54.0
2026-05-11T15:10:08,3341.62,39.56,28.06,25.75,325.0,58.0
2026-05-11T15:10:09,3342.87,39.5,28.06,25.75,329.0,59.0
2026-05-11T15:10:10,3344.12,39.5,28.06,25.75,323.0,57.0
2026-05-11T15:10:12,3345.37,39.5,28.06,25.75,302.0,52.0
2026-05-11T15:10:13,3346.62,39.5,28.06,25.75,297.0,51.0
2026-05-11T15:10:14,3347.88,39.44,28.06,25.75,306.0,53.0
2026-05-11T15:10:15,3349.13,39.44,28.06,25.75,324.0,58.0
2026-05-11T15:10:17,3350.38,39.44,28.0,25.75,327.0,58.0
2026-05-11T15:10:18,3351.63,39.44,28.06,25.75,320.0,57.0
2026-05-11T15:10:19,3352.88,39.44,28.0,25.75,333.0,60.0
2026-05-11T15:10:20,3354.14,39.38,28.0,25.75,326.0,58.0
2026-05-11T15:10:22,3355.39,39.38,28.0,25.75,317.0,56.0
2026-05-11T15:10:23,3356.64,39.38,27.94,25.75,300.0,52.0
2026-05-11T15:10:24,3357.89,39.38,28.0,25.75,326.0,58.0
2026-05-11T15:10:25,3359.14,39.38,27.94,25.75,290.0,50.0
2026-05-11T15:10:27,3360.39,39.31,27.94,25.75,332.0,60.0
2026-05-11T15:10:28,3361.65,39.31,28.0,25.81,340.0,61.0
2026-05-11T15:10:29,3362.9,39.31,28.0,25.81,327.0,58.0
2026-05-11T15:10:30,3364.15,39.25,28.0,25.81,332.0,60.0
2026-05-11T15:10:32,3365.4,39.25,28.0,25.75,327.0,58.0
2026-05-11T15:10:33,3366.65,39.25,28.0,25.75,330.0,59.0
2026-05-11T15:10:34,3367.9,39.25,27.94,25.81,277.0,46.0
2026-05-11T15:10:35,3369.16,39.25,28.0,25.81,322.0,57.0
2026-05-11T15:10:37,3370.41,39.25,28.0,25.81,292.0,50.0
2026-05-11T15:10:38,3371.66,39.25,28.0,25.81,287.0,49.0
2026-05-11T15:10:39,3372.91,39.25,28.0,25.81,284.0,48.0
2026-05-11T15:10:40,3374.16,39.19,28.0,25.81,310.0,54.0
2026-05-11T15:10:42,3375.42,39.19,28.0,25.81,341.0,62.0
2026-05-11T15:10:43,3376.67,39.19,28.0,25.81,316.0,56.0
2026-05-11T15:10:44,3377.92,39.19,28.0,25.81,321.0,57.0
2026-05-11T15:10:45,3379.17,39.19,28.0,25.81,317.0,56.0
2026-05-11T15:10:47,3380.42,39.19,28.0,25.81,260.0,42.0
2026-05-11T15:10:48,3381.67,39.19,28.0,25.81,313.0,55.0
2026-05-11T15:10:49,3382.93,39.13,28.06,25.81,307.0,54.0
2026-05-11T15:10:50,3384.18,39.13,28.0,25.81,326.0,58.0
2026-05-11T15:10:52,3385.43,39.13,28.0,25.81,331.0,59.0
2026-05-11T15:10:53,3386.68,39.13,28.0,25.81,315.0,55.0
2026-05-11T15:10:54,3387.93,39.06,28.0,25.81,309.0,54.0
2026-05-11T15:10:55,3389.18,39.06,28.0,25.81,307.0,54.0
2026-05-11T15:10:57,3390.44,39.06,28.0,25.81,303.0,53.0
2026-05-11T15:10:58,3391.69,39.06,28.06,25.81,303.0,53.0
2026-05-11T15:10:59,3392.94,39.06,28.0,25.81,344.0,62.0
2026-05-11T15:11:00,3394.19,39.06,28.06,25.81,282.0,48.0
2026-05-11T15:11:02,3395.44,39.0,28.06,25.81,328.0,59.0
2026-05-11T15:11:03,3396.69,39.0,28.0,25.81,318.0,56.0
2026-05-11T15:11:04,3397.95,39.0,28.06,25.81,289.0,49.0
2026-05-11T15:11:05,3399.2,39.0,28.06,25.81,338.0,61.0
2026-05-11T15:11:07,3400.45,39.0,28.0,25.81,283.0,48.0
2026-05-11T15:11:08,3401.7,39.0,28.06,25.81,277.0,46.0
2026-05-11T15:11:09,3402.95,39.0,28.06,25.81,337.0,61.0
2026-05-11T15:11:10,3404.21,38.94,28.06,25.81,328.0,59.0
2026-05-11T15:11:12,3405.46,38.94,28.06,25.81,321.0,57.0
2026-05-11T15:11:13,3406.71,38.94,28.06,25.81,335.0,60.0
2026-05-11T15:11:14,3407.96,38.94,28.06,25.81,313.0,55.0
2026-05-11T15:11:15,3409.21,38.94,28.06,25.81,303.0,53.0
2026-05-11T15:11:17,3410.46,38.88,28.06,25.87,326.0,58.0
2026-05-11T15:11:18,3411.72,38.94,28.06,25.81,326.0,58.0
2026-05-11T15:11:19,3412.97,38.88,28.0,25.81,310.0,54.0
2026-05-11T15:11:20,3414.22,38.88,28.06,25.81,343.0,62.0
2026-05-11T15:11:22,3415.47,38.88,28.06,25.81,337.0,61.0
2026-05-11T15:11:23,3416.72,38.88,28.06,25.81,313.0,55.0
2026-05-11T15:11:24,3417.97,38.88,28.06,25.81,325.0,58.0
2026-05-11T15:11:25,3419.23,38.88,28.06,25.81,310.0,54.0
2026-05-11T15:11:27,3420.48,38.81,28.06,25.81,310.0,54.0
2026-05-11T15:11:28,3421.73,38.88,28.06,25.81,338.0,61.0
2026-05-11T15:11:29,3422.98,38.81,28.06,25.81,306.0,53.0
2026-05-11T15:11:30,3424.23,38.81,28.06,25.75,318.0,56.0
2026-05-11T15:11:32,3425.49,38.81,28.06,25.81,313.0,55.0
2026-05-11T15:11:33,3426.74,38.81,28.06,25.81,330.0,59.0
2026-05-11T15:11:34,3427.99,38.81,28.06,25.81,283.0,48.0
2026-05-11T15:11:35,3429.24,38.75,28.06,25.81,287.0,49.0
2026-05-11T15:11:37,3430.49,38.75,28.12,25.81,338.0,61.0
2026-05-11T15:11:38,3431.74,38.75,28.06,25.75,330.0,59.0
2026-05-11T15:11:39,3433.0,38.75,28.12,25.81,331.0,59.0
2026-05-11T15:11:40,3434.25,38.75,28.12,25.81,342.0,62.0
2026-05-11T15:11:42,3435.5,38.75,28.06,25.81,322.0,57.0
2026-05-11T15:11:43,3436.75,38.75,28.06,25.75,322.0,57.0
2026-05-11T15:11:44,3438.0,38.75,28.06,25.81,320.0,57.0
2026-05-11T15:11:45,3439.25,38.69,28.06,25.75,320.0,57.0
2026-05-11T15:11:47,3440.51,38.69,28.12,25.75,322.0,57.0
2026-05-11T15:11:48,3441.76,38.69,28.12,25.75,249.0,40.0
2026-05-11T15:11:49,3443.01,38.69,28.12,25.81,296.0,51.0
2026-05-11T15:11:50,3444.26,38.69,28.12,25.75,302.0,52.0
2026-05-11T15:11:52,3445.51,38.69,28.12,25.81,329.0,59.0
2026-05-11T15:11:53,3446.77,38.69,28.12,25.81,323.0,57.0
2026-05-11T15:11:54,3448.02,38.69,28.12,25.75,275.0,46.0
2026-05-11T15:11:55,3449.27,38.69,28.12,25.75,319.0,56.0
2026-05-11T15:11:57,3450.52,38.69,28.12,25.75,297.0,51.0
2026-05-11T15:11:58,3451.77,38.63,28.12,25.81,285.0,48.0
2026-05-11T15:11:59,3453.02,38.63,28.12,25.81,291.0,50.0
2026-05-11T15:12:00,3454.28,38.63,28.12,25.81,338.0,61.0
2026-05-11T15:12:02,3455.53,38.63,28.12,25.81,317.0,56.0
2026-05-11T15:12:03,3456.78,38.63,28.12,25.75,329.0,59.0
2026-05-11T15:12:04,3458.03,38.63,28.06,25.81,330.0,59.0
2026-05-11T15:12:05,3459.28,38.63,28.12,25.81,321.0,57.0
2026-05-11T15:12:07,3460.53,38.63,28.12,25.81,347.0,63.0
2026-05-11T15:12:08,3461.79,38.63,28.12,25.81,307.0,54.0
2026-05-11T15:12:09,3463.04,38.56,28.06,25.75,305.0,53.0
2026-05-11T15:12:10,3464.29,38.63,28.06,25.81,290.0,50.0
2026-05-11T15:12:12,3465.54,38.56,28.12,25.75,302.0,52.0
2026-05-11T15:12:13,3466.79,38.56,28.12,25.75,293.0,50.0
2026-05-11T15:12:14,3468.04,38.56,28.12,25.75,343.0,62.0
2026-05-11T15:12:15,3469.3,38.5,28.12,25.75,312.0,55.0
2026-05-11T15:12:17,3470.55,38.56,28.12,25.81,310.0,54.0
2026-05-11T15:12:18,3471.8,38.5,28.12,25.75,303.0,53.0
2026-05-11T15:12:19,3473.05,38.5,28.06,25.75,310.0,54.0
2026-05-11T15:12:20,3474.3,38.5,28.12,25.75,306.0,53.0
2026-05-11T15:12:22,3475.56,38.5,28.12,25.75,307.0,54.0
2026-05-11T15:12:23,3476.81,38.5,28.12,25.75,320.0,57.0
2026-05-11T15:12:24,3478.06,38.5,28.12,25.81,293.0,50.0
2026-05-11T15:12:25,3479.31,38.5,28.12,25.75,304.0,53.0
2026-05-11T15:12:27,3480.56,38.44,28.12,25.75,306.0,53.0
2026-05-11T15:12:28,3481.81,38.44,28.12,25.75,316.0,56.0
2026-05-11T15:12:29,3483.07,38.44,28.12,25.75,314.0,55.0
2026-05-11T15:12:30,3484.32,38.44,28.12,25.75,324.0,58.0
2026-05-11T15:12:32,3485.57,38.44,28.12,25.75,254.0,41.0
2026-05-11T15:12:33,3486.82,38.44,28.12,25.75,301.0,52.0
2026-05-11T15:12:34,3488.07,38.44,28.12,25.75,283.0,48.0
2026-05-11T15:12:35,3489.33,38.38,28.12,25.75,315.0,55.0
2026-05-11T15:12:37,3490.58,38.44,28.12,25.75,275.0,46.0
2026-05-11T15:12:38,3491.83,38.38,28.12,25.75,310.0,54.0
2026-05-11T15:12:39,3493.08,38.38,28.12,25.75,302.0,52.0
2026-05-11T15:12:40,3494.33,38.38,28.12,25.75,328.0,59.0
2026-05-11T15:12:42,3495.58,38.38,28.12,25.75,338.0,61.0
2026-05-11T15:12:43,3496.84,38.38,28.12,25.75,300.0,52.0
2026-05-11T15:12:44,3498.09,38.38,28.12,25.75,240.0,38.0
2026-05-11T15:12:45,3499.34,38.38,28.12,25.75,297.0,51.0
2026-05-11T15:12:47,3500.59,38.38,28.12,25.75,303.0,53.0
2026-05-11T15:12:48,3501.84,38.38,28.12,25.75,346.0,63.0
2026-05-11T15:12:49,3503.09,38.38,28.12,25.75,338.0,61.0
2026-05-11T15:12:50,3504.35,38.31,28.12,25.75,320.0,57.0
2026-05-11T15:12:52,3505.6,38.31,28.12,25.75,306.0,53.0
2026-05-11T15:12:53,3506.85,38.31,28.12,25.75,292.0,50.0
2026-05-11T15:12:54,3508.1,38.31,28.12,25.75,337.0,61.0
2026-05-11T15:12:55,3509.35,38.31,28.12,25.75,310.0,54.0
2026-05-11T15:12:57,3510.61,38.31,28.12,25.75,277.0,46.0
2026-05-11T15:12:58,3511.86,38.31,28.12,25.75,282.0,48.0
2026-05-11T15:12:59,3513.11,38.25,28.12,25.75,332.0,60.0
2026-05-11T15:13:01,3514.36,38.31,28.12,25.75,329.0,59.0
2026-05-11T15:13:02,3515.61,38.31,28.12,25.75,340.0,61.0
2026-05-11T15:13:03,3516.86,38.25,28.12,25.75,337.0,61.0
2026-05-11T15:13:04,3518.12,38.25,28.12,25.75,322.0,57.0
2026-05-11T15:13:06,3519.37,38.25,28.12,25.75,330.0,59.0
2026-05-11T15:13:07,3520.62,38.25,28.12,25.75,332.0,60.0
2026-05-11T15:13:08,3521.87,38.25,28.12,25.75,323.0,57.0
2026-05-11T15:13:09,3523.12,38.25,28.12,25.75,305.0,53.0
2026-05-11T15:13:11,3524.37,38.25,28.12,25.75,319.0,56.0
2026-05-11T15:13:12,3525.63,38.19,28.12,25.75,302.0,52.0
2026-05-11T15:13:13,3526.88,38.19,28.12,25.75,243.0,38.0
2026-05-11T15:13:14,3528.13,38.25,28.12,25.75,289.0,49.0
2026-05-11T15:13:16,3529.38,38.19,28.12,25.75,288.0,49.0
2026-05-11T15:13:17,3530.63,38.19,28.12,25.75,320.0,57.0
2026-05-11T15:13:18,3531.89,38.19,28.12,25.75,269.0,45.0
2026-05-11T15:13:19,3533.14,38.19,28.12,25.75,314.0,55.0
2026-05-11T15:13:21,3534.39,38.19,28.12,25.75,300.0,52.0
2026-05-11T15:13:22,3535.64,38.19,28.12,25.75,334.0,60.0
2026-05-11T15:13:23,3536.89,38.19,28.12,25.75,330.0,59.0
2026-05-11T15:13:24,3538.14,38.19,28.12,25.75,279.0,47.0
2026-05-11T15:13:26,3539.4,38.19,28.12,25.75,317.0,56.0
2026-05-11T15:13:27,3540.65,38.19,28.12,25.75,325.0,58.0
2026-05-11T15:13:28,3541.9,38.19,28.12,25.75,328.0,59.0
2026-05-11T15:13:29,3543.15,38.13,28.12,25.75,310.0,54.0
2026-05-11T15:13:31,3544.4,38.19,28.12,25.75,317.0,56.0
2026-05-11T15:13:32,3545.66,38.13,28.12,25.75,296.0,51.0
2026-05-11T15:13:33,3546.91,38.13,28.12,25.75,326.0,58.0
2026-05-11T15:13:34,3548.16,38.13,28.12,25.75,320.0,57.0
2026-05-11T15:13:36,3549.41,38.13,28.12,25.75,318.0,56.0
2026-05-11T15:13:37,3550.66,38.13,28.19,25.75,330.0,59.0
2026-05-11T15:13:38,3551.91,38.13,28.12,25.75,310.0,54.0
2026-05-11T15:13:39,3553.17,38.13,28.12,25.75,324.0,58.0
2026-05-11T15:13:41,3554.42,38.13,28.12,25.75,319.0,56.0
2026-05-11T15:13:42,3555.67,38.13,28.19,25.75,338.0,61.0
2026-05-11T15:13:43,3556.92,38.13,28.12,25.75,312.0,55.0
2026-05-11T15:13:44,3558.17,38.13,28.12,25.75,285.0,48.0
2026-05-11T15:13:46,3559.42,38.06,28.12,25.75,335.0,60.0
2026-05-11T15:13:47,3560.68,38.13,28.12,25.75,325.0,58.0
2026-05-11T15:13:48,3561.93,38.06,28.12,25.75,309.0,54.0
2026-05-11T15:13:49,3563.18,38.06,28.12,25.75,319.0,56.0
2026-05-11T15:13:51,3564.43,38.13,28.12,25.75,314.0,55.0
2026-05-11T15:13:52,3565.68,38.06,28.12,25.75,316.0,56.0
2026-05-11T15:13:53,3566.93,38.06,28.12,25.75,304.0,53.0
2026-05-11T15:13:54,3568.19,38.06,28.12,25.75,289.0,49.0
2026-05-11T15:13:56,3569.44,38.06,28.12,25.75,313.0,55.0
2026-05-11T15:13:57,3570.69,38.06,28.19,25.75,316.0,56.0
2026-05-11T15:13:58,3571.94,38.0,28.12,25.75,328.0,59.0
2026-05-11T15:13:59,3573.19,38.0,28.12,25.75,301.0,52.0
2026-05-11T15:14:01,3574.45,38.06,28.12,25.75,334.0,60.0
2026-05-11T15:14:02,3575.7,38.0,28.12,25.75,320.0,57.0
2026-05-11T15:14:03,3576.95,38.06,28.12,25.75,326.0,58.0
2026-05-11T15:14:04,3578.2,38.0,28.12,25.75,301.0,52.0
2026-05-11T15:14:06,3579.45,38.0,28.12,25.75,293.0,50.0
2026-05-11T15:14:07,3580.7,38.0,28.12,25.75,344.0,62.0
2026-05-11T15:14:08,3581.96,38.0,28.12,25.75,337.0,61.0
2026-05-11T15:14:09,3583.21,38.0,28.12,25.75,314.0,55.0
2026-05-11T15:14:11,3584.46,38.0,28.12,25.81,341.0,62.0
2026-05-11T15:14:12,3585.71,38.0,28.12,25.75,306.0,53.0
2026-05-11T15:14:13,3586.96,38.0,28.12,25.75,280.0,47.0
2026-05-11T15:14:14,3588.21,38.0,28.12,25.75,266.0,44.0
2026-05-11T15:14:16,3589.47,38.0,28.12,25.75,282.0,48.0
2026-05-11T15:14:17,3590.72,37.94,28.12,25.81,329.0,59.0
2026-05-11T15:14:18,3591.97,38.0,28.12,25.75,329.0,59.0
2026-05-11T15:14:19,3593.22,38.0,28.19,25.81,257.0,42.0
2026-05-11T15:14:21,3594.47,38.0,28.12,25.75,328.0,59.0
2026-05-11T15:14:22,3595.73,37.94,28.12,25.75,336.0,60.0
2026-05-11T15:14:23,3596.98,38.0,28.12,25.81,304.0,53.0
2026-05-11T15:14:24,3598.23,38.0,28.12,25.81,308.0,54.0
2026-05-11T15:14:26,3599.48,37.94,28.12,25.81,326.0,58.0
2026-05-11T15:14:27,3600.73,37.94,28.19,25.81,300.0,52.0
2026-05-11T15:14:28,3601.98,37.94,28.12,25.81,321.0,57.0
2026-05-11T15:14:29,3603.24,37.94,28.12,25.81,329.0,59.0
2026-05-11T15:14:31,3604.49,37.94,28.19,25.81,327.0,58.0
2026-05-11T15:14:32,3605.74,37.94,28.12,25.81,315.0,55.0
2026-05-11T15:14:33,3606.99,37.94,28.12,25.81,313.0,55.0
2026-05-11T15:14:34,3608.24,37.94,28.12,25.81,311.0,55.0
2026-05-11T15:14:36,3609.49,37.94,28.12,25.81,325.0,58.0
2026-05-11T15:14:37,3610.75,37.94,28.12,25.81,320.0,57.0
2026-05-11T15:14:38,3612.0,37.88,28.19,25.81,292.0,50.0
2026-05-11T15:14:39,3613.25,37.88,28.12,25.81,296.0,51.0
2026-05-11T15:14:41,3614.5,37.88,28.12,25.81,318.0,56.0
2026-05-11T15:14:42,3615.75,37.88,28.19,25.81,314.0,55.0
2026-05-11T15:14:43,3617.01,37.88,28.12,25.81,281.0,47.0
2026-05-11T15:14:44,3618.26,37.88,28.12,25.81,339.0,61.0
2026-05-11T15:14:46,3619.51,37.88,28.19,25.81,301.0,52.0
2026-05-11T15:14:47,3620.76,37.88,28.12,25.81,328.0,59.0
2026-05-11T15:14:48,3622.01,37.88,28.12,25.81,305.0,53.0
2026-05-11T15:14:49,3623.26,37.88,28.12,25.81,308.0,54.0
2026-05-11T15:14:51,3624.52,37.88,28.12,25.81,333.0,60.0
2026-05-11T15:14:52,3625.77,37.88,28.12,25.81,306.0,53.0
2026-05-11T15:14:53,3627.02,37.88,28.12,25.81,325.0,58.0
2026-05-11T15:14:54,3628.27,37.88,28.12,25.81,326.0,58.0
2026-05-11T15:14:56,3629.52,37.81,28.12,25.81,287.0,49.0
2026-05-11T15:14:57,3630.77,37.81,28.12,25.81,307.0,54.0
2026-05-11T15:14:58,3632.03,37.81,28.19,25.81,315.0,55.0
2026-05-11T15:14:59,3633.28,37.88,28.12,25.81,311.0,55.0
2026-05-11T15:15:01,3634.53,37.81,28.19,25.81,331.0,59.0
2026-05-11T15:15:02,3635.78,37.81,28.19,25.81,313.0,55.0
2026-05-11T15:15:03,3637.03,37.81,28.12,25.81,341.0,62.0
2026-05-11T15:15:04,3638.28,37.81,28.19,25.81,324.0,58.0
2026-05-11T15:15:06,3639.54,37.81,28.19,25.81,340.0,61.0
2026-05-11T15:15:07,3640.79,37.81,28.19,25.81,323.0,57.0
2026-05-11T15:15:08,3642.04,37.81,28.19,25.81,316.0,56.0
2026-05-11T15:15:09,3643.29,37.81,28.19,25.81,327.0,58.0
2026-05-11T15:15:11,3644.54,37.81,28.19,25.81,299.0,52.0
2026-05-11T15:15:12,3645.8,37.81,28.19,25.81,334.0,60.0
2026-05-11T15:15:13,3647.05,37.81,28.19,25.81,293.0,50.0
2026-05-11T15:15:14,3648.3,37.81,28.12,25.81,338.0,61.0
2026-05-11T15:15:16,3649.55,37.81,28.19,25.81,288.0,49.0
2026-05-11T15:15:17,3650.8,37.81,28.19,25.81,310.0,54.0
2026-05-11T15:15:18,3652.05,37.81,28.19,25.81,284.0,48.0
2026-05-11T15:15:19,3653.31,37.81,28.12,25.81,335.0,60.0
2026-05-11T15:15:21,3654.56,37.75,28.19,25.81,288.0,49.0
2026-05-11T15:15:22,3655.81,37.75,28.19,25.81,328.0,59.0
2026-05-11T15:15:23,3657.06,37.75,28.19,25.81,309.0,54.0
2026-05-11T15:15:24,3658.31,37.81,28.12,25.81,337.0,61.0
2026-05-11T15:15:26,3659.57,37.81,28.19,25.81,287.0,49.0
2026-05-11T15:15:27,3660.82,37.75,28.19,25.81,253.0,41.0
2026-05-11T15:15:28,3662.07,37.75,28.19,25.81,341.0,62.0
2026-05-11T15:15:29,3663.32,37.75,28.19,25.81,335.0,60.0
2026-05-11T15:15:31,3664.57,37.75,28.19,25.81,312.0,55.0
2026-05-11T15:15:32,3665.82,37.75,28.19,25.81,326.0,58.0
2026-05-11T15:15:33,3667.08,37.75,28.19,25.81,302.0,52.0
2026-05-11T15:15:34,3668.33,37.75,28.19,25.81,334.0,60.0
2026-05-11T15:15:36,3669.58,37.75,28.19,25.81,333.0,60.0
2026-05-11T15:15:37,3670.83,37.75,28.19,25.81,338.0,61.0
2026-05-11T15:15:38,3672.08,37.75,28.19,25.81,263.0,43.0
2026-05-11T15:15:39,3673.33,37.75,28.19,25.81,312.0,55.0
2026-05-11T15:15:41,3674.59,37.75,28.19,25.81,343.0,62.0
2026-05-11T15:15:42,3675.84,37.69,28.19,25.81,310.0,54.0
2026-05-11T15:15:43,3677.09,37.75,28.12,25.81,333.0,60.0
2026-05-11T15:15:44,3678.34,37.75,28.19,25.81,312.0,55.0
2026-05-11T15:15:46,3679.59,37.69,28.19,25.81,318.0,56.0
2026-05-11T15:15:47,3680.85,37.69,28.19,25.81,305.0,53.0
2026-05-11T15:15:48,3682.1,37.69,28.19,25.81,295.0,51.0
2026-05-11T15:15:49,3683.35,37.69,28.12,25.81,320.0,57.0
2026-05-11T15:15:51,3684.6,37.69,28.19,25.81,322.0,57.0
2026-05-11T15:15:52,3685.85,37.69,28.19,25.81,318.0,56.0
2026-05-11T15:15:53,3687.1,37.69,28.12,25.81,329.0,59.0
2026-05-11T15:15:55,3688.36,37.69,28.12,25.81,314.0,55.0
2026-05-11T15:15:56,3689.61,37.69,28.19,25.81,325.0,58.0
2026-05-11T15:15:57,3690.86,37.69,28.12,25.81,286.0,49.0
2026-05-11T15:15:58,3692.11,37.69,28.19,25.81,298.0,51.0
2026-05-11T15:16:00,3693.36,37.69,28.19,25.81,328.0,59.0
2026-05-11T15:16:01,3694.61,37.69,28.19,25.81,314.0,55.0
2026-05-11T15:16:02,3695.87,37.69,28.19,25.81,294.0,50.0
2026-05-11T15:16:03,3697.12,37.69,28.19,25.81,299.0,52.0
2026-05-11T15:16:05,3698.37,37.69,28.19,25.81,335.0,60.0
2026-05-11T15:16:06,3699.62,37.69,28.19,25.81,289.0,49.0
2026-05-11T15:16:07,3700.87,37.69,28.19,25.81,296.0,51.0
2026-05-11T15:16:08,3702.13,37.69,28.19,25.81,324.0,58.0
2026-05-11T15:16:10,3703.38,37.69,28.19,25.81,309.0,54.0
2026-05-11T15:16:11,3704.63,37.69,28.19,25.81,330.0,59.0
2026-05-11T15:16:12,3705.88,37.63,28.19,25.81,263.0,43.0
2026-05-11T15:16:13,3707.13,37.63,28.19,25.81,332.0,60.0
2026-05-11T15:16:15,3708.38,37.69,28.19,25.81,321.0,57.0
2026-05-11T15:16:16,3709.64,37.63,28.19,25.81,296.0,51.0
2026-05-11T15:16:17,3710.89,37.63,28.19,25.81,311.0,55.0
2026-05-11T15:16:18,3712.14,37.63,28.19,25.81,302.0,52.0
2026-05-11T15:16:20,3713.39,37.63,28.19,25.81,317.0,56.0
2026-05-11T15:16:21,3714.64,37.63,28.19,25.81,319.0,56.0
2026-05-11T15:16:22,3715.89,37.63,28.19,25.81,340.0,61.0
2026-05-11T15:16:23,3717.15,37.63,28.19,25.81,305.0,53.0
2026-05-11T15:16:25,3718.4,37.63,28.19,25.81,317.0,56.0
2026-05-11T15:16:26,3719.65,37.63,28.19,25.81,325.0,58.0
2026-05-11T15:16:27,3720.9,37.63,28.25,25.81,316.0,56.0
2026-05-11T15:16:28,3722.15,37.63,28.19,25.81,252.0,40.0
2026-05-11T15:16:30,3723.41,37.63,28.25,25.81,331.0,59.0
2026-05-11T15:16:31,3724.66,37.63,28.19,25.81,292.0,50.0
2026-05-11T15:16:32,3725.91,37.63,28.19,25.81,338.0,61.0
2026-05-11T15:16:33,3727.16,37.63,28.25,25.81,325.0,58.0
2026-05-11T15:16:35,3728.41,37.63,28.19,25.81,306.0,53.0
2026-05-11T15:16:36,3729.66,37.63,28.25,25.81,321.0,57.0
2026-05-11T15:16:37,3730.92,37.63,28.25,25.81,324.0,58.0
2026-05-11T15:16:38,3732.17,37.63,28.25,25.81,314.0,55.0
2026-05-11T15:16:40,3733.42,37.63,28.19,25.81,343.0,62.0
2026-05-11T15:16:41,3734.67,37.63,28.25,25.81,317.0,56.0
2026-05-11T15:16:42,3735.92,37.63,28.19,25.81,303.0,53.0
2026-05-11T15:16:43,3737.17,37.56,28.25,25.81,350.0,64.0
2026-05-11T15:16:45,3738.43,37.56,28.25,25.81,323.0,57.0
2026-05-11T15:16:46,3739.68,37.56,28.19,25.81,323.0,57.0
2026-05-11T15:16:47,3740.93,37.56,28.19,25.81,317.0,56.0
2026-05-11T15:16:48,3742.18,37.56,28.25,25.81,322.0,57.0
2026-05-11T15:16:50,3743.43,37.56,28.25,25.81,331.0,59.0
2026-05-11T15:16:51,3744.68,37.56,28.25,25.87,319.0,56.0
2026-05-11T15:16:52,3745.94,37.56,28.19,25.81,297.0,51.0
2026-05-11T15:16:53,3747.19,37.56,28.19,25.81,355.0,65.0
2026-05-11T15:16:55,3748.44,37.56,28.19,25.81,305.0,53.0
2026-05-11T15:16:56,3749.69,37.56,28.19,25.81,246.0,39.0
2026-05-11T15:16:57,3750.94,37.56,28.25,25.81,294.0,50.0
2026-05-11T15:16:58,3752.2,37.56,28.19,25.87,312.0,55.0
2026-05-11T15:17:00,3753.45,37.5,28.25,25.81,300.0,52.0
2026-05-11T15:17:01,3754.7,37.56,28.25,25.87,318.0,56.0
2026-05-11T15:17:02,3755.95,37.5,28.25,25.81,325.0,58.0
2026-05-11T15:17:03,3757.2,37.56,28.25,25.81,324.0,58.0
2026-05-11T15:17:05,3758.46,37.5,28.25,25.81,326.0,58.0
2026-05-11T15:17:06,3759.71,37.5,28.25,25.81,314.0,55.0
2026-05-11T15:17:07,3760.96,37.5,28.25,25.81,265.0,44.0
2026-05-11T15:17:08,3762.21,37.5,28.25,25.81,327.0,58.0
2026-05-11T15:17:10,3763.46,37.5,28.25,25.81,272.0,45.0
2026-05-11T15:17:11,3764.71,37.5,28.19,25.81,293.0,50.0
2026-05-11T15:17:12,3765.97,37.5,28.25,25.81,311.0,55.0
2026-05-11T15:17:13,3767.22,37.5,28.25,25.81,272.0,45.0
2026-05-11T15:17:15,3768.47,37.5,28.25,25.81,332.0,60.0
2026-05-11T15:17:16,3769.72,37.5,28.25,25.81,295.0,51.0
2026-05-11T15:17:17,3770.97,37.44,28.25,25.81,320.0,57.0
2026-05-11T15:17:18,3772.22,37.5,28.25,25.81,304.0,53.0
2026-05-11T15:17:20,3773.48,37.5,28.25,25.81,325.0,58.0
2026-05-11T15:17:21,3774.73,37.44,28.25,25.81,319.0,56.0
2026-05-11T15:17:22,3775.98,37.44,28.25,25.81,318.0,56.0
2026-05-11T15:17:23,3777.23,37.5,28.25,25.81,343.0,62.0
2026-05-11T15:17:25,3778.48,37.44,28.25,25.81,311.0,55.0
2026-05-11T15:17:26,3779.73,37.44,28.25,25.81,338.0,61.0
2026-05-11T15:17:27,3780.99,37.44,28.25,25.87,318.0,56.0
2026-05-11T15:17:28,3782.24,37.44,28.25,25.81,323.0,57.0
2026-05-11T15:17:30,3783.49,37.44,28.25,25.81,309.0,54.0
2026-05-11T15:17:31,3784.74,37.44,28.19,25.81,306.0,53.0
2026-05-11T15:17:32,3785.99,37.44,28.25,25.81,333.0,60.0
2026-05-11T15:17:33,3787.25,37.44,28.25,25.81,298.0,51.0
2026-05-11T15:17:35,3788.5,37.44,28.25,25.87,306.0,53.0
2026-05-11T15:17:36,3789.75,37.44,28.25,25.81,294.0,50.0
2026-05-11T15:17:37,3791.0,37.38,28.25,25.81,330.0,59.0
2026-05-11T15:17:38,3792.25,37.44,28.25,25.81,302.0,52.0
2026-05-11T15:17:40,3793.5,37.38,28.25,25.87,298.0,51.0
2026-05-11T15:17:41,3794.76,37.44,28.25,25.81,320.0,57.0
2026-05-11T15:17:42,3796.01,37.38,28.25,25.81,310.0,54.0
2026-05-11T15:17:43,3797.26,37.38,28.25,25.81,277.0,46.0
2026-05-11T15:17:45,3798.51,37.38,28.25,25.81,323.0,57.0
2026-05-11T15:17:46,3799.76,37.38,28.25,25.81,321.0,57.0
2026-05-11T15:17:47,3801.02,37.38,28.19,25.81,305.0,53.0
2026-05-11T15:17:48,3802.27,37.38,28.25,25.81,290.0,50.0
2026-05-11T15:17:50,3803.52,37.38,28.25,25.81,274.0,46.0
2026-05-11T15:17:51,3804.77,37.38,28.25,25.81,270.0,45.0
2026-05-11T15:17:52,3806.02,37.38,28.25,25.81,331.0,59.0
2026-05-11T15:17:53,3807.27,37.38,28.25,25.81,288.0,49.0
2026-05-11T15:17:55,3808.53,37.38,28.25,25.81,318.0,56.0
2026-05-11T15:17:56,3809.78,37.38,28.25,25.81,316.0,56.0
2026-05-11T15:17:57,3811.03,37.38,28.25,25.81,342.0,62.0
2026-05-11T15:17:58,3812.28,37.38,28.25,25.81,311.0,55.0
2026-05-11T15:18:00,3813.53,37.38,28.25,25.81,341.0,62.0
2026-05-11T15:18:01,3814.78,37.38,28.25,25.81,345.0,63.0
2026-05-11T15:18:02,3816.04,37.38,28.25,25.81,289.0,49.0
2026-05-11T15:18:03,3817.29,37.38,28.25,25.81,328.0,59.0
2026-05-11T15:18:05,3818.54,37.38,28.25,25.81,294.0,50.0
2026-05-11T15:18:06,3819.79,37.31,28.25,25.81,134.0,12.0
2026-05-11T15:18:07,3821.04,37.38,28.25,25.81,294.0,50.0
2026-05-11T15:18:08,3822.3,37.38,28.25,25.81,333.0,60.0
2026-05-11T15:18:10,3823.55,37.38,28.25,25.81,304.0,53.0
2026-05-11T15:18:11,3824.8,37.38,28.25,25.81,332.0,60.0
2026-05-11T15:18:12,3826.05,37.38,28.25,25.81,330.0,59.0
2026-05-11T15:18:13,3827.3,37.38,28.25,25.81,322.0,57.0
2026-05-11T15:18:15,3828.55,37.31,28.25,25.81,344.0,62.0
2026-05-11T15:18:16,3829.81,37.31,28.25,25.81,303.0,53.0
2026-05-11T15:18:17,3831.06,37.31,28.25,25.87,311.0,55.0
2026-05-11T15:18:18,3832.31,37.31,28.25,25.81,304.0,53.0
2026-05-11T15:18:20,3833.56,37.38,28.25,25.81,330.0,59.0
2026-05-11T15:18:21,3834.81,37.31,28.25,25.81,306.0,53.0
2026-05-11T15:18:22,3836.06,37.31,28.25,25.81,347.0,63.0
2026-05-11T15:18:23,3837.32,37.31,28.25,25.81,305.0,53.0
2026-05-11T15:18:25,3838.57,37.31,28.25,25.81,322.0,57.0
2026-05-11T15:18:26,3839.82,37.31,28.25,25.81,321.0,57.0
2026-05-11T15:18:27,3841.07,37.31,28.25,25.81,317.0,56.0
2026-05-11T15:18:28,3842.32,37.38,28.25,25.81,294.0,50.0
2026-05-11T15:18:30,3843.57,37.31,28.25,25.81,322.0,57.0
2026-05-11T15:18:31,3844.83,37.38,28.25,25.81,325.0,58.0
2026-05-11T15:18:32,3846.08,37.38,28.25,25.81,327.0,58.0
2026-05-11T15:18:33,3847.33,37.31,28.31,25.81,282.0,48.0
2026-05-11T15:18:35,3848.58,37.31,28.25,25.81,302.0,52.0
2026-05-11T15:18:36,3849.83,37.31,28.25,25.81,295.0,51.0
2026-05-11T15:18:37,3851.09,37.31,28.25,25.81,324.0,58.0
2026-05-11T15:18:38,3852.34,37.31,28.25,25.81,321.0,57.0
2026-05-11T15:18:40,3853.59,37.31,28.25,25.81,278.0,47.0
2026-05-11T15:18:41,3854.84,37.31,28.25,25.81,250.0,40.0
2026-05-11T15:18:42,3856.09,37.31,28.25,25.81,291.0,50.0
2026-05-11T15:18:43,3857.34,37.31,28.25,25.81,320.0,57.0
2026-05-11T15:18:45,3858.6,37.31,28.25,25.81,292.0,50.0
2026-05-11T15:18:46,3859.85,37.31,28.25,25.81,324.0,58.0
2026-05-11T15:18:47,3861.1,37.31,28.25,25.81,317.0,56.0
2026-05-11T15:18:48,3862.35,37.31,28.25,25.81,326.0,58.0
2026-05-11T15:18:50,3863.6,37.31,28.25,25.81,275.0,46.0
2026-05-11T15:18:51,3864.85,37.31,28.25,25.81,314.0,55.0
2026-05-11T15:18:52,3866.11,37.31,28.25,25.81,342.0,62.0
2026-05-11T15:18:54,3867.36,37.31,28.25,25.81,322.0,57.0
2026-05-11T15:18:55,3868.61,37.31,28.25,25.81,293.0,50.0
2026-05-11T15:18:56,3869.86,37.31,28.25,25.81,293.0,50.0
2026-05-11T15:18:57,3871.11,37.31,28.25,25.81,262.0,43.0
2026-05-11T15:18:59,3872.37,37.31,28.25,25.81,308.0,54.0
2026-05-11T15:19:00,3873.62,37.31,28.25,25.81,320.0,57.0
2026-05-11T15:19:01,3874.87,37.25,28.25,25.81,321.0,57.0
2026-05-11T15:19:02,3876.12,37.31,28.25,25.81,326.0,58.0
2026-05-11T15:19:04,3877.37,37.31,28.25,25.81,311.0,55.0
2026-05-11T15:19:05,3878.62,37.31,28.25,25.81,317.0,56.0
2026-05-11T15:19:06,3879.88,37.31,28.25,25.81,302.0,52.0
2026-05-11T15:19:07,3881.13,37.25,28.25,25.81,306.0,53.0
2026-05-11T15:19:09,3882.38,37.31,28.25,25.81,305.0,53.0
2026-05-11T15:19:10,3883.63,37.25,28.25,25.81,304.0,53.0
2026-05-11T15:19:11,3884.88,37.31,28.25,25.81,337.0,61.0
2026-05-11T15:19:12,3886.13,37.31,28.25,25.81,323.0,57.0
2026-05-11T15:19:14,3887.39,37.31,28.25,25.81,323.0,57.0
2026-05-11T15:19:15,3888.64,37.25,28.25,25.81,294.0,50.0
2026-05-11T15:19:16,3889.89,37.25,28.25,25.81,319.0,56.0
2026-05-11T15:19:17,3891.14,37.25,28.25,25.81,328.0,59.0
2026-05-11T15:19:19,3892.39,37.25,28.25,25.81,277.0,46.0
2026-05-11T15:19:20,3893.65,37.25,28.25,25.81,331.0,59.0
2026-05-11T15:19:21,3894.9,37.31,28.25,25.87,339.0,61.0
2026-05-11T15:19:22,3896.15,37.25,28.25,25.81,245.0,39.0
2026-05-11T15:19:24,3897.4,37.25,28.25,25.81,306.0,53.0
2026-05-11T15:19:25,3898.65,37.25,28.25,25.81,304.0,53.0
2026-05-11T15:19:26,3899.9,37.25,28.25,25.81,311.0,55.0
2026-05-11T15:19:27,3901.16,37.25,28.25,25.81,313.0,55.0
2026-05-11T15:19:29,3902.41,37.25,28.25,25.81,337.0,61.0
2026-05-11T15:19:30,3903.66,37.25,28.25,25.81,315.0,55.0
2026-05-11T15:19:31,3904.91,37.25,28.25,25.81,251.0,40.0
2026-05-11T15:19:32,3906.16,37.25,28.25,25.81,333.0,60.0
2026-05-11T15:19:34,3907.42,37.25,28.25,25.81,328.0,59.0
2026-05-11T15:19:35,3908.67,37.25,28.25,25.81,323.0,57.0
2026-05-11T15:19:36,3909.92,37.25,28.25,25.81,320.0,57.0
2026-05-11T15:19:37,3911.17,37.25,28.25,25.81,290.0,50.0
2026-05-11T15:19:39,3912.42,37.25,28.25,25.87,297.0,51.0
2026-05-11T15:19:40,3913.67,37.25,28.19,25.81,333.0,60.0
2026-05-11T15:19:41,3914.93,37.25,28.25,25.81,330.0,59.0
2026-05-11T15:19:42,3916.18,37.25,28.25,25.81,334.0,60.0
2026-05-11T15:19:44,3917.43,37.25,28.25,25.81,305.0,53.0
2026-05-11T15:19:45,3918.68,37.25,28.25,25.87,318.0,56.0
2026-05-11T15:19:46,3919.93,37.25,28.25,25.81,303.0,53.0
2026-05-11T15:19:47,3921.18,37.25,28.25,25.87,287.0,49.0
2026-05-11T15:19:49,3922.44,37.25,28.19,25.87,316.0,56.0
2026-05-11T15:19:50,3923.69,37.25,28.25,25.87,254.0,41.0
2026-05-11T15:19:51,3924.94,37.25,28.25,25.87,337.0,61.0
2026-05-11T15:19:52,3926.19,37.25,28.25,25.87,282.0,48.0
2026-05-11T15:19:54,3927.44,37.25,28.19,25.87,319.0,56.0
2026-05-11T15:19:55,3928.69,37.25,28.19,25.81,302.0,52.0
2026-05-11T15:19:56,3929.95,37.25,28.19,25.81,327.0,58.0
2026-05-11T15:19:57,3931.2,37.25,28.19,25.81,293.0,50.0
2026-05-11T15:19:59,3932.45,37.25,28.19,25.87,339.0,61.0
2026-05-11T15:20:00,3933.7,37.25,28.25,25.81,310.0,54.0
2026-05-11T15:20:01,3934.95,37.25,28.19,25.81,318.0,56.0
2026-05-11T15:20:02,3936.21,37.25,28.19,25.81,273.0,45.0
2026-05-11T15:20:04,3937.46,37.25,28.19,25.87,280.0,47.0
2026-05-11T15:20:05,3938.71,37.25,28.19,25.87,291.0,50.0
2026-05-11T15:20:06,3939.96,37.25,28.19,25.87,351.0,64.0
2026-05-11T15:20:07,3941.21,37.25,28.19,25.87,308.0,54.0
2026-05-11T15:20:09,3942.46,37.25,28.19,25.87,323.0,57.0
2026-05-11T15:20:10,3943.72,37.25,28.19,25.87,309.0,54.0
2026-05-11T15:20:11,3944.97,37.25,28.19,25.87,333.0,60.0
2026-05-11T15:20:12,3946.22,37.25,28.19,25.87,332.0,60.0
2026-05-11T15:20:14,3947.47,37.25,28.25,25.87,313.0,55.0
2026-05-11T15:20:15,3948.72,37.25,28.19,25.87,313.0,55.0
2026-05-11T15:20:16,3949.98,37.25,28.19,25.87,295.0,51.0
2026-05-11T15:20:17,3951.23,37.25,28.19,25.87,346.0,63.0
2026-05-11T15:20:19,3952.48,37.25,28.25,25.87,346.0,63.0
2026-05-11T15:20:20,3953.73,37.25,28.25,25.87,327.0,58.0
2026-05-11T15:20:21,3954.98,37.25,28.19,25.87,293.0,50.0
2026-05-11T15:20:22,3956.23,37.25,28.19,25.87,318.0,56.0
2026-05-11T15:20:24,3957.49,37.25,28.25,25.87,332.0,60.0
2026-05-11T15:20:25,3958.74,37.25,28.25,25.87,242.0,38.0
2026-05-11T15:20:26,3959.99,37.25,28.25,25.87,301.0,52.0
2026-05-11T15:20:27,3961.24,37.25,28.25,25.87,303.0,53.0
2026-05-11T15:20:29,3962.49,37.19,28.25,25.87,307.0,54.0
2026-05-11T15:20:30,3963.74,37.25,28.25,25.87,324.0,58.0
2026-05-11T15:20:31,3965.0,37.25,28.25,25.87,303.0,53.0
2026-05-11T15:20:32,3966.25,37.19,28.25,25.87,323.0,57.0
2026-05-11T15:20:34,3967.5,37.25,28.25,25.87,331.0,59.0
2026-05-11T15:20:35,3968.75,37.19,28.25,25.87,309.0,54.0
2026-05-11T15:20:36,3970.0,37.25,28.25,25.87,320.0,57.0
2026-05-11T15:20:37,3971.25,37.19,28.25,25.87,323.0,57.0
2026-05-11T15:20:39,3972.51,37.25,28.25,25.87,335.0,60.0
2026-05-11T15:20:40,3973.76,37.19,28.25,25.87,337.0,61.0
2026-05-11T15:20:41,3975.01,37.19,28.25,25.87,338.0,61.0
2026-05-11T15:20:42,3976.26,37.25,28.25,25.87,315.0,55.0
2026-05-11T15:20:44,3977.51,37.19,28.25,25.87,324.0,58.0
2026-05-11T15:20:45,3978.77,37.19,28.25,25.87,318.0,56.0
2026-05-11T15:20:46,3980.02,37.19,28.25,25.87,314.0,55.0
2026-05-11T15:20:47,3981.27,37.25,28.25,25.87,321.0,57.0
2026-05-11T15:20:49,3982.52,37.19,28.25,25.87,326.0,58.0
2026-05-11T15:20:50,3983.77,37.19,28.25,25.87,285.0,48.0
2026-05-11T15:20:51,3985.02,37.25,28.25,25.87,322.0,57.0
2026-05-11T15:20:52,3986.28,37.19,28.25,25.87,308.0,54.0
2026-05-11T15:20:54,3987.53,37.19,28.25,25.87,311.0,55.0
2026-05-11T15:20:55,3988.78,37.25,28.25,25.87,314.0,55.0
2026-05-11T15:20:56,3990.03,37.19,28.25,25.87,313.0,55.0
2026-05-11T15:20:57,3991.28,37.25,28.25,25.87,297.0,51.0
2026-05-11T15:20:59,3992.54,37.19,28.25,25.87,297.0,51.0
2026-05-11T15:21:00,3993.79,37.19,28.25,25.87,283.0,48.0
2026-05-11T15:21:01,3995.04,37.25,28.25,25.87,260.0,42.0
2026-05-11T15:21:02,3996.29,37.19,28.25,25.87,299.0,52.0
2026-05-11T15:21:04,3997.54,37.19,28.31,25.87,317.0,56.0
2026-05-11T15:21:05,3998.79,37.19,28.31,25.87,295.0,51.0
2026-05-11T15:21:06,4000.05,37.19,28.25,25.87,316.0,56.0
2026-05-11T15:21:07,4001.3,37.19,28.25,25.87,287.0,49.0
2026-05-11T15:21:09,4002.55,37.19,28.31,25.87,284.0,48.0
2026-05-11T15:21:10,4003.8,37.19,28.31,25.87,311.0,55.0
2026-05-11T15:21:11,4005.05,37.19,28.31,25.87,328.0,59.0
2026-05-11T15:21:12,4006.3,37.19,28.25,25.87,292.0,50.0
2026-05-11T15:21:14,4007.56,37.19,28.25,25.87,318.0,56.0
2026-05-11T15:21:15,4008.81,37.19,28.25,25.87,306.0,53.0
2026-05-11T15:21:16,4010.06,37.19,28.25,25.87,334.0,60.0
2026-05-11T15:21:17,4011.31,37.19,28.25,25.87,296.0,51.0
2026-05-11T15:21:19,4012.56,37.19,28.25,25.87,333.0,60.0
2026-05-11T15:21:20,4013.81,37.19,28.31,25.87,317.0,56.0
2026-05-11T15:21:21,4015.07,37.19,28.31,25.87,285.0,48.0
2026-05-11T15:21:22,4016.32,37.19,28.25,25.87,329.0,59.0
2026-05-11T15:21:24,4017.57,37.19,28.25,25.87,329.0,59.0
2026-05-11T15:21:25,4018.82,37.19,28.25,25.87,298.0,51.0
2026-05-11T15:21:26,4020.07,37.19,28.25,25.87,329.0,59.0
2026-05-11T15:21:27,4021.33,37.19,28.31,25.87,312.0,55.0
2026-05-11T15:21:29,4022.58,37.19,28.31,25.87,319.0,56.0
2026-05-11T15:21:30,4023.83,37.19,28.31,25.87,315.0,55.0
2026-05-11T15:21:31,4025.08,37.19,28.31,25.87,318.0,56.0
2026-05-11T15:21:32,4026.33,37.19,28.31,25.87,315.0,55.0
2026-05-11T15:21:34,4027.58,37.19,28.31,25.87,300.0,52.0
2026-05-11T15:21:35,4028.84,37.19,28.31,25.87,327.0,58.0
2026-05-11T15:21:36,4030.09,37.19,28.25,25.87,305.0,53.0
2026-05-11T15:21:37,4031.34,37.19,28.31,25.87,314.0,55.0
2026-05-11T15:21:39,4032.59,37.19,28.31,25.87,241.0,38.0
2026-05-11T15:21:40,4033.84,37.19,28.31,25.87,333.0,60.0
2026-05-11T15:21:41,4035.09,37.19,28.31,25.87,283.0,48.0
2026-05-11T15:21:42,4036.35,37.19,28.25,25.87,313.0,55.0
2026-05-11T15:21:44,4037.6,37.19,28.31,25.87,290.0,50.0
2026-05-11T15:21:45,4038.85,37.13,28.31,25.87,333.0,60.0
2026-05-11T15:21:46,4040.1,37.19,28.31,25.87,333.0,60.0
2026-05-11T15:21:47,4041.35,37.19,28.25,25.87,320.0,57.0
2026-05-11T15:21:49,4042.61,37.19,28.31,25.87,321.0,57.0
2026-05-11T15:21:50,4043.86,37.19,28.31,25.87,324.0,58.0
2026-05-11T15:21:51,4045.11,37.19,28.31,25.87,324.0,58.0
2026-05-11T15:21:53,4046.36,37.13,28.31,25.87,296.0,51.0
2026-05-11T15:21:54,4047.61,37.13,28.31,25.87,312.0,55.0
2026-05-11T15:21:55,4048.86,37.19,28.31,25.87,345.0,63.0
2026-05-11T15:21:56,4050.12,37.13,28.31,25.87,328.0,59.0
2026-05-11T15:21:58,4051.37,37.13,28.25,25.87,335.0,60.0
2026-05-11T15:21:59,4052.62,37.13,28.31,25.87,341.0,62.0
2026-05-11T15:22:00,4053.87,37.13,28.31,25.87,306.0,53.0
2026-05-11T15:22:01,4055.12,37.19,28.31,25.87,313.0,55.0
2026-05-11T15:22:03,4056.37,37.13,28.31,25.87,332.0,60.0
2026-05-11T15:22:04,4057.63,37.19,28.31,25.87,274.0,46.0
2026-05-11T15:22:05,4058.88,37.13,28.31,25.87,300.0,52.0
2026-05-11T15:22:06,4060.13,37.13,28.31,25.87,311.0,55.0
2026-05-11T15:22:08,4061.38,37.13,28.31,25.87,334.0,60.0
2026-05-11T15:22:09,4062.63,37.13,28.31,25.87,275.0,46.0
2026-05-11T15:22:10,4063.89,37.13,28.31,25.87,327.0,58.0
2026-05-11T15:22:11,4065.14,37.06,28.31,25.87,307.0,54.0
2026-05-11T15:22:13,4066.39,37.13,28.31,25.87,311.0,55.0
2026-05-11T15:22:14,4067.64,37.13,28.31,25.87,332.0,60.0
2026-05-11T15:22:15,4068.89,37.13,28.31,25.87,320.0,57.0
2026-05-11T15:22:16,4070.14,37.13,28.31,25.87,273.0,45.0
2026-05-11T15:22:18,4071.4,37.13,28.31,25.87,299.0,52.0
2026-05-11T15:22:19,4072.65,37.13,28.31,25.87,333.0,60.0
2026-05-11T15:22:20,4073.9,37.13,28.31,25.81,303.0,53.0
2026-05-11T15:22:21,4075.15,37.13,28.31,25.87,310.0,54.0
2026-05-11T15:22:23,4076.4,37.13,28.31,25.87,329.0,59.0
2026-05-11T15:22:24,4077.66,37.13,28.31,25.87,322.0,57.0
2026-05-11T15:22:25,4078.91,37.13,28.31,25.87,321.0,57.0
2026-05-11T15:22:26,4080.16,37.13,28.31,25.87,306.0,53.0
2026-05-11T15:22:28,4081.41,37.13,28.31,25.87,310.0,54.0
2026-05-11T15:22:29,4082.66,37.13,28.31,25.87,284.0,48.0
2026-05-11T15:22:30,4083.91,37.06,28.31,25.87,315.0,55.0
2026-05-11T15:22:31,4085.17,37.06,28.31,25.87,324.0,58.0
2026-05-11T15:22:33,4086.42,37.13,28.31,25.87,290.0,50.0
2026-05-11T15:22:34,4087.67,37.13,28.31,25.87,295.0,51.0
2026-05-11T15:22:35,4088.92,37.13,28.31,25.87,303.0,53.0
2026-05-11T15:22:36,4090.17,37.06,28.31,25.87,315.0,55.0
2026-05-11T15:22:38,4091.42,37.06,28.31,25.87,311.0,55.0
2026-05-11T15:22:39,4092.68,37.06,28.31,25.87,323.0,57.0
2026-05-11T15:22:40,4093.93,37.06,28.31,25.87,276.0,46.0
2026-05-11T15:22:41,4095.18,37.06,28.31,25.87,341.0,62.0
2026-05-11T15:22:43,4096.43,37.06,28.31,25.87,325.0,58.0
2026-05-11T15:22:44,4097.68,37.06,28.31,25.87,351.0,64.0
2026-05-11T15:22:45,4098.94,37.06,28.31,25.87,311.0,55.0
2026-05-11T15:22:46,4100.19,37.13,28.31,25.87,287.0,49.0
2026-05-11T15:22:48,4101.44,37.06,28.31,25.87,310.0,54.0
2026-05-11T15:22:49,4102.69,37.06,28.31,25.87,325.0,58.0
2026-05-11T15:22:50,4103.94,37.06,28.31,25.87,292.0,50.0
2026-05-11T15:22:51,4105.19,37.13,28.31,25.87,305.0,53.0
2026-05-11T15:22:53,4106.45,37.06,28.31,25.87,332.0,60.0
2026-05-11T15:22:54,4107.7,37.06,28.31,25.87,336.0,60.0
2026-05-11T15:22:55,4108.95,37.13,28.31,25.87,326.0,58.0
2026-05-11T15:22:56,4110.2,37.06,28.31,25.87,276.0,46.0
2026-05-11T15:22:58,4111.45,37.06,28.31,25.87,300.0,52.0
2026-05-11T15:22:59,4112.7,37.13,28.31,25.87,277.0,46.0
2026-05-11T15:23:00,4113.96,37.06,28.31,25.87,333.0,60.0
2026-05-11T15:23:01,4115.21,37.06,28.31,25.87,273.0,45.0
2026-05-11T15:23:03,4116.46,37.13,28.31,25.87,296.0,51.0
2026-05-11T15:23:04,4117.71,37.13,28.31,25.87,307.0,54.0
2026-05-11T15:23:05,4118.96,37.06,28.31,25.87,323.0,57.0
2026-05-11T15:23:06,4120.21,37.06,28.31,25.87,310.0,54.0
2026-05-11T15:23:08,4121.47,37.06,28.31,25.87,302.0,52.0
2026-05-11T15:23:09,4122.72,37.13,28.31,25.87,297.0,51.0
2026-05-11T15:23:10,4123.97,37.06,28.31,25.87,298.0,51.0
2026-05-11T15:23:11,4125.22,37.06,28.37,25.87,298.0,51.0
2026-05-11T15:23:13,4126.47,37.06,28.31,25.87,311.0,55.0
2026-05-11T15:23:14,4127.73,37.06,28.31,25.87,349.0,64.0
2026-05-11T15:23:15,4128.98,37.13,28.31,25.87,305.0,53.0
2026-05-11T15:23:16,4130.23,37.06,28.31,25.87,307.0,54.0
2026-05-11T15:23:18,4131.48,37.06,28.31,25.87,308.0,54.0
2026-05-11T15:23:19,4132.73,37.06,28.31,25.87,298.0,51.0
2026-05-11T15:23:20,4133.98,37.06,28.31,25.87,321.0,57.0
2026-05-11T15:23:21,4135.24,37.06,28.31,25.87,302.0,52.0
2026-05-11T15:23:23,4136.49,37.06,28.31,25.87,315.0,55.0
2026-05-11T15:23:24,4137.74,37.06,28.31,25.87,299.0,52.0
2026-05-11T15:23:25,4138.99,37.06,28.31,25.87,284.0,48.0
2026-05-11T15:23:26,4140.24,37.06,28.25,25.87,347.0,63.0
2026-05-11T15:23:28,4141.49,37.06,28.31,25.87,303.0,53.0
2026-05-11T15:23:29,4142.75,37.13,28.31,25.87,302.0,52.0
2026-05-11T15:23:30,4144.0,37.06,28.31,25.87,331.0,59.0
2026-05-11T15:23:31,4145.25,37.06,28.31,25.87,317.0,56.0
2026-05-11T15:23:33,4146.5,37.06,28.25,25.87,332.0,60.0
2026-05-11T15:23:34,4147.75,37.06,28.25,25.87,335.0,60.0
2026-05-11T15:23:35,4149.01,37.06,28.25,25.94,340.0,61.0
2026-05-11T15:23:36,4150.26,37.06,28.25,25.87,335.0,60.0
2026-05-11T15:23:38,4151.51,37.06,28.25,25.87,297.0,51.0
2026-05-11T15:23:39,4152.76,37.06,28.25,25.87,309.0,54.0
2026-05-11T15:23:40,4154.01,37.06,28.25,25.87,338.0,61.0
2026-05-11T15:23:41,4155.26,37.13,28.25,25.87,266.0,44.0
2026-05-11T15:23:43,4156.52,37.06,28.25,25.87,330.0,59.0
2026-05-11T15:23:44,4157.77,37.13,28.25,25.94,327.0,58.0
2026-05-11T15:23:45,4159.02,37.06,28.25,25.87,343.0,62.0
2026-05-11T15:23:46,4160.27,37.06,28.19,25.87,338.0,61.0
2026-05-11T15:23:48,4161.52,37.06,28.25,25.87,324.0,58.0
2026-05-11T15:23:49,4162.77,37.06,28.25,25.87,315.0,55.0
2026-05-11T15:23:50,4164.03,37.13,28.25,25.87,304.0,53.0
2026-05-11T15:23:51,4165.28,37.13,28.25,25.87,294.0,50.0
2026-05-11T15:23:53,4166.53,37.06,28.25,25.87,300.0,52.0
2026-05-11T15:23:54,4167.78,37.06,28.25,25.87,307.0,54.0
2026-05-11T15:23:55,4169.03,37.06,28.25,25.87,319.0,56.0
2026-05-11T15:23:56,4170.29,37.06,28.25,25.87,332.0,60.0
2026-05-11T15:23:58,4171.54,37.06,28.25,25.87,300.0,52.0
2026-05-11T15:23:59,4172.79,37.06,28.25,25.87,289.0,49.0
2026-05-11T15:24:00,4174.04,37.06,28.25,25.87,313.0,55.0
2026-05-11T15:24:01,4175.29,37.06,28.25,25.94,281.0,47.0
2026-05-11T15:24:03,4176.54,37.06,28.25,25.87,304.0,53.0
2026-05-11T15:24:04,4177.8,37.06,28.25,25.94,323.0,57.0
2026-05-11T15:24:05,4179.05,37.06,28.25,25.87,315.0,55.0
2026-05-11T15:24:06,4180.3,37.13,28.25,25.87,269.0,45.0
2026-05-11T15:24:08,4181.55,37.06,28.25,25.87,281.0,47.0
2026-05-11T15:24:09,4182.8,37.06,28.31,25.87,290.0,50.0
2026-05-11T15:24:10,4184.05,37.06,28.31,25.87,250.0,40.0
2026-05-11T15:24:11,4185.31,37.06,28.25,25.87,329.0,59.0
2026-05-11T15:24:13,4186.56,37.06,28.25,25.87,339.0,61.0
2026-05-11T15:24:14,4187.81,37.06,28.31,25.87,308.0,54.0
2026-05-11T15:24:15,4189.06,37.06,28.31,25.87,314.0,55.0
2026-05-11T15:24:16,4190.31,37.06,28.31,25.87,310.0,54.0
2026-05-11T15:24:18,4191.56,37.06,28.31,25.87,303.0,53.0
2026-05-11T15:24:19,4192.82,37.13,28.31,25.87,310.0,54.0
2026-05-11T15:24:20,4194.07,37.06,28.31,25.87,307.0,54.0
2026-05-11T15:24:21,4195.32,37.06,28.31,25.87,324.0,58.0
2026-05-11T15:24:23,4196.57,37.06,28.31,25.87,338.0,61.0
2026-05-11T15:24:24,4197.82,37.06,28.31,25.87,297.0,51.0
2026-05-11T15:24:25,4199.08,37.0,28.31,25.87,334.0,60.0
2026-05-11T15:24:26,4200.33,37.06,28.31,25.87,260.0,42.0
2026-05-11T15:24:28,4201.58,37.0,28.31,25.87,304.0,53.0
2026-05-11T15:24:29,4202.83,37.0,28.31,25.94,321.0,57.0
2026-05-11T15:24:30,4204.08,37.06,28.31,25.94,320.0,57.0
2026-05-11T15:24:31,4205.33,37.06,28.31,25.94,327.0,58.0
2026-05-11T15:24:33,4206.59,37.06,28.31,25.94,270.0,45.0
2026-05-11T15:24:34,4207.84,37.06,28.31,25.94,297.0,51.0
2026-05-11T15:24:35,4209.09,37.06,28.31,25.87,270.0,45.0
2026-05-11T15:24:36,4210.34,37.06,28.31,25.87,340.0,61.0
2026-05-11T15:24:38,4211.59,37.0,28.31,25.87,323.0,57.0
2026-05-11T15:24:39,4212.85,37.0,28.31,25.94,279.0,47.0
2026-05-11T15:24:40,4214.1,37.0,28.31,25.87,275.0,46.0
2026-05-11T15:24:41,4215.35,37.0,28.31,25.94,300.0,52.0
2026-05-11T15:24:43,4216.6,37.0,28.31,25.87,338.0,61.0
2026-05-11T15:24:44,4217.85,37.0,28.31,25.94,322.0,57.0
2026-05-11T15:24:45,4219.1,37.0,28.31,25.94,334.0,60.0
2026-05-11T15:24:46,4220.36,37.0,28.31,25.87,317.0,56.0
2026-05-11T15:24:48,4221.61,37.0,28.31,25.94,331.0,59.0
2026-05-11T15:24:49,4222.86,37.0,28.31,25.94,299.0,52.0
2026-05-11T15:24:50,4224.11,37.0,28.31,25.87,307.0,54.0
2026-05-11T15:24:52,4225.36,37.0,28.31,25.94,317.0,56.0
2026-05-11T15:24:53,4226.61,37.0,28.31,25.87,299.0,52.0
2026-05-11T15:24:54,4227.87,37.0,28.31,25.94,322.0,57.0
2026-05-11T15:24:55,4229.12,37.0,28.31,25.87,315.0,55.0
2026-05-11T15:24:57,4230.37,37.0,28.31,25.94,332.0,60.0
2026-05-11T15:24:58,4231.62,37.0,28.31,25.87,333.0,60.0
